pair_id,is_match,ems_person_id,ehr_person_id,ems_record_id,ems_patient_identifier_mrn,ems_first_name,ems_middle_name,ems_last_name,ems_suffix,ems_previous_name,ems_date_of_birth,ems_birth_sex,ems_race,ems_ethnicity,ems_address,ems_phone_number,ems_email_address,ems_destination_hospital,ems_incident_timestamp,ehr_record_id,ehr_patient_identifier_mrn,ehr_first_name,ehr_middle_name,ehr_last_name,ehr_suffix,ehr_previous_name,ehr_date_of_birth,ehr_birth_sex,ehr_race,ehr_ethnicity,ehr_address,ehr_phone_number,ehr_email_address,ehr_admit_timestamp,tier1_deterministic_match,first_name_similarity,last_name_similarity,dob_similarity,dob_match_type,address_similarity,ems_last_name_soundex,ehr_last_name_soundex,ems_last_name_nysiis,ehr_last_name_nysiis,last_name_soundex_match,last_name_nysiis_match,first_name_similarity_raw,first_name_similarity_normalized,last_name_similarity_raw,last_name_similarity_normalized,address_similarity_raw,address_similarity_normalized,phone_number_similarity_raw,phone_number_similarity_normalized
P00361,0,person_00361a,person_00361b,EMS000361,,John,Leonard,Potter,,,1960-08-08,Male,,Not Hispanic or Latino,"PSC 0245, Box 3012, APO AE 96801",001-484-272-3034,,"Hernandez, Wagner and Velazquez Hospital",2024-12-20 17:47:56.769131,EHR000361,MRN200111,Robert,Robert,Lowery,,,1932-03-20,Male,Two or More Races,Not Hispanic or Latino,"24050 Olsen Stravenue, Hendricksview, TN 72127",217.875.4619x924,danielle38@example.com,2026-01-07 04:27:47.257455,0,0.4722222222222221,0.6666666666666666,0.0,no_match,0.3076923076923077,P360,L600,PATAR,LAOARY,0,0,0.4722222222222221,0.4722222222222221,0.6666666666666666,0.6666666666666666,0.28205128205128205,0.32432432432432434,0.5277777777777778,0.5854700854700855
P00073,1,person_00073,person_00073,EMS000073,,Dorotthy,Angela,Anthony,,,1959-12-15,Female,Unknown,Unknown,"418 Lopez Light Suite 270, Scottview, IN 35701",001-502-211-5869,,Armstrong-Young Hospital,2026-01-14 01:46:46.712924,EHR000073,MRN100073,Dorothy,Angela,Anthony,,,1959-12-15,Female,White,Hispanic or Latino,"418 Lopez Light Suite 270, Scottview, IN 35701",001-502-211-5869,acardenas@example.net,2026-01-14 02:36:46.712924,0,0.975,1.0,1.0,exact,1.0,A535,A535,ANTANY,ANTANY,1,1,0.975,0.975,1.0,1.0,1.0,1.0,1.0,1.0
P00374,0,person_00374a,person_00374b,EMS000374,MRN300124,Julie,N.,Mack,,,1994-03-18,Female,White,Not Hispanic or Latino,"11939 Alex Walks Apt. 974, Lake Michelle, MI 16395",360.290.8581,,Roberts-Long Hospital,2026-03-30 03:46:26.456588,EHR000374,MRN200124,Miguel,Daniel,Jones,,,1963-04-09,Male,White,Hispanic or Latino,"66271 Hannah Pass Suite 933, Johnton, VT 01433",+1-858-556-1547x3156,wcarroll@example.com,2024-11-22 16:39:31.990822,0,0.5888888888888889,0.0,0.0,no_match,0.35416666666666663,M200,J520,MC,JAN,0,0,0.5888888888888889,0.5888888888888889,0.0,0.0,0.33333333333333337,0.37777777777777777,0.4222222222222223,0.47777777777777763
P00155,1,person_00155,person_00155,EMS000155,,Emily,,Burnett,,,1991-11-19,Female,Black or African American,Hispanic or Latino,,300.327.2063x459,,"Jennings, Sparks and Flores Hospital",2026-03-10 15:50:11.905618,EHR000155,MRN100155,Emily,,Burnett,,,1991-11-19,Female,Black or African American,Hispanic or Latino,"77656 Madison Square Suite 815, Guzmanside, WA 43331",300.327.2063x459,,2026-03-10 17:11:11.905618,0,1.0,1.0,1.0,exact,,B653,B653,BARNAT,BARNAT,1,1,1.0,1.0,1.0,1.0,,,1.0,1.0
P00104,1,person_00104,person_00104,EMS000104,,Joseph,,Vasquez,,,2002-06-07,Male,White,Not Hispanic or Latino,"9308 Lopez Points Suite 632, Claytonbury, KS 10883",(338)994-4846x31224,,Hernandez PLC Hospital,2025-01-14 08:40:07.723897,EHR000104,MRN100104,Joseph,Michael,Vasquez,Sr.,,2002-06-07,Male,White,Not Hispanic or Latino,"9308 Lopez Points Suite 632, Claytonbury, KS 10883",(338)994-4846x31224,nnelson@example.com,2025-01-14 09:11:07.723897,0,1.0,1.0,1.0,exact,1.0,V220,V220,VASG,VASG,1,1,1.0,1.0,1.0,1.0,1.0,1.0,1.0,1.0
P00394,0,person_00394a,person_00394b,EMS000394,,Kimberly,,Roberts,,,1971-10-28,Female,White,Unknown,"858 Maria Plains Apt. 567, South Kristina, AK 97449",846.472.9254x35519,,"Ward, Lee and Jones Hospital",2026-04-27 01:04:49.584284,EHR000394,MRN200144,Nicole,Kim,Gomez,,Nicole Flynn,2019-05-17,Female,White,Not Hispanic or Latino,"2863 Gilmore Rue Apt. 122, West Christopher, OK 75657",(290)409-6627,,2024-10-07 14:51:45.758272,0,0.5138888888888888,0.5619047619047619,0.0,no_match,0.4423076923076923,R163,G520,RABART,GAN,0,0,0.5138888888888888,0.5138888888888888,0.5619047619047619,0.5619047619047619,0.42307692307692313,0.4040404040404041,0.43162393162393164,0.5
P00377,0,person_00377a,person_00377b,EMS000377,,Dillon,,Moore,,,1965-12-05,Male,Black or African American,Not Hispanic or Latino,"97941 Douglas Harbor, Johnsonside, NJ 20295",001-464-696-3225x1742,,"Edwards, Brown and Simpson Hospital",2024-09-06 11:20:09.052720,EHR000377,MRN200127,Megan,,Jackson,,,1940-02-17,Female,White,Not Hispanic or Latino,"34686 Grace Forge, South Alexanderside, MO 59306",001-320-720-0953x662,robertstephens@example.org,2025-08-04 17:53:50.394242,0,0.4555555555555555,0.0,0.0,no_match,0.3076923076923077,M600,J250,MAR,JACSAN,0,0,0.4555555555555555,0.4555555555555555,0.0,0.0,0.2857142857142857,0.29885057471264365,0.8395238095238096,0.6872771836007129
P00124,1,person_00124,person_00124,EMS000124,,Ruth,,oRbles,,,,Female,White,Hispanic or Latino,"769 Allen Gardens Apt. 761, Jaredshire, NE 57563",001-958-732-1971,,Jennings PLC Hospital,2024-10-20 00:45:43.511793,EHR000124,MRN100124,Ruth,,Robles,,,1961-08-14,Female,Unknown,Hispanic or Latino,"769 Allen Gardens Apt. 761, Jaredshire, NE 57563",001-958-732-1971,shortgregory@example.com,2024-10-20 01:58:43.511793,0,1.0,0.9444444444444445,,missing,1.0,O614,R142,ORBL,RABL,0,0,1.0,1.0,0.9444444444444445,0.9444444444444445,1.0,1.0,1.0,1.0
P00068,1,person_00068,person_00068,EMS000068,,Carls,,Colon,,,1966-01-09,Male,White,Unknown,"941 Wendy Flat, Lambland, MH 43957",207-802-9667,,Stephenson-Johnson Hospital,2025-03-19 01:16:58.179822,EHR000068,MRN100068,Carlos,,Colon,,,1966-01-09,Male,White,Hispanic or Latino,"941 Wendy Flat, Lambland, MH 43957",207-802-9667,nthompson@example.org,2025-03-19 01:54:58.179822,0,0.9666666666666667,1.0,1.0,exact,1.0,C450,C450,CALAN,CALAN,1,1,0.9666666666666667,0.9666666666666667,1.0,1.0,1.0,1.0,1.0,1.0
P00450,0,person_00450a,person_00450b,EMS000450,,Samuel,Dale,Evans,,,1989-02-02,Male,White,Hispanic or Latino,"29771 Malik Lodge, Lake Brenda, TX 61803",+1-326-251-7328x162,,Little-Gilmore Hospital,2026-06-09 03:50:44.230835,EHR000450,MRN200200,Brooke,Linda,Sanchez,,,1984-07-18,Female,White,Unknown,"3767 Kendra Knolls Apt. 987, Smithport, MI 78470",001-491-853-0445x0020,annpeters@example.org,2026-02-25 05:29:29.500436,0,0.4444444444444444,0.5619047619047619,0.0,no_match,0.40909090909090906,E152,S522,EVAN,SANC,0,0,0.4444444444444444,0.4444444444444444,0.5619047619047619,0.5619047619047619,0.34090909090909094,0.43373493975903604,0.5675020885547201,0.48272642390289455
P00009,1,person_00009,person_00009,EMS000009,,Elizabeh,,Fisher,,,2019-12-30,Female,White,Not Hispanic or Latino,"946 Kevin Fords, Floydmouth, NH 58406",638.572.1489x513,,Gibson Ltd Hospital,2025-11-19 16:59:46.783094,EHR000009,MRN100009,Elizabeth,Bethany,Fisher,,,2019-12-30,Female,White,Not Hispanic or Latino,"946 Kevin Fords, Floydmouth, NH 58406",638.572.1489x513,,2025-11-19 17:58:46.783094,0,0.9777777777777777,1.0,1.0,exact,1.0,F260,F260,FASAR,FASAR,1,1,0.9777777777777777,0.9777777777777777,1.0,1.0,1.0,1.0,1.0,1.0
P00194,1,person_00194,person_00194,EMS000194,,Ryan,J.,Bryant,,,1944-07-08,Male,White,,,001-460-252-3302x764,,Robinson Ltd Hospital,2026-08-23 14:08:57.842555,EHR000194,MRN100194,Ryan,Jonathan,Bryant,,Ryan Guzman,1944-07-08,Male,White,Hispanic or Latino,"548 Joshua Vista, Welchborough, NM 38707",001-460-252-3302x764,,2026-08-23 15:20:57.842555,0,1.0,1.0,1.0,exact,,B653,B653,BRYAD,BRYAD,1,1,1.0,1.0,1.0,1.0,,,1.0,1.0
P00406,0,person_00406a,person_00406b,EMS000406,,Samantha,,Spencer,,,1995-09-09,Female,White,Not Hispanic or Latino,"788 Edward Islands, New Heidi, CO 50588",969-633-3562x3039,,"Chambers, Moore and Smith Hospital",2025-04-02 20:56:31.624779,EHR000406,MRN200156,Pamela,,Pittman,,,1976-12-17,Female,Native Hawaiian or Other Pacific Islander,Hispanic or Latino,"92019 Amber Stream Suite 311, Lake Melissa, FL 51592",(511)458-4858x0526,rodriguezdiana@example.org,2025-07-28 10:09:09.364676,0,0.625,0.4285714285714286,0.0,no_match,0.3296703296703297,S152,P355,SPANCAR,PATNAN,0,0,0.625,0.625,0.0,0.4285714285714286,0.3076923076923077,0.3294117647058824,0.3954248366013071,0.44047619047619047
P00084,1,person_00084,person_00084,EMS000084,,Mason,J.,Young,,,1974-04-11,Male,Unknown,Unknown,"77517 Curtis Loop Apt. 880, Port Cassandraport, FM 67129",+1-937-755-0375,,Kelly-Schultz Hospital,2025-02-08 03:59:53.880491,EHR000084,MRN100084,Mason,Jamie,Young,,,1974-04-11,Male,Unknown,Not Hispanic or Latino,"77517 Curtis Loop Apt. 880, Port Cassandraport, FM 67129",+1-937-755-0375,wwilson@example.net,2025-02-08 04:37:53.880491,0,1.0,1.0,1.0,exact,1.0,Y520,Y520,YANG,YANG,1,1,1.0,1.0,1.0,1.0,1.0,1.0,1.0,1.0
P00371,0,person_00371a,person_00371b,EMS000371,MRN300121,Jonathan,,Burns,,,1989-01-30,Male,Unknown,,"0805 Greene Green, Gibsonview, NJ 30689",001-653-952-4784x17159,,Decker-Lewis Hospital,2025-07-21 08:56:49.828189,EHR000371,MRN200121,Dalton,Gavin,Freeman,,,1981-06-03,Male,White,Not Hispanic or Latino,"361 Haley Garden, South Sharon, NY 62686",882.481.5278x73048,,2025-04-10 12:20:18.251733,0,0.5555555555555555,0.4476190476190476,0.0,no_match,0.3544303797468354,B652,F655,BARN,FRANAN,0,0,0.5555555555555555,0.5555555555555555,0.4476190476190476,0.4476190476190476,0.3291139240506329,0.34666666666666673,0.5367003367003367,0.5518518518518519
P00388,0,person_00388a,person_00388b,EMS000388,,Teresa,,Powers,,,1945-12-07,Female,Two or More Races,,"44654 Mejia Mountain, North Michael, NV 13837",6739087156,,"Martinez, Barry and Reynolds Hospital",2025-07-01 05:03:10.675575,EHR000388,MRN200138,Brent,Evan,Irwin,,Brent Moreno,2004-05-30,Male,White,Not Hispanic or Latino,"48572 Williams Port Apt. 546, Zavalamouth, HI 73246",340.576.6420x76327,jared86@example.com,2024-12-09 06:09:03.134845,0,0.4111111111111112,0.4555555555555555,0.0,no_match,0.375,P620,I650,PAOAR,IRWAN,0,0,0.4111111111111112,0.4111111111111112,0.4555555555555555,0.4555555555555555,0.33333333333333337,0.39130434782608686,0.5534391534391534,0.5793650793650793
P00495,0,person_00495a,person_00495b,EMS000495,,Holly,Kristin,Garcia,,,2013-07-27,Female,Asian,Not Hispanic or Latino,"211 Taylor Burg Suite 989, West Karen, MO 40118",,,"Gallagher, Schmidt and Turner Hospital",2026-02-21 15:25:35.329437,EHR000495,MRN200245,Joshua,James,Mckay,Sr.,,1986-01-24,Male,Black or African American,Not Hispanic or Latino,"90509 Pedro Center Apt. 011, North Lisachester, CA 54932",397-438-4498,,2025-09-08 04:27:49.680445,0,0.4555555555555555,0.4111111111111112,0.0,no_match,0.4077669902912622,G620,M200,GARC,MCY,0,0,0.4555555555555555,0.4555555555555555,0.4111111111111112,0.4111111111111112,0.38834951456310685,0.4285714285714286,,
P00030,1,person_00030,person_00030,EMS000030,,Lindsey,Paige,Rios,,,1946-06-28,Female,Two or More Races,Not Hispanic or Latino,"9979 Lin Road Suite 271, Ramosport, WY 36503",,,Carpenter-Best Hospital,2025-09-04 14:06:14.491408,EHR000030,MRN100030,Lindsey,Paige,Rios,,,1947-06-28,Female,Two or More Races,Not Hispanic or Latino,"9979 Lin Road Suite 271, Ramosport, WY 36503",001-205-781-4770,chase19@example.net,2025-09-04 15:36:14.491408,0,1.0,1.0,0.7,month_day_match_year_differs,1.0,R200,R200,R,R,1,1,1.0,1.0,1.0,1.0,1.0,1.0,,
P00316,0,person_00316a,person_00316b,EMS000316,,Phillip,,Compton,,,1933-07-24,Male,Black or African American,Not Hispanic or Latino,,+1-804-705-6129,,"Nelson, Nolan and Bond Hospital",2026-04-03 20:29:44.406148,EHR000316,MRN200066,Jared,Phillip,Stephens,Jr.,,1944-08-03,Male,Unknown,Not Hispanic or Latino,"696 Russell Cliffs, North Anna, AS 56331",523-685-9514,,2025-04-14 04:13:35.007502,0,0.0,0.4900793650793651,0.0,no_match,,C513,S315,CANPTAN,STAFAN,0,0,0.0,0.0,0.4900793650793651,0.4900793650793651,,,0.6357142857142857,0.5181818181818182
P00408,0,person_00408a,person_00408b,EMS000408,,Deborah,,Gardner,,,1942-02-15,Female,Black or African American,Unknown,"120 Danielle Divide, Derekview, MA 21220",001-837-259-7953x192,,Snyder Group Hospital,2026-04-02 08:00:07.654543,EHR000408,MRN200158,Brandi,Tracy,Bailey,,,2008-01-23,Female,White,Not Hispanic or Latino,"544 Bradley Heights Suite 453, North Angelaside, DE 94658",+1-796-855-8344,kmoore@example.net,2025-05-28 04:32:06.395221,0,0.4365079365079365,0.5396825396825397,0.0,no_match,0.3298969072164949,G635,B400,GARDNAR,BALY,0,0,0.0,0.4365079365079365,0.5396825396825397,0.5396825396825397,0.28865979381443296,0.32608695652173914,0.6222222222222221,0.5960497835497836
P00490,0,person_00490a,person_00490b,EMS000490,,Adam,,Ingram,,,1951-07-16,Male,Unknown,Unknown,"91435 Christina River, North Travis, VT 36936",479-996-5466,,Robinson and Sons Hospital,2025-09-30 07:09:48.790788,EHR000490,MRN200240,Christopher,George,Chavez,,,1961-10-03,Male,White,Not Hispanic or Latino,"23023 Williams Light, Hayesville, HI 47611",258-790-4182,gutierrezryan@example.net,2024-11-22 00:19:29.829972,0,0.0,0.4444444444444444,0.0,no_match,0.367816091954023,I526,C120,INGRAN,CAV,0,0,0.0,0.0,0.4444444444444444,0.4444444444444444,0.29885057471264365,0.36144578313253023,0.5444444444444444,0.5333333333333333
P00491,0,person_00491a,person_00491b,EMS000491,,John,J.,Wise,,,1976-10-27,Male,,Not Hispanic or Latino,"61527 Carr Village Suite 442, East Ernestview, UT 73288",,,Robinson Inc Hospital,2026-03-20 19:31:26.186147,EHR000491,MRN200241,Ryan,,Savage,,,2017-06-08,Male,White,Not Hispanic or Latino,"6914 Cassandra Gateway, Smithland, AK 35063",418.691.1992x569,jortiz@example.net,2025-03-29 15:12:50.265696,0,0.5,0.611111111111111,0.0,no_match,0.40816326530612246,W200,S120,WAS,SAVAG,0,0,0.5,0.5,0.4722222222222221,0.611111111111111,0.40816326530612246,0.3870967741935484,,
P00280,0,person_00280a,person_00280b,EMS000280,,Malik,,Mccullough,,,1982-09-28,Male,White,Not Hispanic or Latino,"4362 Rodriguez Run Suite 496, East Jeffside, FM 21042",,,Martin Inc Hospital,2026-04-08 06:36:10.226561,EHR000280,MRN200030,Carlos,Timothy,Stewart,,,2019-04-19,Male,White,Not Hispanic or Latino,"111 Alan Wall, West Melissamouth, MH 47253",923.941.5959,jane44@example.org,2024-12-24 22:11:19.746105,0,0.5777777777777778,0.0,0.0,no_match,0.35789473684210527,M242,S363,MCALAG,STAEAD,0,0,0.5777777777777778,0.5777777777777778,0.0,0.0,0.33684210526315794,0.33333333333333337,,
P00356,0,person_00356a,person_00356b,EMS000356,,Anna,,Le,,,1986-12-10,Female,White,Not Hispanic or Latino,"8752 Thomas Alley Apt. 042, Braytown, CA 82126",,,Wilkinson-Hampton Hospital,2024-12-23 23:52:24.942865,EHR000356,MRN200106,Karen,Angela,Simmons,,,2015-07-08,Female,,Not Hispanic or Latino,"76075 Wong Manor, Johnborough, SC 90277",001-543-219-1654,hunter12@example.org,2025-11-01 07:32:40.220620,0,0.4833333333333334,0.0,0.0,no_match,0.3294117647058824,L000,S552,L,SANAN,0,0,0.0,0.4833333333333334,0.0,0.0,0.3058823529411765,0.345679012345679,,
P00076,1,person_00076,person_00076,EMS000076,,Maria,,Lewis,,,2008-12-08,Female,,Not Hispanic or Latino,"PSC 1406, Box 0293, APO AE 85354",,,Byrd LLC Hospital,2024-12-27 15:04:35.931491,EHR000076,MRN100076,Maria,Chelsea,Lewis,,,2008-12-08,Female,Black or African American,Not Hispanic or Latino,"82148 Taylor Vista Apt. 233, East Antonioton, PW 47736",001-934-457-8610x357,wmatthews@example.com,2024-12-27 15:29:35.931491,0,1.0,1.0,1.0,exact,0.41860465116279066,L200,L200,LAE,LAE,1,1,1.0,1.0,1.0,1.0,0.39534883720930236,0.41463414634146345,,
P00461,0,person_00461a,person_00461b,EMS000461,,John,,Barrera,,,1973-04-08,Male,White,Hispanic or Latino,"4457 Mercado Extensions, Zamorafurt, IA 51935",,,Barber-Hernandez Hospital,2026-04-03 20:56:14.089361,EHR000461,MRN200211,Geoffrey,,Matthews,,,2011-04-07,Male,White,Not Hispanic or Latino,"0376 Barnes Mountains Suite 042, Port Timothymouth, MI 11054",297-253-4115x7330,duncanjoshua@example.org,2025-05-29 08:41:25.022049,0,0.45833333333333326,0.5119047619047619,0.0,no_match,0.4,B660,M320,BARAR,MATAE,0,0,0.45833333333333326,0.45833333333333326,0.5119047619047619,0.5119047619047619,0.36190476190476195,0.36734693877551017,,
P00497,0,person_00497a,person_00497b,EMS000497,,Lori,Erica,Dalton,,,2019-08-11,Female,Unknown,Unknown,"4484 Laurie Summit Suite 868, Port Teresaville, CA 41016",730.964.0980,,Cooper-Harvey Hospital,2026-04-03 20:51:16.713543,EHR000497,MRN200247,Michele,Linda,Keller,,,1996-08-12,Female,Black or African American,Not Hispanic or Latino,"278 Hickman Center Apt. 591, North Jennifer, KY 51641",572.416.2660,mariophillips@example.net,2025-01-05 04:06:58.295747,0,0.4642857142857142,0.4444444444444444,0.0,no_match,0.34862385321100914,D435,K460,DALTAN,CALAR,0,0,0.4642857142857142,0.4642857142857142,0.4444444444444444,0.4444444444444444,0.3302752293577982,0.3653846153846154,0.6111111111111112,0.5166666666666667
P00211,1,person_00211,person_00211,EMS000211,,Mike,David,Smith,,,2023-01-30,Male,White,Not Hispanic or Latino,"10552 Stevens Village Suite 333, Lake Devinberg, MS 96587",,,Hernandez-White Hospital,2024-09-08 07:11:14.981103,EHR000211,MRN100211,Michael,David,Smith,,,2025-01-30,Male,White,Not Hispanic or Latino,"10552 Stevens Village Suite 333, Lake Devinberg, MS 96587",4652019179,,2024-09-08 08:18:14.981103,0,0.7809523809523811,1.0,0.7,month_day_match_year_differs,1.0,S530,S530,SNAT,SNAT,1,1,0.7809523809523811,0.7809523809523811,1.0,1.0,1.0,1.0,,
P00101,1,person_00101,person_00101,EMS000101,,Jerry,,Ward,,,1985-11-23,Male,,Unknown,"USNV Cooper, FPO AA 16391",(993)399-8245x587,,Davidson LLC Hospital,2026-07-29 22:59:19.835605,EHR000101,MRN100101,Jerry,George,Ward,,,1983-11-23,Male,Black or African American,Not Hispanic or Latino,"USNV Cooper, FPO AA 16391",(993)399-8245x587,daustin@example.net,2026-07-29 23:32:19.835605,0,1.0,1.0,0.7,month_day_match_year_differs,1.0,W630,W630,WAD,WAD,1,1,1.0,1.0,1.0,1.0,1.0,1.0,1.0,1.0
P00334,0,person_00334a,person_00334b,EMS000334,MRN300084,Donald,,Turner,,,1944-05-27,Male,,,"5034 Johnson Port, Moralesland, NJ 99539",001-271-882-4989x8088,,"Norman, Vang and Sanchez Hospital",2025-11-10 19:42:38.490836,EHR000334,MRN200084,Denise,Jessica,Gutierrez,,,2011-03-15,Female,White,Unknown,"9266 Gardner Ridges, Lake Theresa, MO 91789",+1-687-748-6941x559,rodriguezchristina@example.net,2025-01-09 02:18:04.464096,0,0.5555555555555555,0.662962962962963,0.0,no_match,0.36144578313253023,T656,G362,TARNAR,GATAR,0,0,0.5555555555555555,0.5555555555555555,0.6203703703703703,0.662962962962963,0.3132530120481928,0.3076923076923077,0.6510025062656641,0.5973389355742297
P00475,0,person_00475a,person_00475b,EMS000475,,Cody,Vincent,Mcdaniel,,,1950-03-28,Male,,Unknown,"937 Palmer Tunnel, New Kimberlyview, VI 65598",,,Mullen Group Hospital,2026-05-04 13:46:03.981246,EHR000475,MRN200225,Brian,,Ramos,,,1982-02-14,Male,White,Not Hispanic or Latino,"PSC 0308, Box 7647, APO AA 06557",001-790-267-6183x7629,efisher@example.net,2025-12-08 03:23:52.772027,0,0.0,0.3833333333333333,0.0,no_match,0.2857142857142857,M235,R520,MCDANAL,RAN,0,0,0.0,0.0,0.44166666666666665,0.3833333333333333,0.2857142857142857,0.273972602739726,,
P00336,0,person_00336a,person_00336b,EMS000336,,Amy,J.,Cook,,,1952-05-28,Female,White,Not Hispanic or Latino,"21224 Sylvia Union Suite 677, Richardmouth, RI 09326",(801)212-4115x8488,,"Jackson, Lucero and Gould Hospital",2025-08-02 02:02:46.917673,EHR000336,MRN200086,Ashley,,Chapman,,,2023-12-13,Female,Two or More Races,Hispanic or Latino,"231 Becky Knolls Suite 047, Lake Ricky, KS 22011",+1-561-821-2038x4375,heather68@example.org,2025-05-13 02:40:47.277927,0,0.5,0.4642857142857142,0.0,no_match,0.36,C200,C155,CAC,CAPNAN,0,0,0.5,0.5,0.4642857142857142,0.4642857142857142,0.36,0.4086021505376344,0.5991582491582492,0.5994708994708995
P00440,0,person_00440a,person_00440b,EMS000440,,Gary,R.,Hickman,,,1971-04-19,Male,Unknown,,,+1-434-751-5025,,Bailey Ltd Hospital,2025-02-04 09:52:21.734124,EHR000440,MRN200190,Julie,Cheryl,Herman,Jr.,,1981-07-02,Female,White,Hispanic or Latino,"07382 Leon Mountains Suite 118, Donaldberg, UT 96509",486.630.9007x1210,jamesleonard@example.com,2026-01-07 07:28:57.843663,0,0.0,0.7714285714285715,0.0,no_match,,H255,H655,HACNAN,HARNAN,0,0,0.0,0.0,0.7714285714285715,0.7714285714285715,,,0.5287581699346405,0.6024531024531025
P00173,1,person_00173,person_00173,EMS000173,,Denise,,Frazier,,,2025-08-03,Female,White,Not Hispanic or Latino,"700 Robert Square, Farmerside, CO 85579",001-784-763-9855x4743,,"Jones, Johnson and Collier Hospital",2026-06-28 20:33:48.676957,EHR000173,MRN100173,Denise,Danielle,Frazier,,,2025-08-03,Female,White,Not Hispanic or Latino,"840 Jocelyn Port, West Christopherville, MP 18805",001-784-763-9855x4743,stevegreene@example.org,2026-06-28 21:54:48.676957,0,1.0,1.0,1.0,exact,0.40909090909090906,F626,F626,FRASAR,FRASAR,1,1,1.0,1.0,1.0,1.0,0.40909090909090906,0.40476190476190477,1.0,1.0
P00002,1,person_00002,person_00002,EMS000002,,Joseph,W.,Valencia,,,1931-02-10,Male,Unknown,Unknown,"514 Moore Alley Suite 828, Port Colleenhaven, PA 26572",(252)388-0957,,"Arroyo, Miller and Tucker Hospital",2025-02-22 03:16:46.505514,EHR000002,MRN100002,Joseph,Wesley,Valencia,,,1931-10-02,Male,White,Not Hispanic or Latino,"514 Moore Alley Suite 828, Port Colleenhaven, PA 26572",(252)388-0957,,2025-02-22 04:00:46.505514,0,1.0,1.0,0.85,month_day_transposed,1.0,V452,V452,VALANC,VALANC,1,1,1.0,1.0,1.0,1.0,1.0,1.0,1.0,1.0
P00333,0,person_00333a,person_00333b,EMS000333,,Hector,R.,Stevens,,,2006-06-17,Male,Unknown,Not Hispanic or Latino,"40964 Reyes Gateway Suite 960, Shawnport, FL 08989",,,"Johnson, Martin and Knox Hospital",2025-09-07 11:48:17.679188,EHR000333,MRN200083,Deborah,,Ross,,Deborah Horton,1952-04-25,Female,White,Not Hispanic or Latino,"46728 Guzman Cliff Suite 091, West Charlesville, OR 99681",001-735-492-3613x3760,,2025-06-18 19:42:24.484498,0,0.6428571428571429,0.4642857142857142,0.0,no_match,0.44859813084112155,S315,R200,STAFAN,R,0,0,0.6428571428571429,0.6428571428571429,0.0,0.4642857142857142,0.39252336448598135,0.4554455445544554,,
P00409,0,person_00409a,person_00409b,EMS000409,,Anthony,M.,James,,,,Male,Black or African American,Not Hispanic or Latino,"48607 Kenneth Way Apt. 660, East Michael, CA 48469",750.815.3017x31671,,"Stevens, Payne and Smith Hospital",2025-08-26 16:42:58.501030,EHR000409,MRN200159,Jacqueline,Cassidy,Turner,,Jacqueline Clark,1986-10-12,Female,Black or African American,Not Hispanic or Latino,"64531 Benson Mountain Apt. 571, Port Dawnhaven, SC 75943",+1-866-346-9365,jamesmorris@example.net,2025-12-01 08:13:33.892405,0,0.49523809523809526,0.4555555555555555,,missing,0.3584905660377359,J520,T656,JAN,TARNAR,0,0,0.41428571428571437,0.49523809523809526,0.4555555555555555,0.4555555555555555,0.3584905660377359,0.37254901960784315,0.46666666666666656,0.5373737373737374
P00070,1,person_00070,person_00070,EMS000070,,Sarah,Rebecca,Kellly,,,2010-05-22,Female,Asian,Not Hispanic or Latino,"0029 Kim Vista, Susanstad, VT 87288",+1-542-270-1039,,Willis-Rogers Hospital,2026-04-11 06:38:54.012469,EHR000070,MRN100070,Sarah,Rebecca,Kelly,,,2010-05-22,Female,Asian,Not Hispanic or Latino,"95590 Meza Port, New Stacy, MP 65018",+1-542-270-1039,nsmith@example.org,2026-04-11 07:32:54.012469,0,1.0,0.9666666666666667,1.0,exact,0.3943661971830986,K400,K400,CALY,CALY,1,1,1.0,1.0,0.9666666666666667,0.9666666666666667,0.3098591549295775,0.35820895522388063,1.0,1.0
P00209,1,person_00209,person_00209,EMS000209,,Derek,,Smith,,,1936-11-22,Male,Black or African American,Unknown,"620 Andrew Meadow, Hernandezport, IN 90208",,,Shelton and Sons Hospital,2025-05-01 18:45:35.502417,EHR000209,MRN100209,Derek,Joshua,Smith,,,1934-11-22,Male,Black or African American,Not Hispanic or Latino,"620 Andrew Meadow, Hernandezport, IN 90208",(717)321-3145x1951,munozgregory@example.net,2025-05-01 19:16:35.502417,0,1.0,1.0,0.7,month_day_match_year_differs,1.0,S530,S530,SNAT,SNAT,1,1,1.0,1.0,1.0,1.0,1.0,1.0,,
P00063,1,person_00063,person_00063,EMS000063,,RRebecca,,Allen,,,1967-04-27,Female,Unknown,Not Hispanic or Latino,"055 Paul Villages, Diazburgh, WV 62237",,,Miller-Miller Hospital,2025-11-23 04:40:32.598506,EHR000063,MRN100063,Rebecca,,Allen,,,1967-04-27,Female,White,Not Hispanic or Latino,"055 Paul Villages, Diazburgh, WV 62237",001-810-891-0430x06848,imiller@example.net,2025-11-23 05:56:32.598506,0,0.9625,1.0,1.0,exact,1.0,A450,A450,ALAN,ALAN,1,1,0.9625,0.9625,1.0,1.0,1.0,1.0,,
P00384,0,person_00384a,person_00384b,EMS000384,,Kathryn,,Webb,,,1944-06-28,Female,White,Hispanic or Latino,"40466 Stacey Drive Apt. 564, Frankview, OK 23054",,,"Coleman, Colon and Allen Hospital",2024-10-06 09:48:01.650911,EHR000384,MRN200134,Jeffrey,Eric,Rogers,,,1986-05-27,Male,Two or More Races,Hispanic or Latino,"188 Willis Manor, South Richardtown, MI 13390",302-412-5434,,2025-11-19 17:27:58.157900,0,0.5238095238095238,0.4722222222222221,0.0,no_match,0.34408602150537637,W100,R262,WAB,RAGAR,0,0,0.5238095238095238,0.5238095238095238,0.4722222222222221,0.4722222222222221,0.27956989247311825,0.3370786516853933,,
P00093,1,person_00093,person_00093,EMS000093,,John,,Robisnon,,,1936-08-19,Male,White,,"385 Harrison Motorway, North Tinamouth, CT 92741",844.598.9266x59184,,"Smith, Macias and Gonzales Hospital",2026-04-01 04:55:27.992867,EHR000093,MRN100093,John,Ian,Robinson,,John Freeman,1936-08-19,Male,Unknown,Not Hispanic or Latino,"385 Harrison Motorway, North Tinamouth, CT 92741",844.598.9266x59184,wgomez@example.com,2026-04-01 05:55:27.992867,0,1.0,0.975,1.0,exact,1.0,R125,R152,RABASNAN,RABANSAN,0,0,1.0,1.0,0.975,0.975,1.0,1.0,1.0,1.0
P00485,0,person_00485a,person_00485b,EMS000485,,Eric,Nicholas,Young,,,1961-06-25,Male,Unknown,Unknown,"99090 Ryan Ville, Russellport, ME 19591",887.935.5404x231,,"Clark, White and Hall Hospital",2025-05-05 19:56:04.441094,EHR000485,MRN200235,Jeffrey,,Clements,,,2007-09-30,Male,Two or More Races,Not Hispanic or Latino,"343 Matthews Harbor, Melissashire, VI 24516",001-352-587-8357x338,andrewolson@example.com,2025-12-02 17:00:37.531588,0,0.4642857142857142,0.44166666666666665,0.0,no_match,0.3414634146341463,Y520,C455,YANG,CLANANT,0,0,0.0,0.4642857142857142,0.44166666666666665,0.44166666666666665,0.31707317073170727,0.33333333333333337,0.5226851851851851,0.5801282051282052
P00185,1,person_00185,person_00185,EMS000185,,Ran,Christopher,Smth,,,1940-03-17,Male,White,Not Hispanic or Latino,,001-716-547-0900x633,,Martinez-Lewis Hospital,2025-05-03 10:36:05.773955,EHR000185,MRN100185,Ryan,Christopher,Smith,,,1940-03-17,Male,White,Not Hispanic or Latino,"10427 Thompson Station Apt. 837, Port Cynthiahaven, SD 87341",001-716-547-0900x633,christopherfisher@example.org,2025-05-03 11:05:05.773955,0,0.9249999999999999,0.9466666666666665,1.0,exact,,S530,S530,SNT,SNAT,1,0,0.9249999999999999,0.9249999999999999,0.9466666666666665,0.9466666666666665,,,1.0,1.0
P00033,1,person_00033,person_00033,EMS000033,,Json,M.,Young,,,1972-11-10,Male,White,,"5060 Shaw Freeway, Vangstad, IN 04195",(640)375-8181,,Galvan-Combs Hospital,2026-04-29 05:56:47.807463,EHR000033,MRN100033,Jason,Michael,Young,,,1972-11-10,Male,White,Not Hispanic or Latino,"83473 Gregory Ports Suite 746, Burchborough, AS 79755",(640)375-8181,joshuawhitehead@example.org,2026-04-29 06:32:47.807463,0,0.94,1.0,1.0,exact,0.28888888888888886,Y520,Y520,YANG,YANG,1,1,0.94,0.94,1.0,1.0,0.2666666666666667,0.2857142857142857,1.0,1.0
P00077,1,person_00077,person_00077,EMS000077,,Marias,,Palmer,,,2013-10-19,Female,White,Not Hispanic or Latino,"Unit 0722 Box 9034, DPO AP 40538",,,"Lynch, Evans and Rodriguez Hospital",2025-10-14 07:37:52.049049,EHR000077,MRN100077,Marisa,,Palmer,,,2012-10-19,Female,White,Not Hispanic or Latino,"Unit 0722 Box 9034, DPO AP 40538",001-846-365-7437x489,hunteileen@example.com,2025-10-14 08:18:52.049049,0,0.9666666666666667,1.0,0.7,month_day_match_year_differs,1.0,P456,P456,PALNAR,PALNAR,1,1,0.9666666666666667,0.9666666666666667,1.0,1.0,1.0,1.0,,
P00000,1,person_00000,person_00000,EMS000000,,Mrak,A.,iHll,,,1951-11-13,Male,Black or African American,,"1849 Ray Squares, North Donnaport, CO 31013",394.802.6542x351,,James Group Hospital,2026-04-11 18:37:11.675711,EHR000000,MRN100000,Mark,Alexander,Hill,,,1951-11-13,Male,Black or African American,Not Hispanic or Latino,"600 Jeffery Parkways, New Jamesside, MT 29394",394.802.6542x351,howardmaurice@example.com,2026-04-11 19:56:11.675711,0,0.9249999999999999,0.9166666666666666,1.0,exact,0.34090909090909094,I400,H400,IAL,HAL,0,0,0.9249999999999999,0.9249999999999999,0.9166666666666666,0.9166666666666666,0.31818181818181823,0.33333333333333337,1.0,1.0
P00011,1,person_00011,person_00011,EMS000011,,Miichelle,,Roegrs,,,1938-04-25,Female,White,,"2980 Vargas Shore, North Dawnberg, VI 61016",001-596-670-5466x88937,,Williams Group Hospital,2025-12-31 18:48:20.526723,EHR000011,MRN100011,Michelle,Cynthia,Rogers,,Michelle Orozco,1938-04-25,Female,White,Hispanic or Latino,"231 Russell Plains Suite 603, Priceshire, UT 03061",001-596-670-5466x88937,ytucker@example.com,2025-12-31 19:10:20.526723,0,0.9703703703703703,0.9555555555555556,1.0,exact,0.4301075268817204,R262,R262,RAGR,RAGAR,1,0,0.9703703703703703,0.9703703703703703,0.9555555555555556,0.9555555555555556,0.34408602150537637,0.4367816091954023,1.0,1.0
P00415,0,person_00415a,person_00415b,EMS000415,,Diana,,Adams,,,,Female,American Indian or Alaska Native,Not Hispanic or Latino,"197 Parrish View Suite 245, New Joseph, IL 48024",(694)280-4507x3567,,"Diaz, Fry and Douglas Hospital",2025-09-23 05:33:12.824898,EHR000415,MRN200165,Michael,Stephen,Silva,,,1990-04-25,Male,Black or African American,Not Hispanic or Latino,"602 Nelson Run, Port Jesusland, MI 70027",+1-525-384-9073x420,eortega@example.com,2025-08-01 09:46:12.157320,0,0.5619047619047619,0.0,,missing,0.36363636363636365,A352,S410,ADAN,SALV,0,0,0.5619047619047619,0.5619047619047619,0.0,0.0,0.36363636363636365,0.3855421686746988,0.5785043416622364,0.6761904761904761
P00022,1,person_00022,person_00022,EMS000022,,Natsha,Sandra,Lech,,,1952-07-09,Female,White,Hispanic or Latino,"23685 Krystal Bridge Suite 817, Emilyview, OR 50442",001-621-445-6232x8588,,"Bentley, Rodriguez and Hall Hospital",2026-05-27 23:48:58.121246,EHR000022,MRN100022,Natasha,Sandra,Leach,,Natasha Parsons,1952-07-09,Female,White,Hispanic or Latino,"394 Courtney Road, West Kristinaton, OR 48324",001-621-445-6232x8588,robin74@example.net,2026-05-28 00:21:58.121246,0,0.9277777777777778,0.9466666666666665,1.0,exact,0.41666666666666663,L200,L200,LAC,LAC,1,1,0.9277777777777778,0.9277777777777778,0.9466666666666665,0.9466666666666665,0.39583333333333337,0.41758241758241754,1.0,1.0
P00072,1,person_00072,person_00072,EMS000072,,Jaime,Sandra,Krameer,,,1985-07-29,Female,Unknown,Not Hispanic or Latino,"443 Brandon Ports Suite 205, South Christopherfort, ID 13213",481-859-9706,,Clark Ltd Hospital,2025-06-25 03:43:57.347217,EHR000072,MRN100072,Jaime,Sandra,Kramer,,,1985-07-29,Female,Unknown,Not Hispanic or Latino,"71040 Green Cove, West Georgefurt, GA 96443",481-859-9706,,2025-06-25 04:50:57.347217,0,1.0,0.9714285714285714,1.0,exact,0.38834951456310685,K656,K656,CRANAR,CRANAR,1,1,1.0,1.0,0.9714285714285714,0.9714285714285714,0.3689320388349514,0.3917525773195877,1.0,1.0
P00182,1,person_00182,person_00182,EMS000182,,Jde,,Ray,,,1943-11-08,Male,Unknown,Not Hispanic or Latino,"9741 Damon Plaza, North Margaret, PA 64544",736-866-8459x09022,,Lopez Inc Hospital,2025-09-24 14:52:00.302790,EHR000182,MRN100182,Jade,,Ray,,,1942-11-08,Female,White,Not Hispanic or Latino,"USS Porter, FPO AP 46987",736-866-8459x09022,zharris@example.org,2025-09-24 15:22:00.302790,0,0.9249999999999999,1.0,0.7,month_day_match_year_differs,0.33333333333333337,R000,R000,RY,RY,1,1,0.9249999999999999,0.9249999999999999,1.0,1.0,0.303030303030303,0.3492063492063492,1.0,1.0
P00131,1,person_00131,person_00131,EMS000131,,Robert,,Olosn,,,,Male,White,Unknown,"USNV Cook, FPO AA 53010",4152851743,,Mccoy LLC Hospital,2025-06-11 03:33:47.650062,EHR000131,MRN100131,Robert,,Olson,,,1984-07-19,Male,White,Hispanic or Latino,"USNV Cook, FPO AA 53010",4152851743,tguerrero@example.net,2025-06-11 04:43:47.650062,0,1.0,0.9466666666666665,,missing,1.0,O425,O425,OLASN,OLSAN,1,0,1.0,1.0,0.9466666666666665,0.9466666666666665,1.0,1.0,1.0,1.0
P00410,0,person_00410a,person_00410b,EMS000410,,Melissa,,Williams,,,1948-04-21,Female,Unknown,Not Hispanic or Latino,,,,Brown PLC Hospital,2025-10-24 09:07:10.615677,EHR000410,MRN200160,Cynthia,,Martin,,Cynthia Foster,2007-01-12,Female,Black or African American,Not Hispanic or Latino,"USCGC Williamson, FPO AP 86057",(742)477-3923,taylorgina@example.org,2025-03-01 19:11:44.372003,0,0.5238095238095238,0.4305555555555556,0.0,no_match,,W452,M635,WALAN,MARTAN,0,0,0.5238095238095238,0.5238095238095238,0.4305555555555556,0.4305555555555556,,,,
P00193,1,person_00193,person_00193,EMS000193,,Alyssa,Tanya,Nguyen,,,1967-02-03,Female,White,Unknown,"040 Melanie Manors Suite 528, North Randall, ND 60873",+1-363-734-1411,,Thomas-Hahn Hospital,2024-12-01 06:15:22.700583,EHR000193,MRN100193,Alyssa,Tanya,Nguyen,,,1967-02-03,Female,White,Not Hispanic or Latino,"712 Davis Square Suite 399, Lake Matthewfurt, SD 84662",+1-363-734-1411,,2024-12-01 07:06:22.700583,0,1.0,1.0,1.0,exact,0.4299065420560748,N250,N250,NGAYAN,NGAYAN,1,1,1.0,1.0,1.0,1.0,0.39252336448598135,0.4200000000000001,1.0,1.0
P00055,1,person_00055,person_00055,EMS000055,,Trri,Christine,Salinsa,,,1937-03-25,Female,White,Unknown,"5679 Michael Burg, Garciachester, PW 11754",,,Guerra Ltd Hospital,2025-02-08 08:27:02.918115,EHR000055,MRN100055,Terri,Christine,Salinas,II,Terri Guerra,1937-03-25,Female,White,Not Hispanic or Latino,"724 Johnny Drives Suite 617, Aguilarside, NY 91164",(880)758-9113x52909,grodriguez@example.com,2025-02-08 09:13:02.918115,0,0.94,0.9714285714285714,1.0,exact,0.3695652173913043,S452,S452,SALANS,SALAN,1,0,0.94,0.94,0.9714285714285714,0.9714285714285714,0.3695652173913043,0.367816091954023,,
P00148,1,person_00148,person_00148,EMS000148,,William,,Morgan,,,1987-03-08,Male,White,,"Unit 1367 Box 4994, DPO AP 52960",(979)967-8427x114,,Jimenez Inc Hospital,2026-02-20 03:09:39.877596,EHR000148,MRN100148,William,,Morgan,,,1987-03-08,Male,White,Not Hispanic or Latino,"Unit 1367 Box 4994, DPO AP 52960",(979)967-8427x114,courtneytaylor@example.org,2026-02-20 03:31:39.877596,0,1.0,1.0,1.0,exact,1.0,M625,M625,MARGAN,MARGAN,1,1,1.0,1.0,1.0,1.0,1.0,1.0,1.0,1.0
P00018,1,person_00018,person_00018,EMS000018,,Jon,Matthew,Morales,,,2002-11-28,Male,White,Not Hispanic or Latino,"4516 Diane Plains, Gutierrezborough, NC 47920",+1-277-503-4824x771,,Murray Inc Hospital,2024-11-06 06:32:00.315224,EHR000018,MRN100018,Jon,Matthew,Morales,,,2002-11-28,Male,White,Not Hispanic or Latino,"4516 Diane Plains, Gutierrezborough, NC 47920",+1-277-503-4824x771,lancesmith@example.com,2024-11-06 07:42:00.315224,0,1.0,1.0,1.0,exact,1.0,M642,M642,MARAL,MARAL,1,1,1.0,1.0,1.0,1.0,1.0,1.0,1.0,1.0
P00204,1,person_00204,person_00204,EMS000204,,Danille,Stephanie,White,,,1930-09-17,Female,Unknown,Not Hispanic or Latino,"47491 Lopez Overpass Suite 541, Lake Alexanderside, WI 17580",,,Bush Inc Hospital,2026-04-19 06:51:33.609703,EHR000204,MRN100204,Danielle,Stephanie,White,,,1930-09-17,Female,White,Not Hispanic or Latino,"47491 Lopez Overpass Suite 541, Lake Alexanderside, WI 17580",455-398-9534x39611,,2026-04-19 08:21:33.609703,0,0.9464285714285714,1.0,1.0,exact,1.0,W300,W300,WAT,WAT,1,1,0.9464285714285714,0.9464285714285714,1.0,1.0,1.0,1.0,,
P00078,1,person_00078,person_00078,EMS000078,,Amy,,Davidson,,,2012-02-07,Female,Unknown,Not Hispanic or Latino,"28309 Guerrero Springs Apt. 074, Rebeccafurt, MS 97065",,,"Hines, White and Frazier Hospital",2025-03-07 02:59:40.328080,EHR000078,MRN100078,Amy,Virginia,Davidson,,,2012-07-02,Female,Unknown,Not Hispanic or Latino,"28309 Guerrero Springs Apt. 074, Rebeccafurt, MS 97065",6994353875,kellyruiz@example.net,2025-03-07 04:17:40.328080,0,1.0,1.0,0.85,month_day_transposed,1.0,D132,D132,DAVADSAN,DAVADSAN,1,1,1.0,1.0,1.0,1.0,1.0,1.0,,
P00494,0,person_00494a,person_00494b,EMS000494,,Brandon,,Miller,,,1964-07-18,Male,Unknown,Hispanic or Latino,"4333 Alvarado Stream Suite 552, New Valerie, NJ 89591",4338530049,,"Myers, Pineda and Jordan Hospital",2026-06-14 15:11:22.996349,EHR000494,MRN200244,James,Brian,Singh,,,1976-01-14,Male,White,Not Hispanic or Latino,"73946 Joshua Park, East Laura, AS 73921",(686)353-9276x871,joshuagonzalez@example.org,2025-08-16 23:42:10.985456,0,0.4476190476190476,0.4555555555555555,0.0,no_match,0.39130434782608686,M460,S520,MALAR,SANG,0,0,0.4476190476190476,0.4476190476190476,0.4555555555555555,0.4555555555555555,0.34782608695652173,0.3908045977011494,0.5313725490196078,0.5615384615384615
P00262,0,person_00262a,person_00262b,EMS000262,,Joseph,G.,Marshall,,,1947-01-10,Male,White,Not Hispanic or Latino,"PSC 6966, Box 6309, APO AE 18663",+1-998-319-9605x932,,"Holland, Ferguson and Johnson Hospital",2025-09-26 16:50:48.343534,EHR000262,MRN200012,Jorge,,Lee,,,2017-06-01,Male,White,Not Hispanic or Latino,"73524 Patricia Ford, Stevensmouth, IA 23684",981.895.2371x006,logansusan@example.net,2026-02-04 01:24:22.362171,0,0.76,0.0,0.0,no_match,0.29333333333333333,M624,L000,MARSAL,LY,0,0,0.76,0.76,0.0,0.0,0.29333333333333333,0.2816901408450704,0.5504385964912281,0.6302401302401303
P00323,0,person_00323a,person_00323b,EMS000323,,Kristin,P.,Morales,,,2015-03-25,Female,Unknown,Not Hispanic or Latino,"USCGC Butler, FPO AA 76990",767.887.4422x75854,,Fleming LLC Hospital,2025-12-05 13:58:36.048785,EHR000323,MRN200073,Cassandra,,Anderson,,,2021-09-02,Female,Unknown,Not Hispanic or Latino,"PSC 1650, Box 2000, APO AE 40719",(239)731-3215x513,timothy83@example.net,2025-10-10 00:00:04.122067,0,0.5026455026455027,0.6071428571428571,0.0,no_match,0.3793103448275862,M642,A536,MARAL,ANDARSAN,0,0,0.5026455026455027,0.5026455026455027,0.4900793650793651,0.6071428571428571,0.3793103448275862,0.4,0.4572984749455338,0.5247863247863248
P00483,0,person_00483a,person_00483b,EMS000483,,Felicia,T.,Turner,,,2025-03-06,Female,White,Not Hispanic or Latino,"USNS Evans, FPO AA 31725",001-562-362-5918,,"Mitchell, Guzman and Barnes Hospital",2025-11-30 19:39:17.992601,EHR000483,MRN200233,Monica,Cynthia,Bradshaw,,,1971-11-30,Female,White,Not Hispanic or Latino,"44343 Heath Road Suite 872, Coxville, MA 53729",001-443-680-2990x34804,aperkins@example.org,2026-02-07 20:34:20.921959,0,0.6428571428571429,0.4305555555555556,0.0,no_match,0.3142857142857143,T656,B632,TARNAR,BRADS,0,0,0.6428571428571429,0.6428571428571429,0.4305555555555556,0.4305555555555556,0.2857142857142857,0.36363636363636365,0.6382575757575758,0.6032763532763533
P00079,1,person_00079,person_00079,EMS000079,,George,,Davis,,,1965-05-30,Male,White,Not Hispanic or Latino,"3292 Glover Tunnel Apt. 296, Powellfort, MS 01112",(784)460-2235x6972,,Ferguson Ltd Hospital,2025-04-16 03:03:34.242263,EHR000079,MRN100079,George,,Davis,,,1964-05-30,Male,White,Not Hispanic or Latino,"5549 Ford Crest Suite 099, South Pamelahaven, DE 89721",(784)460-2235x6972,freemancrystal@example.org,2025-04-16 03:30:34.242263,0,1.0,1.0,0.7,month_day_match_year_differs,0.38834951456310685,D120,D120,DAV,DAV,1,1,1.0,1.0,1.0,1.0,0.38834951456310685,0.4489795918367348,1.0,1.0
P00039,1,person_00039,person_00039,EMS000039,,Carolline,Teresa,Moore,,,1993-03-29,Female,White,Unknown,"001 Stacy Trail Suite 396, South Pamelaside, LA 84637",573-764-7102x7677,,Hester-Anderson Hospital,2026-08-21 21:59:09.264207,EHR000039,MRN100039,Caroline,Teresa,Moore,,,1993-03-29,Female,White,Hispanic or Latino,"001 Stacy Trail Suite 396, South Pamelaside, LA 84637",573-764-7102x7677,larryhiggins@example.net,2026-08-21 22:59:09.264207,0,0.9777777777777777,1.0,1.0,exact,1.0,M600,M600,MAR,MAR,1,1,0.9777777777777777,0.9777777777777777,1.0,1.0,1.0,1.0,1.0,1.0
P00451,0,person_00451a,person_00451b,EMS000451,MRN300201,Christopher,,Ross,,,2002-12-24,Male,,Not Hispanic or Latino,"0934 Cohen Mount, Kennethland, ND 93691",001-423-368-8101x3827,,Lopez-Williams Hospital,2025-04-10 21:34:37.874376,EHR000451,MRN200201,David,James,Garcia,,,1960-02-28,Male,White,Hispanic or Latino,"88253 Anthony Plaza, Lake Jessica, FM 99101",+1-868-216-3603x89173,lcurry@example.net,2025-08-20 06:21:54.346739,0,0.4303030303030304,0.4722222222222221,0.0,no_match,0.3414634146341463,R200,G620,R,GARC,0,0,0.4303030303030304,0.4303030303030304,0.0,0.4722222222222221,0.3414634146341463,0.33333333333333337,0.7357609710550888,0.7052224736048265
P00046,1,person_00046,person_00046,EMS000046,,Michele,A.,Elliott,,,1936-07-11,Female,White,,"822 Bond Mills, Lake Jamieshire, NM 12420",870.672.8679x08740,,"Brown, Mcknight and Michael Hospital",2025-07-05 16:29:37.030699,EHR000046,MRN100046,Michele,Angela,Elliott,,,1936-07-11,Female,White,Not Hispanic or Latino,"822 Bond Mills, Lake Jamieshire, NM 12420",870.672.8679x08740,reesebeth@example.org,2025-07-05 16:53:37.030699,0,1.0,1.0,1.0,exact,1.0,E430,E430,ELAT,ELAT,1,1,1.0,1.0,1.0,1.0,1.0,1.0,1.0,1.0
P00238,1,person_00238,person_00238,EMS000238,,Timothhy,,Allvarez,,,2000-11-08,Male,White,Unknown,"Unit 3126 Box 6109, DPO AA 15505",9178590251,,Kim-Mitchell Hospital,2025-01-20 03:40:03.204245,EHR000238,MRN100238,Timothy,,Alvarez,Sr.,,2002-11-08,Male,White,Hispanic or Latino,"Unit 3126 Box 6109, DPO AA 15505",9178590251,vanessaberry@example.org,2025-01-20 05:09:03.204245,0,0.975,0.9666666666666667,0.7,month_day_match_year_differs,1.0,A416,A416,ALVAR,ALVAR,1,1,0.975,0.975,0.9666666666666667,0.9666666666666667,1.0,1.0,1.0,1.0
P00391,0,person_00391a,person_00391b,EMS000391,,Caitlin,,Short,,,1951-10-09,Female,White,Not Hispanic or Latino,"602 Higgins Mission Suite 527, New Deanna, MI 27424",001-874-699-5070,,Bullock-Trujillo Hospital,2025-05-18 08:19:08.444796,EHR000391,MRN200141,Nicole,Sarah,Smith,,,1934-11-24,Female,American Indian or Alaska Native,Not Hispanic or Latino,"290 Jacob Club, Kimberlyport, FM 31721",+1-504-548-9093x225,glennbernard@example.org,2024-09-28 22:36:57.776157,0,0.5317460317460317,0.6,0.0,no_match,0.2921348314606742,S630,S530,SAD,SNAT,0,0,0.5396825396825397,0.5317460317460317,0.6,0.6,0.2921348314606742,0.2857142857142857,0.6039673046251993,0.6039377289377289
P00352,0,person_00352a,person_00352b,EMS000352,,Paige,,Carlson,,,1961-05-10,Female,White,Not Hispanic or Latino,"USCGC Sanders, FPO AA 24319",,,Flores-Clark Hospital,2024-11-05 15:57:45.789430,EHR000352,MRN200102,Anthony,Michael,Baker,III,,1982-05-21,Male,Asian,Not Hispanic or Latino,"1454 Jennifer Centers, Knightbury, TN 60518",410.408.1785,,2026-07-12 09:08:16.379109,0,0.4476190476190476,0.5619047619047619,0.0,no_match,0.2857142857142857,C642,B260,CARLSAN,BACAR,0,0,0.0,0.4476190476190476,0.5619047619047619,0.5619047619047619,0.2571428571428571,0.26865671641791045,,
P00341,0,person_00341a,person_00341b,EMS000341,,Kristen,,Acevedo,,,2015-11-28,Female,White,Not Hispanic or Latino,"75585 Steven Motorway, Janiceberg, NM 39402",,,Lewis and Sons Hospital,2025-03-19 03:30:47.236583,EHR000341,MRN200091,Felicia,Laurie,Cole,,,2007-09-21,Female,White,Not Hispanic or Latino,"542 Madeline Key Suite 570, Ryanhaven, DC 00879",001-322-857-0900,sararoach@example.com,2024-10-07 18:49:11.670475,0,0.4285714285714286,0.5952380952380952,0.0,no_match,0.37777777777777777,A213,C400,ACAFAD,CAL,0,0,0.4285714285714286,0.4285714285714286,0.4642857142857142,0.5952380952380952,0.3555555555555555,0.3764705882352941,,
P00277,0,person_00277a,person_00277b,EMS000277,,Emily,A.,Johnson,,,2022-07-03,Female,Unknown,Unknown,,373.699.0063,,Wilson Group Hospital,2026-01-15 20:24:23.334935,EHR000277,MRN200027,Victoria,Victoria,Serrano,,,1965-12-24,Female,White,Not Hispanic or Latino,"29394 Becker Station, Jamieview, MT 90977",2668643749,dominguezshane@example.net,2024-10-20 16:50:00.876788,0,0.44166666666666665,0.5238095238095238,0.0,no_match,,J525,S650,JANSAN,SARAN,0,0,0.44166666666666665,0.44166666666666665,0.5238095238095238,0.5238095238095238,,,0.40555555555555567,0.5166666666666667
P00290,0,person_00290a,person_00290b,EMS000290,,Michael,Eric,Campos,,,1959-06-07,Male,Asian,Hispanic or Latino,"00041 Jacob Trail, North Jonville, NE 47361",,,"White, Hill and Cunningham Hospital",2026-07-14 13:50:26.977320,EHR000290,MRN200040,Mercedes,Shannon,Reyes,,,1981-11-13,Female,Black or African American,Hispanic or Latino,"706 Sydney Trace Apt. 748, North Johnville, NH 50288",001-353-297-0548x7396,,2025-07-20 19:58:02.580690,0,0.6011904761904762,0.4555555555555555,0.0,no_match,0.5894736842105264,C512,R200,CANP,RAY,0,0,0.6011904761904762,0.6011904761904762,0.4555555555555555,0.4555555555555555,0.5684210526315789,0.5934065934065934,,
P00317,0,person_00317a,person_00317b,EMS000317,,Sandra,C.,Goodwin,,,1930-10-02,Female,Unknown,,"661 Darryl Track Suite 831, Lake Jamesmouth, GU 03841",,,"Lyons, Guzman and Hammond Hospital",2026-07-05 11:36:22.399064,EHR000317,MRN200067,Joseph,Shane,Avery,,,1991-08-29,Male,White,Not Hispanic or Latino,"534 Smith Park, Ramosport, MO 21775",2723662925,ehardy@example.com,2026-08-17 12:04:46.232215,0,0.4444444444444444,0.0,0.0,no_match,0.38636363636363635,G350,A160,GADWAN,AVARY,0,0,0.0,0.4444444444444444,0.0,0.0,0.38636363636363635,0.36144578313253023,,
P00304,0,person_00304a,person_00304b,EMS000304,,Aaron,H.,Huerta,,,1992-04-15,Male,White,Not Hispanic or Latino,"7121 Brittany Mountains, Spencerside, VA 45157",290-353-4864,,Hill PLC Hospital,2025-10-29 11:46:47.019078,EHR000304,MRN200054,Michael,Robert,Kidd,,,1957-04-28,Male,Two or More Races,Not Hispanic or Latino,"517 Rodgers Lodge, North Tinamouth, HI 93798",628-799-1511,pamela29@example.org,2024-10-26 18:35:58.448431,0,0.0,0.0,0.0,no_match,0.37777777777777777,H630,K300,HART,CAD,0,0,0.0,0.0,0.0,0.0,0.33333333333333337,0.4,0.47777777777777786,0.5333333333333333
P00268,0,person_00268a,person_00268b,EMS000268,,Gregory,Benjamin,Harrell,,,2018-11-12,Male,Unknown,Not Hispanic or Latino,"2643 Kelsey Burg, South David, MS 03833",,,"Guerrero, Watson and Perry Hospital",2024-10-13 21:02:18.381101,EHR000268,MRN200018,Natalie,Heather,Cowan,,Natalie Perry,1950-08-23,Female,White,Not Hispanic or Latino,"4817 Adrian Unions Suite 615, Sonyaland, NE 85960",231-467-0450x2329,,2026-04-08 07:22:48.881933,0,0.0,0.4476190476190476,0.0,no_match,0.34090909090909094,H640,C500,HARAL,CAOAN,0,0,0.0,0.0,0.4476190476190476,0.4476190476190476,0.2954545454545454,0.3855421686746988,,
P00069,1,person_00069,person_00069,EMS000069,,LLisa,,Sanchez,,,1958-09-11,Female,White,Not Hispanic or Latino,"14626 Dawn Union Apt. 806, Timothyfort, MI 74642",756.542.0593x04078,,"Brown, Davies and Robinson Hospital",2025-09-24 00:49:25.391305,EHR000069,MRN100069,Lisa,,Sanchez,,,1958-09-11,Female,Unknown,Not Hispanic or Latino,"14626 Dawn Union Apt. 806, Timothyfort, MI 74642",756.542.0593x04078,,2025-09-24 02:12:25.391305,0,0.94,1.0,1.0,exact,1.0,S522,S522,SANC,SANC,1,1,0.94,0.94,1.0,1.0,1.0,1.0,1.0,1.0
P00455,0,person_00455a,person_00455b,EMS000455,,Gregory,,Dominguez,,,1941-07-30,Male,White,Not Hispanic or Latino,"1317 Adams Camp, West Hannahton, IA 62920",,,Robinson-Brown Hospital,2025-04-19 17:24:05.406300,EHR000455,MRN200205,Larry,,Moore,,,2017-03-09,Male,White,Not Hispanic or Latino,"74192 Grant Wells Apt. 476, North Lori, HI 93125",660.718.6399,connor38@example.com,2024-11-06 17:10:18.873470,0,0.6761904761904761,0.5333333333333333,0.0,no_match,0.4269662921348315,D552,M600,DANANG,MAR,0,0,0.6761904761904761,0.6761904761904761,0.5407407407407407,0.5333333333333333,0.4269662921348315,0.38095238095238093,,
P00465,0,person_00465a,person_00465b,EMS000465,,Ashley,L.,Wood,,,1974-09-04,Female,Asian,Not Hispanic or Latino,"121 Moore Fields, Christopherland, LA 95361",(213)531-5553x0153,,Vaughn-Davis Hospital,2026-02-27 17:44:47.264354,EHR000465,MRN200215,Jessica,Anita,Joseph,,Jessica English,1989-03-29,Female,White,Not Hispanic or Latino,"9845 Bryant Streets Suite 345, Davidside, WA 24587",+1-691-326-9945x206,johnsonteresa@example.net,2026-08-17 15:56:04.885346,0,0.4365079365079365,0.4722222222222221,0.0,no_match,0.34408602150537637,W300,J210,WAD,JASAF,0,0,0.4365079365079365,0.4365079365079365,0.4722222222222221,0.4722222222222221,0.34408602150537637,0.3218390804597702,0.5384990253411306,0.5634920634920635
P00154,1,person_00154,person_00154,EMS000154,MRN100154,Kevni,,Henry,,,1966-04-04,Male,Two or More Races,Unknown,"376 Renee Lock, Kevinbury, ME 28076",242.257.5409,,Moon Ltd Hospital,2026-07-31 08:06:32.595604,EHR000154,MRN100154,Kevin,,Henry,,,1966-04-04,Male,Two or More Races,Not Hispanic or Latino,"USNV Gardner, FPO AA 89988",242.257.5409,johnnycruz@example.net,2026-07-31 09:24:32.595604,1,0.9533333333333333,1.0,1.0,exact,0.2622950819672131,H560,H560,HANRY,HANRY,1,1,0.9533333333333333,0.9533333333333333,1.0,1.0,0.2295081967213115,0.27586206896551724,1.0,1.0
P00082,1,person_00082,person_00082,EMS000082,,Rebecca,Emily,Rodgrs,,,2002-09-09,Female,White,Not Hispanic or Latino,"255 Friedman Grove, West Lisaburgh, DE 53031",(974)967-6212x0216,,"Hobbs, Acosta and Snow Hospital",2024-09-20 05:37:36.298189,EHR000082,MRN100082,Rebecca,Emily,Rodgers,,Rebecca Davis,2002-09-09,Female,White,Unknown,"255 Friedman Grove, West Lisaburgh, DE 53031",(974)967-6212x0216,cherylmaxwell@example.net,2024-09-20 07:00:36.298189,0,1.0,0.9714285714285714,1.0,exact,1.0,R326,R326,RADGR,RADGAR,1,0,1.0,1.0,0.9714285714285714,0.9714285714285714,1.0,1.0,1.0,1.0
P00477,0,person_00477a,person_00477b,EMS000477,,Aaron,C.,Henderson,,,2000-06-25,Male,White,Unknown,"4802 James Land Apt. 843, North Rickymouth, IA 43266",374-254-6935,,"Flores, Allen and Cruz Hospital",2026-03-08 21:49:18.255013,EHR000477,MRN200227,Chris,Joshua,Lopez,,,1984-12-09,Male,Unknown,Not Hispanic or Latino,"903 Morton Wall Suite 177, Port Toddtown, ID 04781",(768)370-9412x460,zking@example.org,2025-12-04 06:16:22.806983,0,0.46666666666666656,0.4370370370370371,0.0,no_match,0.37254901960784315,H536,L120,HANDARSAN,LAP,0,0,0.46666666666666656,0.46666666666666656,0.4370370370370371,0.4370370370370371,0.3529411764705882,0.4329896907216495,0.4509803921568627,0.5205128205128206
P00172,1,person_00172,person_00172,EMS000172,,Bryan,Dale,Goodwin,,,1986-02-05,Male,Two or More Races,Unknown,,(271)283-2582x38687,,Smith Group Hospital,2025-12-20 05:32:55.384949,EHR000172,MRN100172,Bryan,Dale,Goodwin,,,1986-05-02,Male,Two or More Races,Not Hispanic or Latino,"40578 Jones Burgs Suite 304, East Kathrynberg, ME 74982",(271)283-2582x38687,nwoodward@example.com,2025-12-20 06:58:55.384949,0,1.0,1.0,0.85,month_day_transposed,,G350,G350,GADWAN,GADWAN,1,1,1.0,1.0,1.0,1.0,,,1.0,1.0
P00321,0,person_00321a,person_00321b,EMS000321,,Mason,Michael,Sparks,,,1965-09-07,Male,Unknown,Hispanic or Latino,"566 Jennings Port, North Emilyburgh, KY 71511",,,Herring-Hansen Hospital,2025-08-22 20:25:46.539500,EHR000321,MRN200071,Cody,David,Lynn,II,,1995-08-06,Male,White,Not Hispanic or Latino,"3389 Matthew Expressway Suite 152, Jenniferfort, HI 45504",(529)326-9335x8951,bwood@example.net,2025-03-10 04:34:59.276236,0,0.0,0.0,0.0,no_match,0.37254901960784315,S162,L500,SPARC,LYN,0,0,0.0,0.0,0.0,0.0,0.3529411764705882,0.3917525773195877,,
P00090,1,person_00090,person_00090,EMS000090,,Joseph,,Montgomery,,,1984-04-18,Male,Asian,,,+1-232-468-4245,,Lewis-Whitehead Hospital,2025-09-26 13:31:34.776185,EHR000090,MRN100090,Joseph,Martin,Montgomery,,Joseph Avila,1986-04-18,Male,,Not Hispanic or Latino,"8144 Juan Mill, Fostertown, NJ 20990",+1-232-468-4245,williamsashley@example.com,2025-09-26 13:41:34.776185,0,1.0,1.0,0.7,month_day_match_year_differs,,M532,M532,MANTGANARY,MANTGANARY,1,1,1.0,1.0,1.0,1.0,,,1.0,1.0
P00180,1,person_00180,person_00180,EMS000180,,eDbra,Jennifer,Morse,,,1986-02-20,Female,Two or More Races,Unknown,"0273 Brewer Knolls Apt. 488, Port Joshuabury, CT 16044",(914)778-5390,,Ward PLC Hospital,2025-05-25 15:28:38.631174,EHR000180,MRN100180,Debra,Jennifer,Morse,,,1986-02-20,Female,Two or More Races,Not Hispanic or Latino,"73634 Oneal Ports, Port Neil, OH 11610",(914)778-5390,bhayes@example.com,2025-05-25 16:36:38.631174,0,0.9333333333333332,1.0,1.0,exact,0.39130434782608686,M620,M620,MARS,MARS,1,1,0.9333333333333332,0.9333333333333332,1.0,1.0,0.39130434782608686,0.4651162790697675,1.0,1.0
P00414,0,person_00414a,person_00414b,EMS000414,,Steven,Nicholas,Cohen,,,1957-01-18,Male,,,"5575 Vickie Extensions Suite 764, North Brianhaven, NV 44748",468.424.0516x65451,,"Walker, Bird and Frank Hospital",2024-10-04 14:54:43.429591,EHR000414,MRN200164,Kevin,John,Phillips,,,1944-04-24,Male,White,Not Hispanic or Latino,"86860 Mary View, Camacholand, NV 03106",863.209.4423,,2025-11-19 20:19:09.902120,0,0.7000000000000001,0.44166666666666665,0.0,no_match,0.34693877551020413,C500,P412,CAHAN,FALAP,0,0,0.7000000000000001,0.7000000000000001,0.44166666666666665,0.44166666666666665,0.326530612244898,0.34782608695652173,0.5787037037037037,0.5555555555555555
P00312,0,person_00312a,person_00312b,EMS000312,,Monica,Jennifer,Moore,,,1953-09-20,Female,Two or More Races,Unknown,"8631 Yu Glen, South Morganfurt, LA 83290",,,Davis Ltd Hospital,2025-02-08 06:18:27.020267,EHR000312,MRN200062,Jennifer,,Ramirez,,,1958-04-08,Female,White,Not Hispanic or Latino,"15388 Maria Harbor, Jessicaberg, NH 80467",001-505-604-0433x335,nicole16@example.net,2024-12-11 11:40:23.732864,0,0.5277777777777778,0.6761904761904761,0.0,no_match,0.345679012345679,M600,R562,MAR,RANAR,0,0,0.5277777777777778,0.5277777777777778,0.5619047619047619,0.6761904761904761,0.2962962962962963,0.33766233766233766,,
P00278,0,person_00278a,person_00278b,EMS000278,,Andrea,,Herrera,,,1946-07-24,Female,Black or African American,Not Hispanic or Latino,"8449 Rodriguez Crest Suite 318, Gonzalezhaven, AZ 61968",911.430.6211x3695,,"Smith, Le and Ramsey Hospital",2026-01-12 09:22:03.605530,EHR000278,MRN200028,Taylor,,Wang,,,1948-08-12,Female,White,Hispanic or Latino,"90254 Michael Flats Apt. 662, Williambury, HI 82711",657.407.1398,amystewart@example.org,2025-06-25 15:01:41.516495,0,0.5555555555555555,0.0,0.0,no_match,0.30188679245283023,H660,W520,HARAR,WANG,0,0,0.4444444444444444,0.5555555555555555,0.0,0.0,0.30188679245283023,0.36,0.5221755368814193,0.565079365079365
P00381,0,person_00381a,person_00381b,EMS000381,,Jeffery,,Price,,,1934-07-09,Male,Unknown,Unknown,"336 Pamela Stream Apt. 711, West Christopherside, SD 48916",001-345-782-9420x340,,Mcdonald LLC Hospital,2025-08-28 03:30:27.617427,EHR000381,MRN200131,Jason,,Griffin,,,1966-04-17,Male,White,Not Hispanic or Latino,"9466 Hernandez Center Apt. 082, Nicoletown, AS 18756",001-481-882-2387x940,arthurreed@example.org,2026-01-15 08:37:18.580635,0,0.4476190476190476,0.5619047619047619,0.0,no_match,0.4,P620,G615,PRAC,GRAFAN,0,0,0.4476190476190476,0.4476190476190476,0.5619047619047619,0.5619047619047619,0.4,0.3962264150943396,0.8575,0.8055555555555556
P00472,0,person_00472a,person_00472b,EMS000472,,John,,Mcknight,,,1993-09-27,Male,Unknown,Not Hispanic or Latino,"477 Katie Ridges Suite 314, Andersonstad, MN 61881",756.941.3547x41685,,"Bailey, Flores and Peterson Hospital",2025-02-25 13:25:12.420393,EHR000472,MRN200222,Shannon,Kimberly,Levy,,,1963-11-12,Female,Black or African American,Not Hispanic or Latino,"9475 Desiree Lodge Apt. 284, Port Jamesburgh, IA 28472",001-647-904-0714x6971,zle@example.net,2025-03-30 15:24:37.012400,0,0.5952380952380952,0.0,0.0,no_match,0.40384615384615385,M252,L100,MCNAGT,LAFY,0,0,0.5952380952380952,0.5952380952380952,0.0,0.0,0.3653846153846154,0.4489795918367348,0.6207311207311207,0.6516339869281046
P00362,0,person_00362a,person_00362b,EMS000362,,Christopher,Eugene,Williams,,,2021-06-17,Male,,Unknown,"6844 Stacey Oval Apt. 379, Port Jacobberg, CO 11766",8182780358,,Stout Ltd Hospital,2025-11-04 23:21:41.813757,EHR000362,MRN200112,Eddie,Andrew,Soto,,,1952-02-01,Male,Asian,Not Hispanic or Latino,"994 Thompson Island, South Curtisburgh, FL 65018",(343)838-7220x5422,nicholasflores@example.com,2025-12-15 02:39:18.261670,0,0.4303030303030304,0.0,0.0,no_match,0.34343434343434337,W452,S300,WALAN,SAT,0,0,0.4303030303030304,0.4303030303030304,0.0,0.0,0.3232323232323232,0.35789473684210527,0.601058201058201,0.638095238095238
P00324,0,person_00324a,person_00324b,EMS000324,,Eric,S.,Warren,,,1967-01-20,Male,White,Not Hispanic or Latino,"73677 Day Drive Apt. 258, West Keith, CA 69422",428.212.3123,,"Spencer, Blair and Long Hospital",2026-02-23 03:05:33.542249,EHR000324,MRN200074,Adam,,Davis,,,1953-11-29,Male,White,Not Hispanic or Latino,"87508 Katie Lodge, Lake Stephenburgh, MH 46387",775.445.8472x6290,dixonkimberly@example.net,2025-06-05 12:42:42.475714,0,0.0,0.4555555555555555,0.0,no_match,0.3695652173913043,W650,D120,WARAN,DAV,0,0,0.0,0.0,0.4555555555555555,0.4555555555555555,0.30434782608695654,0.36363636363636365,0.5065359477124183,0.5619047619047619
P00431,0,person_00431a,person_00431b,EMS000431,MRN300181,Linda,,Marshall,,,1953-06-26,Female,White,Not Hispanic or Latino,"04194 Sanchez Club, Monicaberg, WY 67418",001-514-247-8674x28021,,Flowers PLC Hospital,2025-01-13 11:20:00.617670,EHR000431,MRN200181,Vicki,Kristin,Page,,,1933-01-11,Female,White,Hispanic or Latino,"Unit 7891 Box 2139, DPO AP 94705",943.769.9055x855,heidi08@example.com,2026-06-14 19:30:42.019674,0,0.46666666666666656,0.45833333333333326,0.0,no_match,0.3055555555555556,M624,P200,MARSAL,PAG,0,0,0.46666666666666656,0.46666666666666656,0.45833333333333326,0.45833333333333326,0.2777777777777778,0.3188405797101449,0.4423701298701299,0.43162393162393164
P00347,0,person_00347a,person_00347b,EMS000347,,Tina,,Gutierrez,,,1954-09-21,Female,Unknown,Not Hispanic or Latino,"66732 Juan Springs, Susanmouth, MA 99360",001-888-675-9212,,Cook-Pierce Hospital,2025-09-01 17:07:07.592876,EHR000347,MRN200097,Jennifer,Regina,White,,Jennifer Smith,1996-08-11,Female,White,Not Hispanic or Latino,"214 Lucero Burg Apt. 071, Port Maxburgh, IN 94046",001-980-223-6219x21581,ariana61@example.org,2025-01-31 15:13:44.064909,0,0.41666666666666674,0.5333333333333333,0.0,no_match,0.3820224719101124,G362,W300,GATAR,WAT,0,0,0.41666666666666674,0.41666666666666674,0.5333333333333333,0.5333333333333333,0.35955056179775285,0.42352941176470593,0.6985722610722611,0.6749287749287749
P00086,1,person_00086,person_00086,EMS000086,,Michael,,Saners,,,1962-03-26,Male,Two or More Races,Hispanic or Latino,"69848 Joseph Plaza, East Jason, VT 38587",+1-652-828-8515x87996,,Gonzalez and Sons Hospital,2024-10-07 22:44:40.360614,EHR000086,MRN100086,Michael,David,Sanders,,,1963-03-26,Male,Two or More Races,Hispanic or Latino,"69848 Joseph Plaza, East Jason, VT 38587",+1-652-828-8515x87996,millsanthony@example.org,2024-10-07 23:42:40.360614,0,1.0,0.9666666666666667,0.7,month_day_match_year_differs,1.0,S562,S536,SANAR,SANDAR,0,0,1.0,1.0,0.9666666666666667,0.9666666666666667,1.0,1.0,1.0,1.0
P00075,1,person_00075,person_00075,EMS000075,,Dick,Richard,Dilllon,,,2014-04-10,Male,Two or More Races,Unknown,"7997 Gerald Lodge Apt. 996, South Pamelamouth, UT 31640",9743505444,,Adams-Butler Hospital,2026-03-18 14:22:21.546524,EHR000075,MRN100075,Richard,Richard,Dillon,,,2014-04-10,Male,Two or More Races,Not Hispanic or Latino,"7997 Gerald Lodge Apt. 996, South Pamelamouth, UT 31640",9743505444,dennismccann@example.com,2026-03-18 15:20:21.546524,0,0.5952380952380952,0.9714285714285714,1.0,exact,1.0,D450,D450,DALAN,DALAN,1,1,0.5952380952380952,0.5952380952380952,0.9714285714285714,0.9714285714285714,1.0,1.0,1.0,1.0
P00438,0,person_00438a,person_00438b,EMS000438,,Carol,,Fernandez,,,1969-03-07,Female,Two or More Races,,"360 Bowman Glen, Pamelaberg, AK 74201",(564)790-1324x951,,Garcia Group Hospital,2025-01-21 03:38:02.214931,EHR000438,MRN200188,Angela,,Nolan,,,1958-05-19,Female,White,Not Hispanic or Latino,"080 Stephanie Street Apt. 441, West Bryanbury, CA 46188",(968)651-3538x1483,gflores@example.org,2025-11-29 08:15:43.743149,0,0.5777777777777778,0.6444444444444445,0.0,no_match,0.3695652173913043,F655,N450,FARNAND,NALAN,0,0,0.4555555555555555,0.5777777777777778,0.374074074074074,0.6444444444444445,0.34782608695652173,0.34090909090909094,0.736764705882353,0.6456043956043956
P00015,1,person_00015,person_00015,EMS000015,,Bryan,J.,Gill,,,1948-04-01,Male,White,,,+1-942-971-0947,,Morales Inc Hospital,2024-11-21 12:33:19.561702,EHR000015,MRN100015,Bryan,Joshua,Gill,,,1948-04-01,Male,White,Not Hispanic or Latino,"9894 Marissa Hill Apt. 524, Lake Amandaview, AZ 07647",+1-942-971-0947,jack04@example.com,2024-11-21 13:18:19.561702,0,1.0,1.0,1.0,exact,,G400,G400,GAL,GAL,1,1,1.0,1.0,1.0,1.0,,,1.0,1.0
P00249,1,person_00249,person_00249,EMS000249,,Diana,,Hobbs,,,1960-07-11,Female,Unknown,,"44773 Keith Green, East Elizabethberg, CT 27612",+1-282-909-0883,,Meyer-Guerra Hospital,2025-07-07 17:40:21.445593,EHR000249,MRN100249,Diana,,Hobbs,Sr.,,1960-07-11,Female,Black or African American,Not Hispanic or Latino,"44773 Keith Green, East Elizabethberg, CT 27612",+1-282-909-0883,woodjuan@example.net,2025-07-07 18:16:21.445593,0,1.0,1.0,1.0,exact,1.0,H120,H120,HAB,HAB,1,1,1.0,1.0,1.0,1.0,1.0,1.0,1.0,1.0
P00433,0,person_00433a,person_00433b,EMS000433,MRN300183,Diane,,Frye,,,2018-11-02,Female,White,,"602 Martin Mission Apt. 333, New Laura, TX 79115",252-431-5828x6304,,"Richards, Rodriguez and Allen Hospital",2024-12-18 15:37:00.334777,EHR000433,MRN200183,Lindsay,,Ramos,,Lindsay Garcia,1958-09-25,Female,White,Not Hispanic or Latino,"04167 Rebecca Knolls, New Gregory, MO 50629",+1-437-206-3250x313,amanda50@example.org,2025-07-01 12:22:45.238327,0,0.5619047619047619,0.4833333333333334,0.0,no_match,0.37362637362637363,F600,R520,FRY,RAN,0,0,0.5619047619047619,0.5619047619047619,0.0,0.4833333333333334,0.3516483516483516,0.37209302325581395,0.6680426556587546,0.6137566137566138
P00019,1,person_00019,person_00019,EMS000019,,Maria,B.,Cantu,,,1958-05-22,Female,White,Not Hispanic or Latino,"7378 Patrick Rapid Apt. 146, Sarahhaven, KY 00837",849-997-2787x5588,,Williams-Garner Hospital,2025-02-16 19:08:20.899526,EHR000019,MRN100019,Maria,Brittany,Cantu,,,1958-05-22,Female,White,Not Hispanic or Latino,"7378 Patrick Rapid Apt. 146, Sarahhaven, KY 00837",849-997-2787x5588,molly39@example.com,2025-02-16 20:25:20.899526,0,1.0,1.0,1.0,exact,1.0,C530,C530,CANT,CANT,1,1,1.0,1.0,1.0,1.0,1.0,1.0,1.0,1.0
P00322,0,person_00322a,person_00322b,EMS000322,,Alexis,,Flores,Sr.,,1976-12-31,Female,Unknown,Not Hispanic or Latino,"03491 Sara Creek Suite 972, East Adriennemouth, OR 31436",701-753-6415x471,,Kirk PLC Hospital,2024-09-04 02:21:38.520688,EHR000322,MRN200072,Lisa,Cindy,Barnes,,,1999-10-22,Female,White,Hispanic or Latino,"USS Allen, FPO AA 59133",300-994-2141x05276,jacobsmary@example.com,2025-05-20 21:04:41.125691,0,0.4722222222222221,0.6666666666666666,0.0,no_match,0.379746835443038,F462,B652,FLAR,BARN,0,0,0.0,0.4722222222222221,0.6666666666666666,0.6666666666666666,0.379746835443038,0.34666666666666673,0.6752946127946128,0.5912393162393162
P00332,0,person_00332a,person_00332b,EMS000332,,Andre,,Hoover,Jr.,,1937-05-15,Male,,Unknown,"4822 Shannon Knolls Apt. 978, Samueltown, ND 23120",3044806757,,"Tran, Walker and Sharp Hospital",2025-01-06 12:01:36.852754,EHR000332,MRN200082,Jamie,Phillip,Contreras,,,2019-05-29,Male,White,Not Hispanic or Latino,"942 Castro Parkways Apt. 769, Beckton, KY 06154",001-753-814-1961,snyderandrea@example.org,2025-03-25 17:26:43.689280,0,0.6,0.5,0.0,no_match,0.41237113402061853,H160,C536,HAVAR,CANTRAR,0,0,0.46666666666666656,0.6,0.5,0.5,0.3917525773195877,0.4130434782608695,0.5696428571428571,0.6801282051282053
P00056,1,person_00056,person_00056,EMS000056,,Cahrles,,Gibson,,,1948-04-25,Male,White,Not Hispanic or Latino,"77514 Lisa Crescent Apt. 512, New Greg, GA 43884",+1-267-536-2266,,Ramirez Ltd Hospital,2026-01-26 23:31:15.565277,EHR000056,MRN100056,Charles,Eric,Gibson,,,1950-04-25,Male,White,Not Hispanic or Latino,"77514 Lisa Crescent Apt. 512, New Greg, GA 43884",+1-267-536-2266,yvargas@example.org,2026-01-27 00:08:15.565277,0,0.9571428571428572,1.0,0.7,month_day_match_year_differs,1.0,G125,G125,GABSAN,GABSAN,1,1,0.9571428571428572,0.9571428571428572,1.0,1.0,1.0,1.0,1.0,1.0
P00301,0,person_00301a,person_00301b,EMS000301,MRN300051,Nathan,J.,Martinez,,,1991-11-14,Male,Two or More Races,Not Hispanic or Latino,"USNV Pineda, FPO AE 62527",+1-905-926-3510x0462,,Preston-Chaney Hospital,2026-02-24 16:48:18.011853,EHR000301,MRN200051,Casey,Gabriel,Levy,,,1970-10-14,Male,Black or African American,Unknown,"24617 Hernandez Dam, New Cassandra, KY 27011",001-526-500-5595x5017,marvinhopkins@example.net,2025-03-17 22:21:32.665283,0,0.4555555555555555,0.0,0.0,no_match,0.3188405797101449,M635,L100,MARTAN,LAFY,0,0,0.4555555555555555,0.4555555555555555,0.0,0.0,0.28985507246376807,0.33333333333333337,0.6460317460317461,0.6183006535947713
P00229,1,person_00229,person_00229,EMS000229,,Natasha,Cynthia,Shannoon,,,1931-05-17,Female,Unknown,Not Hispanic or Latino,"09431 Joshua River, Myersville, IN 96697",6669343629,,"Adams, Harris and Floyd Hospital",2025-02-28 00:48:19.634674,EHR000229,MRN100229,Natasha,Cynthia,Shannon,,Natasha Lopez,1933-05-17,Female,White,Not Hispanic or Latino,"4181 Reynolds Drive Suite 868, Brianview, MN 13321",6669343629,drodriguez@example.net,2025-02-28 01:04:19.634674,0,1.0,0.975,0.7,month_day_match_year_differs,0.37777777777777777,S550,S550,SANAN,SANAN,1,1,1.0,1.0,0.975,0.975,0.3111111111111111,0.3764705882352941,1.0,1.0
P00331,0,person_00331a,person_00331b,EMS000331,,Nicole,A.,Odonnell,,,2021-06-06,Female,Unknown,Not Hispanic or Latino,"0779 Wright Village Apt. 562, Lake Haley, NY 88284",001-394-699-1970,,"Matthews, Roberts and Stanley Hospital",2026-02-15 03:13:01.238733,EHR000331,MRN200081,Brenda,Cindy,Williams,,,1974-06-07,Female,White,Not Hispanic or Latino,"PSC 2116, Box 0204, APO AE 72033",935-499-8989,millersean@example.org,2025-09-26 19:39:29.797257,0,0.0,0.41666666666666674,0.0,no_match,0.31707317073170727,O354,W452,ODANAL,WALAN,0,0,0.0,0.0,0.41666666666666674,0.41666666666666674,0.2682926829268293,0.3076923076923077,0.6388888888888888,0.6316239316239316
P00132,1,person_00132,person_00132,EMS000132,,Jack,,Mcclure,,,1972-04-08,Male,Two or More Races,Not Hispanic or Latino,"20417 Mary Circles, North Tylerbury, CA 27061",205-406-1387x82931,,Rogers-Huff Hospital,2024-10-02 15:24:27.901469,EHR000132,MRN100132,John,,Mcclure,,,1972-04-08,Male,Two or More Races,Not Hispanic or Latino,"09376 Laura Row, Victormouth, AK 05356",205-406-1387x82931,evaldez@example.net,2024-10-02 16:54:27.901469,0,0.5,1.0,1.0,exact,0.40963855421686746,M246,M246,MCLAR,MCLAR,1,1,0.5,0.5,1.0,1.0,0.36144578313253023,0.40506329113924056,1.0,1.0
P00137,1,person_00137,person_00137,EMS000137,MRN100137,Paul,M.,Russelll,,,1951-05-16,Male,Black or African American,Not Hispanic or Latino,"107 Martin Mount, South Stevenberg, VI 92662",(525)370-1658x0464,,Rodriguez LLC Hospital,2025-05-23 01:44:29.623969,EHR000137,MRN100137,Paul,Michael,Russell,,,1951-05-16,Male,Black or African American,Not Hispanic or Latino,"107 Martin Mount, South Stevenberg, VI 92662",(525)370-1658x0464,jill08@example.net,2025-05-23 03:11:29.623969,1,1.0,0.975,1.0,exact,1.0,R240,R240,RASAL,RASAL,1,1,1.0,1.0,0.975,0.975,1.0,1.0,1.0,1.0
P00423,0,person_00423a,person_00423b,EMS000423,,Miranda,,Hanna,,,1938-10-23,Female,Unknown,Not Hispanic or Latino,"1143 Olson Loop, Lake Dale, AS 02438",481.787.1096x8564,,Bird Group Hospital,2025-11-03 07:24:13.933044,EHR000423,MRN200173,Kimberly,,Monroe,,,1944-03-23,Female,Two or More Races,Not Hispanic or Latino,"15423 Richard Center, East Brian, NY 57089",950-252-2411x42066,edwardsjonathan@example.net,2024-12-11 16:04:51.812266,0,0.4900793650793651,0.4555555555555555,0.0,no_match,0.33333333333333337,H500,M560,HAN,MANR,0,0,0.5119047619047619,0.4900793650793651,0.4555555555555555,0.4555555555555555,0.3076923076923077,0.29729729729729726,0.5049797696856521,0.4984126984126984
P00335,0,person_00335a,person_00335b,EMS000335,,Timothy,,Small,,,1934-11-20,Male,Unknown,,"60398 Clark Island Apt. 621, Markton, MS 64137",6004994248,,"Lopez, Barnes and Haynes Hospital",2026-06-01 00:02:28.188064,EHR000335,MRN200085,Michael,,Hill,,,2016-06-13,Male,White,Hispanic or Latino,"7605 Baker Bridge Suite 565, Avilamouth, ND 04326",001-874-453-3890,,2026-03-25 08:30:27.987546,0,0.5079365079365079,0.6333333333333333,0.0,no_match,0.42105263157894735,S540,H400,SNAL,HAL,0,0,0.5238095238095238,0.5079365079365079,0.6333333333333333,0.6333333333333333,0.3789473684210526,0.4444444444444444,0.5375,0.6282051282051282
P00025,1,person_00025,person_00025,EMS000025,,Danielel,Carrie,Guerrero,,,1932-02-09,Female,White,Hispanic or Latino,"502 Williams Streets, Foxland, NJ 59257",001-258-991-7839x08470,,Jones-Miller Hospital,2026-02-01 13:54:44.440521,EHR000025,MRN100025,Danielle,Carrie,Guerrero,,,1933-02-09,Female,White,Hispanic or Latino,"502 Williams Streets, Foxland, NJ 59257",001-258-991-7839x08470,gsimmons@example.com,2026-02-01 15:19:44.440521,0,0.975,1.0,0.7,month_day_match_year_differs,1.0,G660,G660,GARAR,GARAR,1,1,0.975,0.975,1.0,1.0,1.0,1.0,1.0,1.0
P00464,0,person_00464a,person_00464b,EMS000464,,Paul,,Villarreal,,,1969-12-15,Male,White,,"PSC 7741, Box 3135, APO AE 66755",+1-530-725-8534x65815,,Collins and Sons Hospital,2026-01-26 03:12:58.183626,EHR000464,MRN200214,Erin,Sherri,Roman,,,1936-02-28,Female,White,Not Hispanic or Latino,"128 Rivera Valley Apt. 675, East Amanda, PR 13228",001-534-389-1800,michelle34@example.org,2026-08-17 12:54:21.698359,0,0.0,0.43333333333333335,0.0,no_match,0.3703703703703704,V464,R550,VALARAL,RANAN,0,0,0.0,0.0,0.43333333333333335,0.43333333333333335,0.3703703703703704,0.33766233766233766,0.6349206349206349,0.603454415954416
P00281,0,person_00281a,person_00281b,EMS000281,,Kim,Lisa,Moore,,,,Female,Two or More Races,Not Hispanic or Latino,"Unit 3127 Box 1026, DPO AA 50225",720.795.7992x7079,,"Ellis, Miller and Arnold Hospital",2025-03-17 11:40:25.908987,EHR000281,MRN200031,Lori,,Byrd,,,2017-10-02,Female,White,Not Hispanic or Latino,"541 Morrison Union, Smithshire, MT 22660",(643)684-8075x203,vferrell@example.org,2026-08-27 01:59:31.499007,0,0.0,0.4833333333333334,,missing,0.3055555555555556,M600,B630,MAR,BYD,0,0,0.0,0.0,0.4833333333333334,0.4833333333333334,0.33333333333333337,0.3188405797101449,0.39607843137254894,0.5805860805860806
P00247,1,person_00247,person_00247,EMS000247,,Tammy,D.,Blankenship,,,1994-09-13,Female,White,Not Hispanic or Latino,"5511 Fisher Drive Suite 327, East Davidview, WV 73190",001-871-820-6021x288,,Merritt-Villanueva Hospital,2025-04-01 12:02:24.942509,EHR000247,MRN100247,Tammy,Danielle,Blankenship,II,,1994-09-13,Female,White,Not Hispanic or Latino,"5511 Fisher Drive Suite 327, East Davidview, WV 73190",001-871-820-6021x288,david83@example.net,2025-04-01 13:31:24.942509,0,1.0,1.0,1.0,exact,1.0,B452,B452,BLANCANSAP,BLANCANSAP,1,1,1.0,1.0,1.0,1.0,1.0,1.0,1.0,1.0
P00237,1,person_00237,person_00237,EMS000237,,Nathan,Donald,Holden,IV,,,Male,White,Not Hispanic or Latino,"8681 Diana Knoll, Stephenberg, KY 86804",761-776-7929x8842,,Ortega Group Hospital,2024-12-24 11:05:45.918491,EHR000237,MRN100237,Nathan,Donald,Holden,IV,,1964-08-24,Male,White,Not Hispanic or Latino,"8681 Diana Knoll, Stephenberg, KY 86804",761-776-7929x8842,bjones@example.net,2024-12-24 11:54:45.918491,0,1.0,1.0,,missing,1.0,H435,H435,HALDAN,HALDAN,1,1,1.0,1.0,1.0,1.0,1.0,1.0,1.0,1.0
P00117,1,person_00117,person_00117,EMS000117,,Becky,A.,Cole,,,1965-02-20,Female,,Unknown,,5642474212,,Johnson-Nash Hospital,2026-04-12 00:20:24.998624,EHR000117,MRN100117,Becky,Ashley,Cole,,,1965-02-20,Female,Two or More Races,Hispanic or Latino,"892 Pierce Cape Apt. 592, Port Duane, WI 93830",5642474212,alexander77@example.net,2026-04-12 00:55:24.998624,0,1.0,1.0,1.0,exact,,C400,C400,CAL,CAL,1,1,1.0,1.0,1.0,1.0,,,1.0,1.0
P00042,1,person_00042,person_00042,EMS000042,,Michael,W.,Silav,,,2006-09-05,Male,White,Not Hispanic or Latino,,409.813.0756,,Payne-Lowe Hospital,2026-05-29 18:15:20.032542,EHR000042,MRN100042,Michael,William,Silva,,,2006-05-09,Male,White,Not Hispanic or Latino,"749 Jennifer Prairie, Jacksonfurt, FL 89725",409.813.0756,roberthampton@example.com,2026-05-29 19:24:20.032542,0,1.0,0.9533333333333333,0.85,month_day_transposed,,S410,S410,SALAV,SALV,1,0,1.0,1.0,0.9533333333333333,0.9533333333333333,,,1.0,1.0
P00220,1,person_00220,person_00220,EMS000220,,Trevor,Gregory,Leeon,,,1974-09-26,Male,,Not Hispanic or Latino,,+1-830-560-0025x89552,,"Patterson, Ayers and Myers Hospital",2026-04-27 10:10:24.885547,EHR000220,MRN100220,Trevor,Gregory,Leon,,,1974-09-26,Male,White,Not Hispanic or Latino,"PSC 6053, Box 8444, APO AA 54858",+1-830-560-0025x89552,plee@example.com,2026-04-27 10:56:24.885547,0,1.0,0.9466666666666665,1.0,exact,,L500,L500,LAN,LAN,1,1,1.0,1.0,0.9466666666666665,0.9466666666666665,,,1.0,1.0
P00176,1,person_00176,person_00176,EMS000176,,Anhtony,,Patel,,,1958-09-14,Male,Black or African American,Not Hispanic or Latino,"07049 Jones Springs, New Brettfurt, MO 13061",,,"Walton, Hall and Greene Hospital",2026-06-30 19:49:51.224727,EHR000176,MRN100176,Anthony,Thomas,Patel,Jr.,,1960-09-14,Male,Black or African American,Not Hispanic or Latino,"90361 James Isle Suite 110, Reynoldstown, OR 82591",943-317-3505x83199,friley@example.org,2026-06-30 21:13:51.224727,0,0.9619047619047619,1.0,0.7,month_day_match_year_differs,0.42553191489361697,P340,P340,PATAL,PATAL,1,1,0.9619047619047619,0.9619047619047619,1.0,1.0,0.42553191489361697,0.4269662921348315,,
P00320,0,person_00320a,person_00320b,EMS000320,,Angel,Laura,Murphy,Sr.,,1968-06-18,Female,Unknown,Unknown,"984 Russell Rest, Kristatown, GA 17130",6504938694,,"Patel, Maldonado and Smith Hospital",2026-08-26 10:07:46.989255,EHR000320,MRN200070,Kristen,Andrea,Miller,,,1963-08-09,Female,Unknown,Unknown,"71523 West Neck Apt. 820, Hillland, RI 08821",001-977-498-7682x9968,lukeray@example.com,2024-09-27 01:47:11.628304,0,0.4476190476190476,0.4444444444444444,0.0,no_match,0.4390243902439024,M610,M460,MARFY,MALAR,0,0,0.4476190476190476,0.4476190476190476,0.4444444444444444,0.4444444444444444,0.4390243902439024,0.4358974358974359,0.5174603174603174,0.5398692810457516
P00153,1,person_00153,person_00153,EMS000153,,Sarrah,,Stuart,,,1976-10-25,Female,Unknown,Not Hispanic or Latino,"USNS Thomas, FPO AE 28564",001-581-389-8471,,Gonzales-King Hospital,2026-02-24 15:09:57.884313,EHR000153,MRN100153,Sarah,,Stuart,,,1976-10-25,Female,White,Not Hispanic or Latino,"9416 Powers Course, Hahnberg, IA 15172",001-581-389-8471,mark96@example.net,2026-02-24 16:24:57.884313,0,0.9611111111111111,1.0,1.0,exact,0.31746031746031744,S363,S363,STAD,STAD,1,1,0.9611111111111111,0.9611111111111111,1.0,1.0,0.25396825396825395,0.30000000000000004,1.0,1.0
P00231,1,person_00231,person_00231,EMS000231,,Micael,Earl,Perze,,,1978-06-17,Male,White,Hispanic or Latino,"45775 Alvarado Glen, Stephenstad, ME 93582",289-571-4802x63257,,Fowler-Sheppard Hospital,2025-01-18 18:46:52.735070,EHR000231,MRN100231,Michael,Earl,Perez,,,1978-06-17,Male,White,Hispanic or Latino,"45775 Alvarado Glen, Stephenstad, ME 93582",289-571-4802x63257,vhoward@example.org,2025-01-18 20:04:52.735070,0,0.9666666666666667,0.9533333333333333,1.0,exact,1.0,P620,P620,PARS,PAR,1,0,0.9666666666666667,0.9666666666666667,0.9533333333333333,0.9533333333333333,1.0,1.0,1.0,1.0
P00227,1,person_00227,person_00227,EMS000227,,Misty,R.,Cabreera,,,1981-09-23,Female,Unknown,Not Hispanic or Latino,"0104 Joseph Spurs, Nelsonburgh, DC 76975",,,Dawson-Gomez Hospital,2025-03-10 21:27:37.394631,EHR000227,MRN100227,Misty,Robin,Cabrera,,,1981-09-23,Female,White,Not Hispanic or Latino,"0104 Joseph Spurs, Nelsonburgh, DC 76975",912.952.9671x883,marc73@example.org,2025-03-10 22:07:37.394631,0,1.0,0.975,1.0,exact,1.0,C166,C166,CABRAR,CABRAR,1,1,1.0,1.0,0.975,0.975,1.0,1.0,,
P00417,0,person_00417a,person_00417b,EMS000417,,Carolyn,Kaitlyn,Carey,,,1936-01-15,Female,White,Not Hispanic or Latino,"4870 Patrick Mission Suite 417, Crawfordmouth, ID 78272",718.989.0737x81591,,Banks Group Hospital,2025-09-07 06:32:43.163133,EHR000417,MRN200167,Victoria,Pamela,Burton,,,1946-08-03,Female,White,Not Hispanic or Latino,"488 Jenkins Pine, Port Erictown, TX 63282",(312)439-6121x9051,yboone@example.org,2024-12-05 22:24:59.624107,0,0.4900793650793651,0.4555555555555555,0.0,no_match,0.39583333333333337,C600,B635,CARY,BARTAN,0,0,0.3452380952380951,0.4900793650793651,0.4555555555555555,0.4555555555555555,0.375,0.39560439560439564,0.5555555555555555,0.5765873015873016
P00203,1,person_00203,person_00203,EMS000203,,Michelle,Rhonda,Hayens,,,1947-11-16,Female,Unknown,Not Hispanic or Latino,"Unit 9231 Box 2604, DPO AE 19664",(909)231-0668x43356,,Hahn-Dawson Hospital,2025-03-14 20:43:39.511019,EHR000203,MRN100203,Michelle,Rhonda,Haynes,,Michelle Shaw,1947-11-16,Female,Unknown,Not Hispanic or Latino,"Unit 9231 Box 2604, DPO AE 19664",(909)231-0668x43356,tschneider@example.org,2025-03-14 21:39:39.511019,0,1.0,0.9611111111111111,1.0,exact,1.0,H520,H520,HAYAN,HAYN,1,0,1.0,1.0,0.9611111111111111,0.9611111111111111,1.0,1.0,1.0,1.0
P00126,1,person_00126,person_00126,EMS000126,,James,J.,Bates,,,1975-10-10,Male,White,Unknown,"8950 Ashley Squares Suite 197, East Jessicahaven, PR 98881",596.492.7868x765,,Marshall-Miller Hospital,2026-05-10 18:11:37.391072,EHR000126,MRN100126,James,Joshua,Bates,,,1975-10-10,Male,White,Not Hispanic or Latino,"6242 Alexander Rue Apt. 276, North Derrick, AS 55008",596.492.7868x765,kjacobs@example.com,2026-05-10 19:34:37.391072,0,1.0,1.0,1.0,exact,0.4363636363636364,B320,B320,BAT,BAT,1,1,1.0,1.0,1.0,1.0,0.4,0.49523809523809526,1.0,1.0
P00329,0,person_00329a,person_00329b,EMS000329,,Sean,,Brown,,,1932-04-06,Male,White,Not Hispanic or Latino,"9756 Dean Land Suite 955, Ronaldburgh, IA 33436",,,Owen and Sons Hospital,2026-07-27 23:31:57.084159,EHR000329,MRN200079,Julian,Brian,Ross,,Julian Hines,1939-03-18,Male,White,Hispanic or Latino,"081 West Drive, Port Jennifermouth, VT 08470",713.380.6713x073,hesskeith@example.net,2025-08-24 14:31:22.933936,0,0.611111111111111,0.6333333333333333,0.0,no_match,0.3296703296703297,B650,R200,BRAON,R,0,0,0.611111111111111,0.611111111111111,0.4833333333333334,0.6333333333333333,0.3076923076923077,0.3023255813953488,,
P00031,1,person_00031,person_00031,EMS000031,,Nancy,Amanda,Sttout,,,1948-07-17,Female,White,Not Hispanic or Latino,"71518 Benjamin Station, Ritterhaven, NC 80429",(755)346-6590,,"Brandt, Morrison and Hernandez Hospital",2026-02-09 20:35:07.770456,EHR000031,MRN100031,Nancy,Amanda,Stout,,Nancy Armstrong,1948-07-17,Female,White,Not Hispanic or Latino,"71518 Benjamin Station, Ritterhaven, NC 80429",(755)346-6590,cody64@example.com,2026-02-09 21:26:07.770456,0,1.0,0.9022222222222223,1.0,exact,1.0,S330,S330,STAT,STAT,1,1,1.0,1.0,0.9022222222222223,0.9022222222222223,1.0,1.0,1.0,1.0
P00113,1,person_00113,person_00113,EMS000113,,Sean,,Hll,,,1966-10-29,Male,Unknown,Unknown,"Unit 1579 Box 8123, DPO AP 60530",+1-400-238-4576,,"Hill, Brown and Scott Hospital",2026-08-27 17:43:49.386382,EHR000113,MRN100113,Sean,Matthew,Hall,,,1966-10-29,Male,White,Unknown,"Unit 1579 Box 8123, DPO AP 60530",+1-400-238-4576,gabrielle54@example.org,2026-08-27 18:19:49.386382,0,1.0,0.9249999999999999,1.0,exact,1.0,H400,H400,HL,HAL,1,0,1.0,1.0,0.9249999999999999,0.9249999999999999,1.0,1.0,1.0,1.0
P00470,0,person_00470a,person_00470b,EMS000470,,Joseph,David,Pena,,,1938-07-12,Male,White,Not Hispanic or Latino,"0334 Charles Walk, Monicamouth, WA 32221",(786)567-1554x460,,White-Green Hospital,2024-12-09 13:06:12.988104,EHR000470,MRN200220,John,Derek,Adkins,,John Ewing,1990-10-18,Male,White,Not Hispanic or Latino,"53649 Daniel Spurs, Lake Alyssa, MI 54079",228.950.2155x383,upeterson@example.net,2026-06-28 23:30:06.295325,0,0.611111111111111,0.4722222222222221,0.0,no_match,0.3703703703703704,P500,A325,PAN,ADCAN,0,0,0.611111111111111,0.611111111111111,0.4722222222222221,0.4722222222222221,0.32098765432098764,0.34210526315789463,0.5759803921568628,0.5897435897435898
P00271,0,person_00271a,person_00271b,EMS000271,,Kelly,Rebecca,Cox,,,1952-07-20,Female,Unknown,Hispanic or Latino,"USNS Brooks, FPO AE 89681",(293)828-9634,,"George, Hall and Gonzales Hospital",2025-04-14 11:33:09.227401,EHR000271,MRN200021,John,Chad,Hurley,,,1930-09-11,Male,White,Not Hispanic or Latino,"99106 Douglas View Apt. 362, Myersborough, IA 46429",934-426-1923,kathleen01@example.net,2024-11-13 03:22:56.880499,0,0.0,0.0,0.0,no_match,0.26315789473684215,C200,H640,CAX,HARLY,0,0,0.0,0.0,0.0,0.0,0.26315789473684215,0.3013698630136986,0.6773504273504273,0.7047619047619048
P00140,1,person_00140,person_00140,EMS000140,,Donna,Sarah,Hernandez,,,1957-09-04,Female,Unknown,,"USNS Joseph, FPO AA 24392",(922)631-0592,,Hernandez-West Hospital,2025-04-18 16:56:25.407787,EHR000140,MRN100140,Donna,Sarah,Hernandez,,,1957-09-04,Female,White,Not Hispanic or Latino,"USNS Joseph, FPO AA 24392",(922)631-0592,jack80@example.net,2025-04-18 17:21:25.407787,0,1.0,1.0,1.0,exact,1.0,H655,H655,HARNAND,HARNAND,1,1,1.0,1.0,1.0,1.0,1.0,1.0,1.0,1.0
P00057,1,person_00057,person_00057,EMS000057,,Robert,,Garcia,,,2013-01-07,Male,White,Unknown,"274 Jacob Ville, Harveystad, AL 64019",001-749-491-2513x412,,Lee Group Hospital,2025-06-06 11:27:11.995677,EHR000057,MRN100057,Robert,Arthur,Garcia,II,,2013-07-01,Male,White,Not Hispanic or Latino,"71478 Harper Ridge Suite 915, Meganburgh, GU 88789",001-749-491-2513x412,ibarnes@example.net,2025-06-06 12:13:11.995677,0,1.0,1.0,0.85,month_day_transposed,0.367816091954023,G620,G620,GARC,GARC,1,1,1.0,1.0,1.0,1.0,0.367816091954023,0.3902439024390244,1.0,1.0
P00192,1,person_00192,person_00192,EMS000192,,Amber,,Nguyen,,,1972-11-13,Female,Unknown,Not Hispanic or Latino,"915 Crosby Mountains Apt. 649, Lake Douglas, NC 75460",001-980-527-1487x271,,Graham Ltd Hospital,2026-01-23 10:54:11.216378,EHR000192,MRN100192,Amber,Rhonda,Nguyen,,,1972-11-13,Female,White,Not Hispanic or Latino,"915 Crosby Mountains Apt. 649, Lake Douglas, NC 75460",001-980-527-1487x271,jasonmullins@example.net,2026-01-23 11:41:11.216378,0,1.0,1.0,1.0,exact,1.0,N250,N250,NGAYAN,NGAYAN,1,1,1.0,1.0,1.0,1.0,1.0,1.0,1.0,1.0
P00024,1,person_00024,person_00024,EMS000024,,Scott,,Jennnings,,,1982-05-21,Male,White,Not Hispanic or Latino,"Unit 5064 Box 3171, DPO AP 28302",+1-590-505-3293x1839,,Huerta PLC Hospital,2026-05-19 05:35:55.021924,EHR000024,MRN100024,Scott,Brett,Jennings,,,1982-05-21,Male,White,Not Hispanic or Latino,"Unit 5064 Box 3171, DPO AP 28302",+1-590-505-3293x1839,kim90@example.com,2026-05-19 06:57:55.021924,0,1.0,0.9527777777777777,1.0,exact,1.0,J552,J552,JANANG,JANANG,1,1,1.0,1.0,0.9527777777777777,0.9527777777777777,1.0,1.0,1.0,1.0
P00017,1,person_00017,person_00017,EMS000017,,evin,,Gonzzalez,,,1941-07-25,Male,Black or African American,Not Hispanic or Latino,"027 Moon Falls Suite 717, Rickymouth, TN 14211",001-664-288-7719x065,,Rivera Ltd Hospital,2025-11-02 01:35:30.711023,EHR000017,MRN100017,Kevin,Robert,Gonzalez,,,1941-07-25,Male,Black or African American,Unknown,"2102 Larson Views, Scottmouth, UT 40358",001-664-288-7719x065,perezemily@example.net,2025-11-02 02:57:30.711023,0,0.9333333333333332,0.9277777777777778,1.0,exact,0.49411764705882355,G524,G524,GANSAL,GANSAL,1,1,0.9333333333333332,0.9333333333333332,0.9277777777777778,0.9277777777777778,0.4705882352941176,0.4871794871794872,1.0,1.0
P00265,0,person_00265a,person_00265b,EMS000265,,Daniel,John,Hudson,,,1985-12-03,Male,White,Not Hispanic or Latino,"739 Gay Glen, Guzmanfort, SC 23639",987-384-4483x54884,,Wood-Torres Hospital,2026-07-12 14:35:58.992296,EHR000265,MRN200015,John,Christopher,Jones,,,1971-09-14,Male,White,Not Hispanic or Latino,"8231 Jason Parkway Suite 587, Lake Kevinborough, OK 88566",(752)936-2292,rchan@example.org,2025-08-09 22:59:26.162945,0,0.4722222222222221,0.4555555555555555,0.0,no_match,0.3296703296703297,H325,J520,HADSAN,JAN,0,0,0.4722222222222221,0.4722222222222221,0.4555555555555555,0.4555555555555555,0.3076923076923077,0.3023255813953488,0.34330484330484334,0.38888888888888884
P00066,1,person_00066,person_00066,EMS000066,,Elizabeth,,Daen,,,1974-09-25,Female,Unknown,Unknown,"83206 Jesse Key Apt. 506, Daltonhaven, IA 55527",302.441.0386x5719,,Young LLC Hospital,2025-07-13 22:20:43.718586,EHR000066,MRN100066,Elizabeth,,Dean,,,1974-09-25,Female,Two or More Races,Not Hispanic or Latino,"83206 Jesse Key Apt. 506, Daltonhaven, IA 55527",302.441.0386x5719,,2025-07-13 22:38:43.718586,0,1.0,0.9249999999999999,1.0,exact,1.0,D500,D500,DAN,DAN,1,1,1.0,1.0,0.9249999999999999,0.9249999999999999,1.0,1.0,1.0,1.0
P00208,1,person_00208,person_00208,EMS000208,,James,,Smith,,,2009-07-24,Male,White,Hispanic or Latino,"USNS Wright, FPO AE 35583",(490)901-8513,,Brown Ltd Hospital,2025-08-15 00:25:34.853058,EHR000208,MRN100208,James,Brian,Smith,,,2009-07-24,Male,White,Hispanic or Latino,"USNS Wright, FPO AE 35583",(490)901-8513,tochoa@example.com,2025-08-15 01:48:34.853058,0,1.0,1.0,1.0,exact,1.0,S530,S530,SNAT,SNAT,1,1,1.0,1.0,1.0,1.0,1.0,1.0,1.0,1.0
P00479,0,person_00479a,person_00479b,EMS000479,,Virginia,Allison,Harris,,,1931-08-26,Female,Asian,Hispanic or Latino,"560 Gray Ramp Apt. 613, South Kimberly, NJ 04927",+1-877-477-9570x399,,"Perez, Stark and Ross Hospital",2025-10-17 15:15:12.474516,EHR000479,MRN200229,Clinton,,Mcgee,,,2002-09-30,Male,White,Not Hispanic or Latino,"73512 Jackson Shore, South Amberburgh, LA 26940",(533)630-2399,,2026-08-11 21:35:55.620714,0,0.5119047619047619,0.0,0.0,no_match,0.4631578947368421,H620,M200,HAR,MCGY,0,0,0.5119047619047619,0.5119047619047619,0.0,0.0,0.4421052631578948,0.4615384615384615,0.41592442645074224,0.47857142857142865
P00094,1,person_00094,person_00094,EMS000094,,David,Jose,Campbell,,,1944-12-07,Male,White,Unknown,"413 Obrien Mountains, Jacksonchester, PA 19206",2304299228,,"Hoover, White and Keller Hospital",2026-07-31 03:48:32.419044,EHR000094,MRN100094,David,Jose,Campbell,,,1944-12-07,Male,White,Not Hispanic or Latino,"365 Timothy Neck, Clarkburgh, SD 54358",2304299228,,2026-07-31 04:01:32.419044,0,1.0,1.0,1.0,exact,0.33333333333333337,C514,C514,CANPBAL,CANPBAL,1,1,1.0,1.0,1.0,1.0,0.30952380952380953,0.3544303797468354,1.0,1.0
P00253,0,person_00253a,person_00253b,EMS000253,,James,,Wood,,,1984-02-28,Male,White,Not Hispanic or Latino,,952-705-9960x4387,,"King, Ford and Mayer Hospital",2026-07-26 14:21:36.699094,EHR000253,MRN200003,Justin,Patrick,Quinn,,,2018-03-06,Male,Black or African American,Unknown,"2028 Gabriel Mill, North Nicolefort, GA 82573",772.486.6041x64485,kellycohen@example.net,2025-05-28 09:04:09.262721,0,0.5777777777777778,0.0,0.0,no_match,,W300,Q500,WAD,QAN,0,0,0.5777777777777778,0.5777777777777778,0.0,0.0,,,0.4573607220666045,0.4984126984126984
P00266,0,person_00266a,person_00266b,EMS000266,,Nicholas,,Calderon,,,1959-12-03,Male,White,Hispanic or Latino,"60652 Wang Brook Apt. 344, Andrewchester, WY 50623",988-933-9874x11325,,Stein-Griffin Hospital,2026-01-31 20:24:17.753298,EHR000266,MRN200016,Katelyn,Diana,Lawson,IV,,1966-04-15,Female,Black or African American,Hispanic or Latino,"8574 Thomas Summit Apt. 562, New Kent, ID 74142",673-259-8488,kelseyjones@example.net,2025-04-16 12:39:07.762581,0,0.42261904761904767,0.6388888888888888,0.0,no_match,0.3298969072164949,C436,L250,CALDARAN,LASAN,0,0,0.42261904761904767,0.42261904761904767,0.625,0.6388888888888888,0.30927835051546393,0.3870967741935484,0.5787037037037037,0.5555555555555555
P00023,1,person_00023,person_00023,EMS000023,,Alexander,,Heson,,,2017-11-08,Male,White,Not Hispanic or Latino,"746 Donald Camp, Wendyville, CT 31276",+1-826-375-8692,,Ramos and Sons Hospital,2026-01-16 10:06:13.343573,EHR000023,MRN100023,Alexander,,Henson,,Alexander Hoffman,2017-08-11,Male,White,Not Hispanic or Latino,"746 Donald Camp, Wendyville, CT 31276",+1-826-375-8692,rgilbert@example.org,2026-01-16 10:30:13.343573,0,1.0,0.9022222222222223,0.85,month_day_transposed,1.0,H250,H525,HASAN,HANSAN,0,0,1.0,1.0,0.9022222222222223,0.9022222222222223,1.0,1.0,1.0,1.0
P00222,1,person_00222,person_00222,EMS000222,,Danielle,P.,Hartman,,,1995-04-16,Female,White,Hispanic or Latino,"091 Stephen Ranch, North Donaldview, MH 24176",817-353-6170,,Preston-Schultz Hospital,2026-01-14 06:29:11.313213,EHR000222,MRN100222,Danielle,Penny,Hartman,III,Danielle Townsend,1993-04-16,Female,White,Hispanic or Latino,"091 Stephen Ranch, North Donaldview, MH 24176",817-353-6170,echung@example.org,2026-01-14 07:15:11.313213,0,1.0,1.0,0.7,month_day_match_year_differs,1.0,H635,H635,HARTNAN,HARTNAN,1,1,1.0,1.0,1.0,1.0,1.0,1.0,1.0,1.0
P00261,0,person_00261a,person_00261b,EMS000261,,Frederick,,Roberts,,,1998-04-21,Female,White,Not Hispanic or Latino,"958 Alvarez Point Apt. 555, Lynnberg, NH 97831",338.526.4609x1785,,Ross Inc Hospital,2026-04-25 15:53:49.063261,EHR000261,MRN200011,John,Christopher,Richards,IV,,1989-12-19,Male,White,Not Hispanic or Latino,"48736 Nicholas Vista Apt. 163, North Ashley, HI 21356",001-868-565-3694x55158,dsimpson@example.com,2025-07-24 12:04:47.969382,0,0.0,0.6011904761904762,0.0,no_match,0.4444444444444444,R163,R263,RABART,RACARD,0,0,0.0,0.0,0.6011904761904762,0.6011904761904762,0.4040404040404041,0.4421052631578948,0.5641711229946523,0.6474266474266474
P00426,0,person_00426a,person_00426b,EMS000426,,Jason,,Cross,,,,Male,Unknown,Not Hispanic or Latino,"981 Davis Wall, Lake Stacey, CO 13805",(283)971-0307x3726,,"Valencia, Chapman and Lam Hospital",2024-11-17 17:20:59.420293,EHR000426,MRN200176,Denise,Lisa,Olsen,,,2021-10-04,Female,Two or More Races,Not Hispanic or Latino,"PSC 0826, Box 4931, APO AE 16555",863-694-7625x4292,karen33@example.net,2024-12-09 11:57:43.470084,0,0.4111111111111112,0.46666666666666656,,missing,0.34782608695652173,C620,O425,CR,OLSAN,0,0,0.4111111111111112,0.4111111111111112,0.46666666666666656,0.46666666666666656,0.28985507246376807,0.36923076923076925,0.5550108932461874,0.5634920634920635
P00005,1,person_00005,person_00005,EMS000005,,Monica,,Loogan,,,1993-07-16,Female,White,Not Hispanic or Latino,"3098 Julie Centers, New Thomashaven, GA 07956",312.819.1361x93990,,Powers LLC Hospital,2025-03-12 05:03:38.099441,EHR000005,MRN100005,Monica,,Logan,,,1993-07-16,Female,White,Not Hispanic or Latino,"3098 Julie Centers, New Thomashaven, GA 07956",312.819.1361x93990,sarah35@example.org,2025-03-12 06:17:38.099441,0,1.0,0.9555555555555556,1.0,exact,1.0,L250,L250,LAGAN,LAGAN,1,1,1.0,1.0,0.9555555555555556,0.9555555555555556,1.0,1.0,1.0,1.0
P00116,1,person_00116,person_00116,EMS000116,,Cassandra,T.,Gonzales,,,1989-04-13,Female,Unknown,Hispanic or Latino,"81298 Phillip Islands Suite 027, South Christopher, MD 91165",986.408.6803x47644,,"Meadows, Hogan and Higgins Hospital",2025-09-11 19:41:53.546922,EHR000116,MRN100116,Cassandra,Tina,Gonzales,,,1989-04-13,Female,,Hispanic or Latino,"66096 Long Summit Apt. 817, Wilcoxton, FM 32708",986.408.6803x47644,dphillips@example.net,2025-09-11 21:04:53.546922,0,1.0,1.0,1.0,exact,0.39252336448598135,G524,G524,GANSAL,GANSAL,1,1,1.0,1.0,1.0,1.0,0.3551401869158879,0.39603960396039606,1.0,1.0
P00045,1,person_00045,person_00045,EMS000045,,Karen,Taylor,Smmith,,,,Female,Black or African American,Not Hispanic or Latino,"4990 Valdez Square Apt. 017, Erikhaven, MH 92717",001-841-945-9332x72795,,Fox PLC Hospital,2026-05-29 23:49:09.066084,EHR000045,MRN100045,Karen,Taylor,Smith,,,1967-02-06,Female,Black or African American,Not Hispanic or Latino,"4990 Valdez Square Apt. 017, Erikhaven, MH 92717",001-841-945-9332x72795,kathleenbecker@example.net,2026-05-30 00:45:09.066084,0,1.0,0.9555555555555556,,missing,1.0,S530,S530,SNAT,SNAT,1,1,1.0,1.0,0.9555555555555556,0.9555555555555556,1.0,1.0,1.0,1.0
P00016,1,person_00016,person_00016,EMS000016,,Kenneth,M.,Hernandez,,,2007-09-20,Male,Unknown,Not Hispanic or Latino,"06797 Johnson Heights, Jacquelinemouth, CA 90597",001-269-399-3867x74964,,Bradshaw Ltd Hospital,2024-12-22 21:53:02.465495,EHR000016,MRN100016,Kenneth,Michael,Hernandez,,,2007-09-20,Male,Black or African American,Not Hispanic or Latino,"USS Mcknight, FPO AE 73648",001-269-399-3867x74964,colleenbaker@example.org,2024-12-22 23:11:02.465495,0,1.0,1.0,1.0,exact,0.32432432432432434,H655,H655,HARNAND,HARNAND,1,1,1.0,1.0,1.0,1.0,0.2702702702702703,0.3098591549295775,1.0,1.0
P00462,0,person_00462a,person_00462b,EMS000462,,Patrick,Nathan,Cooper,,,1980-07-26,Male,Unknown,Not Hispanic or Latino,"USNV Pena, FPO AA 48402",252.632.6600,,"Tucker, Smith and Le Hospital",2025-12-12 18:19:48.755670,EHR000462,MRN200212,Angela,Amy,Sanchez,,,1959-11-21,Female,Black or African American,Hispanic or Latino,"Unit 5611 Box 9989, DPO AP 96917",(351)618-1583x7466,,2025-12-16 11:16:39.658765,0,0.4365079365079365,0.4365079365079365,0.0,no_match,0.36363636363636365,C160,S522,CAPAR,SANC,0,0,0.0,0.4365079365079365,0.4365079365079365,0.4365079365079365,0.2909090909090909,0.37735849056603776,0.49814814814814823,0.5523809523809524
P00357,0,person_00357a,person_00357b,EMS000357,,John,James,Kaiser,,,1984-02-24,Male,White,Not Hispanic or Latino,"0002 Donaldson Mountain Suite 448, Crawfordport, OK 59198",001-274-616-3656,,Mendez-Hendricks Hospital,2025-02-17 16:19:20.367303,EHR000357,MRN200107,Emily,Connie,Gonzalez,,,1986-08-08,Female,,Not Hispanic or Latino,"692 Alexander Creek Suite 296, West Jamie, UT 49123",001-470-925-5128,bcraig@example.com,2024-10-26 10:15:33.486529,0,0.0,0.5277777777777778,0.0,no_match,0.3703703703703704,K260,G524,CASAR,GANSAL,0,0,0.0,0.0,0.5277777777777778,0.5277777777777778,0.3703703703703704,0.37254901960784315,0.8386363636363636,0.6602564102564102
P00003,1,person_00003,person_00003,EMS000003,,Andrea,,Cannon,,,1942-11-10,Female,American Indian or Alaska Native,Unknown,"347 Amber Stream, Sanchezfort, AS 53855",531.250.9839,,Davis Ltd Hospital,2026-06-22 13:49:24.639102,EHR000003,MRN100003,Andrea,Paige,Cannon,,,1942-11-10,Female,Unknown,Unknown,"8963 Jennifer Locks, Samuelhaven, NV 16361",531.250.9839,zimmermanbrian@example.org,2026-06-22 15:02:24.639102,0,1.0,1.0,1.0,exact,0.3703703703703704,C550,C550,CANAN,CANAN,1,1,1.0,1.0,1.0,1.0,0.345679012345679,0.34210526315789463,1.0,1.0
P00218,1,person_00218,person_00218,EMS000218,,Christinna,,Lne,,,1993-09-30,Female,White,Unknown,"27275 Laura Spring Suite 480, Hardingberg, SC 59395",+1-591-503-3682x9635,,"Fuentes, Martinez and Porter Hospital",2026-06-16 04:09:28.784819,EHR000218,MRN100218,Christina,Miranda,Lane,,Christina Thomas,1993-09-30,Female,White,Not Hispanic or Latino,"27275 Laura Spring Suite 480, Hardingberg, SC 59395",+1-591-503-3682x9635,woodmichael@example.com,2026-06-16 05:23:28.784819,0,0.98,0.9249999999999999,1.0,exact,1.0,L500,L500,LN,LAN,1,0,0.98,0.98,0.9249999999999999,0.9249999999999999,1.0,1.0,1.0,1.0
P00405,0,person_00405a,person_00405b,EMS000405,,Nicole,,Cline,,,2004-03-27,Female,White,Unknown,"76519 Kristin Roads, Lake Angelastad, CO 63850",001-232-389-5145x634,,"Simon, Allen and Watson Hospital",2026-03-14 21:13:00.613378,EHR000405,MRN200155,Natalie,Monica,Morton,,,1961-02-25,Female,White,Not Hispanic or Latino,"9653 Sandra Causeway Suite 700, Alexbury, MH 02152",001-445-341-8403x982,beckerbrianna@example.com,2026-03-13 14:16:08.439567,0,0.6428571428571429,0.4555555555555555,0.0,no_match,0.375,C450,M635,CLAN,MARTAN,0,0,0.6428571428571429,0.6428571428571429,0.4555555555555555,0.4555555555555555,0.35416666666666663,0.37362637362637363,0.8466666666666667,0.6704545454545454
P00060,1,person_00060,person_00060,EMS000060,,Sean,Cameron,Cline,,,1954-05-19,Male,White,Hispanic or Latino,,001-845-577-5901x7518,,Morgan-Lane Hospital,2025-04-23 00:45:04.578421,EHR000060,MRN100060,Sean,Cameron,Cline,,,1954-05-19,Male,White,Hispanic or Latino,"672 Burton Lane, Jonesland, MO 68083",001-845-577-5901x7518,fsummers@example.com,2025-04-23 02:11:04.578421,0,1.0,1.0,1.0,exact,,C450,C450,CLAN,CLAN,1,1,1.0,1.0,1.0,1.0,,,1.0,1.0
P00110,1,person_00110,person_00110,EMS000110,,Christopher,,Prestno,,,1954-05-25,Male,,Unknown,"96931 Mcguire Extensions Suite 919, Benjaminshire, MS 10787",001-205-756-6139x06048,,"Osborn, Maddox and Mullins Hospital",2024-10-06 02:07:24.875538,EHR000110,MRN100110,Christopher,Derek,Preston,,,1954-05-25,Male,White,Not Hispanic or Latino,"96931 Mcguire Extensions Suite 919, Benjaminshire, MS 10787",001-205-756-6139x06048,markwolfe@example.org,2024-10-06 02:25:24.875538,0,1.0,0.9714285714285714,1.0,exact,1.0,P623,P623,PRASTN,PRASTAN,1,0,1.0,1.0,0.9714285714285714,0.9714285714285714,1.0,1.0,1.0,1.0
P00318,0,person_00318a,person_00318b,EMS000318,,Dennis,James,Warren,,,1981-05-07,Male,Unknown,Unknown,"37312 Howard Extension, West Ruth, MO 14750",881.370.3211x920,,Ross PLC Hospital,2025-07-26 04:05:58.145338,EHR000318,MRN200068,William,Evan,Mcdonald,Sr.,,1982-07-17,Male,White,Hispanic or Latino,"Unit 6133 Box 7184, DPO AA 35182",001-202-395-0264,,2026-01-10 09:47:08.046191,0,0.4365079365079365,0.4305555555555556,0.0,no_match,0.34666666666666673,W650,M235,WARAN,MCDANALD,0,0,0.4365079365079365,0.4365079365079365,0.4305555555555556,0.4305555555555556,0.31999999999999995,0.36111111111111116,0.4821428571428572,0.5494505494505494
P00428,0,person_00428a,person_00428b,EMS000428,,Nicole,,Oliver,,,1934-06-02,Female,Unknown,Not Hispanic or Latino,"48548 Beasley Circle, West James, NE 08546",001-779-917-9138x601,,Mendez-Rodriguez Hospital,2024-09-26 14:01:41.402702,EHR000428,MRN200178,Brian,,Mcdowell,,Brian Patton,1939-12-13,Male,White,Hispanic or Latino,"47028 Keith Crest, Port Amanda, PR 83338",652-871-9367x8576,cassieallen@example.org,2025-12-08 14:40:49.101042,0,0.4555555555555555,0.5277777777777778,0.0,no_match,0.41463414634146345,O416,M234,OLAVAR,MCDAOAL,0,0,0.4555555555555555,0.4555555555555555,0.4305555555555556,0.5277777777777778,0.41463414634146345,0.41025641025641024,0.5808377896613192,0.5654761904761905
P00029,1,person_00029,person_00029,EMS000029,,Kristin,,Barnett,,,1964-04-22,Female,,,"188 Rebecca Keys, Jessicaberg, IA 13975",(897)351-6136,,Scott and Sons Hospital,2025-02-08 00:55:45.935005,EHR000029,MRN100029,Kristin,,Barnett,,,1964-04-22,Female,White,Not Hispanic or Latino,"0715 Berry Station, Robertsfurt, AK 43069",(897)351-6136,vharrell@example.com,2025-02-08 01:12:45.935005,0,1.0,1.0,1.0,exact,0.375,B653,B653,BARNAT,BARNAT,1,1,1.0,1.0,1.0,1.0,0.35,0.4,1.0,1.0
P00437,0,person_00437a,person_00437b,EMS000437,,Steven,,Lopez,,,2005-06-19,Female,White,Not Hispanic or Latino,"8045 Sharp Mountain Apt. 518, Helenton, NH 03676",439.582.1478,,Johnson-Tyler Hospital,2026-05-12 10:42:58.276508,EHR000437,MRN200187,Melissa,,House,,,1997-01-14,Female,White,Hispanic or Latino,"676 Smith Flat, Mccoyberg, PR 68687",(830)611-2200x84842,jamesmullins@example.com,2026-01-05 18:23:47.037780,0,0.4365079365079365,0.6,0.0,no_match,0.40963855421686746,L120,H200,LAP,HAS,0,0,0.4365079365079365,0.4365079365079365,0.6,0.6,0.40963855421686746,0.430379746835443,0.4385964912280702,0.5
P00471,0,person_00471a,person_00471b,EMS000471,,Terri,J.,Woods,,,1979-04-20,Female,White,Not Hispanic or Latino,"78907 Miller Tunnel Apt. 981, Webbstad, CA 20578",001-344-814-9253,,Clark-Wheeler Hospital,2025-02-22 05:22:21.230717,EHR000471,MRN200221,Peter,Joseph,Schneider,,,1993-08-23,Male,White,Not Hispanic or Latino,"6565 Timothy Lake Suite 494, Lake Mary, IN 57112",+1-277-615-6922,tuckerstacey@example.net,2026-05-24 03:27:34.829522,0,0.6,0.4370370370370371,0.0,no_match,0.33333333333333337,W320,S536,WAD,SNADAR,0,0,0.6,0.6,0.4370370370370371,0.4370370370370371,0.29166666666666663,0.37362637362637363,0.5944444444444444,0.5463869463869464
P00026,1,person_00026,person_00026,EMS000026,,Lee,A.,Hill,,,1990-10-21,Male,White,Not Hispanic or Latino,"9847 Garcia Squares Apt. 836, Beasleychester, MA 59942",(361)856-5452x7111,,"Frye, Hoffman and Santiago Hospital",2025-10-10 14:27:32.843879,EHR000026,MRN100026,Lee,Austin,Hill,,,1990-10-21,Male,White,Not Hispanic or Latino,"9847 Garcia Squares Apt. 836, Beasleychester, MA 59942",(361)856-5452x7111,garnernathan@example.org,2025-10-10 15:07:32.843879,0,1.0,1.0,1.0,exact,1.0,H400,H400,HAL,HAL,1,1,1.0,1.0,1.0,1.0,1.0,1.0,1.0,1.0
P00007,1,person_00007,person_00007,EMS000007,,Terry,Anthony,Waletrs,Jr.,,2009-06-13,Male,Two or More Races,Hispanic or Latino,"42786 Daniel Spurs Apt. 805, South David, ME 48296",4535315869,,"Middleton, Patton and Jenkins Hospital",2024-09-17 06:58:37.357643,EHR000007,MRN100007,Terry,Anthony,Walters,Jr.,,2009-06-13,Male,Unknown,Hispanic or Latino,"42786 Daniel Spurs Apt. 805, South David, ME 48296",4535315869,theresacochran@example.com,2024-09-17 07:17:37.357643,0,1.0,0.9666666666666667,1.0,exact,1.0,W436,W436,WALATR,WALTAR,1,0,1.0,1.0,0.9666666666666667,0.9666666666666667,1.0,1.0,1.0,1.0
P00453,0,person_00453a,person_00453b,EMS000453,,Eric,,Cobb,,,2014-10-22,Male,Unknown,Not Hispanic or Latino,"30411 Butler Court Suite 215, West William, DE 79270",(886)936-4704x6568,,Palmer LLC Hospital,2024-10-29 01:14:52.382370,EHR000453,MRN200203,April,Diana,Robinson,,,1995-07-16,Female,White,Hispanic or Latino,"PSC 3631, Box 5922, APO AP 78339",327-206-5934,brendan29@example.org,2025-07-26 02:45:59.881662,0,0.6333333333333333,0.5833333333333334,0.0,no_match,0.2857142857142857,C100,R152,CAB,RABANSAN,0,0,0.6333333333333333,0.6333333333333333,0.5833333333333334,0.5833333333333334,0.26190476190476186,0.30379746835443033,0.5370370370370371,0.5904761904761905
P00108,1,person_00108,person_00108,EMS000108,MRN100108,Adrea,,Conrad,,,1977-05-06,Female,White,Hispanic or Latino,"0586 Bauer Centers, Allisonland, MP 40334",538-511-3863,,"Ray, Craig and Park Hospital",2024-11-15 06:15:30.364895,EHR000108,MRN100108,Andrea,,Conrad,,Andrea Clark,1977-05-06,Female,Unknown,Hispanic or Latino,"0586 Bauer Centers, Allisonland, MP 40334",538-511-3863,angelagrant@example.net,2024-11-15 06:27:30.364895,1,0.9500000000000001,1.0,1.0,exact,1.0,C563,C563,CANRAD,CANRAD,1,1,0.9500000000000001,0.9500000000000001,1.0,1.0,1.0,1.0,1.0,1.0
P00037,1,person_00037,person_00037,EMS000037,,Jacob,P.,erry,,,1978-12-16,Male,White,Not Hispanic or Latino,"32370 Spencer Land, Laraside, DC 80710",(617)627-1551,,Jones Group Hospital,2025-01-04 08:30:52.069226,EHR000037,MRN100037,Jacob,Phillip,Berry,,,1980-12-16,Male,White,Not Hispanic or Latino,"10278 Mcintyre Crest Suite 473, Heatherfort, ID 16575",(617)627-1551,,2025-01-04 08:51:52.069226,0,1.0,0.9333333333333332,0.7,month_day_match_year_differs,0.3516483516483516,E600,B600,ERY,BARY,0,0,1.0,1.0,0.9333333333333332,0.9333333333333332,0.3296703296703297,0.32558139534883723,1.0,1.0
P00157,1,person_00157,person_00157,EMS000157,,Alyssa,Vanessa,Young,,,1954-04-02,Female,,Not Hispanic or Latino,"07256 Jennifer Station Suite 941, New Brianmouth, IA 62227",(499)200-4896x465,,Davis Ltd Hospital,2026-06-02 11:17:56.074393,EHR000157,MRN100157,Alyssa,Vanessa,Young,,Alyssa Hayes,1954-04-02,Female,Unknown,Not Hispanic or Latino,"07256 Jennifer Station Suite 941, New Brianmouth, IA 62227",(499)200-4896x465,jorgegordon@example.com,2026-06-02 12:47:56.074393,0,1.0,1.0,1.0,exact,1.0,Y520,Y520,YANG,YANG,1,1,1.0,1.0,1.0,1.0,1.0,1.0,1.0,1.0
P00489,0,person_00489a,person_00489b,EMS000489,,Jennifer,,Oneill,,,1962-09-26,Female,White,Hispanic or Latino,"64560 Barnett Underpass, Loriborough, ME 33130",001-818-707-3920x02585,,Gray-Myers Hospital,2025-09-14 08:20:06.816594,EHR000489,MRN200239,John,David,Rhodes,,John Garcia,1977-09-12,Male,Black or African American,Not Hispanic or Latino,"261 Campbell Orchard, North Melissa, FL 34923",+1-202-554-5500x54908,dmorales@example.org,2025-08-14 13:56:32.141890,0,0.5833333333333334,0.5555555555555555,0.0,no_match,0.3516483516483516,O540,R320,ONAL,RAD,0,0,0.5833333333333334,0.5833333333333334,0.4444444444444444,0.5555555555555555,0.3516483516483516,0.3448275862068966,0.6248196248196248,0.5935185185185184
P00118,1,person_00118,person_00118,EMS000118,,Michel,Ryan,Evans,,,2018-02-05,Male,White,Hispanic or Latino,,,,Ramsey-Jacobs Hospital,2026-08-21 07:21:45.956928,EHR000118,MRN100118,Michael,Ryan,Evans,,,2018-02-05,Male,White,Hispanic or Latino,"24999 Tammy Summit Suite 014, Miguelfurt, GU 09370",001-568-214-7214x58683,duncantiffany@example.net,2026-08-21 08:06:45.956928,0,0.9714285714285714,1.0,1.0,exact,,E152,E152,EVAN,EVAN,1,1,0.9714285714285714,0.9714285714285714,1.0,1.0,,,,
P00114,1,person_00114,person_00114,EMS000114,,James,,Mooney,,,2020-05-09,Male,Unknown,Hispanic or Latino,"48262 Lonnie Point, East Lonnieberg, VA 04365",(416)889-3639,,Beard-Gutierrez Hospital,2024-12-04 10:36:00.780291,EHR000114,MRN100114,James,Zachary,Mooney,,,2020-05-09,Male,White,Hispanic or Latino,"USNS Hernandez, FPO AA 86606",(416)889-3639,renee57@example.net,2024-12-04 11:52:00.780291,0,1.0,1.0,1.0,exact,0.3561643835616438,M500,M500,MANY,MANY,1,1,1.0,1.0,1.0,1.0,0.3013698630136986,0.34285714285714286,1.0,1.0
P00175,1,person_00175,person_00175,EMS000175,,PPatrick,,Chambers,,,1987-12-11,Male,,Unknown,"124 Nicole Stream, Jamestown, UT 89333",+1-894-887-0605,,Stephenson and Sons Hospital,2025-05-21 05:35:07.048470,EHR000175,MRN100175,Patrick,,Chambers,,,1987-12-11,Male,White,Not Hispanic or Latino,"124 Nicole Stream, Jamestown, UT 89333",+1-894-887-0605,david87@example.com,2025-05-21 06:51:07.048470,0,0.9625,1.0,1.0,exact,1.0,C516,C516,CANBAR,CANBAR,1,1,0.9625,0.9625,1.0,1.0,1.0,1.0,1.0,1.0
P00373,0,person_00373a,person_00373b,EMS000373,,Joseph,Brian,Vargas,,,1947-09-06,Male,Asian,Not Hispanic or Latino,"891 Kevin Plains Apt. 971, Smithmouth, WV 76601",344.451.4367x28681,,"Wagner, Potter and Webster Hospital",2025-12-01 22:18:05.227861,EHR000373,MRN200123,Gloria,,Hamilton,IV,,1981-08-13,Female,White,Not Hispanic or Latino,"781 Landry Junction, Port Andrewshire, SC 22380",877-890-5528,jeffreymccormick@example.org,2025-12-23 02:31:10.272551,0,0.4444444444444444,0.4305555555555556,0.0,no_match,0.3829787234042554,V622,H543,VARG,HANALTAN,0,0,0.4444444444444444,0.4444444444444444,0.4305555555555556,0.4305555555555556,0.36170212765957444,0.35955056179775285,0.4722222222222221,0.5
P00181,1,person_00181,person_00181,EMS000181,,Christina,,Gonzalez,,,1961-12-09,Female,White,,"92840 Campbell Key Suite 690, Valdezberg, VI 52602",933.773.8987,,Cole-Hansen Hospital,2025-07-01 07:08:15.351781,EHR000181,MRN100181,Christina,,Gonzalez,,,1961-12-09,Female,White,Not Hispanic or Latino,"92840 Campbell Key Suite 690, Valdezberg, VI 52602",933.773.8987,edwardsjacob@example.net,2025-07-01 07:47:15.351781,0,1.0,1.0,1.0,exact,1.0,G524,G524,GANSAL,GANSAL,1,1,1.0,1.0,1.0,1.0,1.0,1.0,1.0,1.0
P00144,1,person_00144,person_00144,EMS000144,,Jakke,,Smitth,,,1954-04-26,Male,White,Not Hispanic or Latino,"7252 Joseph Manor, Brandonport, NC 84248",783-621-9285,,Smith PLC Hospital,2025-10-27 21:32:01.464874,EHR000144,MRN100144,Jake,Nicholas,Smith,,,1955-04-26,Male,White,Not Hispanic or Latino,"7252 Joseph Manor, Brandonport, NC 84248",783-621-9285,gina51@example.net,2025-10-27 22:01:01.464874,0,0.9533333333333333,0.9666666666666667,0.7,month_day_match_year_differs,1.0,S530,S530,SNAT,SNAT,1,1,0.9533333333333333,0.9533333333333333,0.9666666666666667,0.9666666666666667,1.0,1.0,1.0,1.0
P00369,0,person_00369a,person_00369b,EMS000369,MRN300119,Paula,Heather,Harris,,,2017-03-22,Female,White,Unknown,"USCGC Carter, FPO AP 34718",001-993-478-4679x08701,,Lynch LLC Hospital,2025-01-11 18:23:08.225829,EHR000369,MRN200119,Andre,,Welch,,,1950-01-17,Male,White,Not Hispanic or Latino,"34444 Carolyn Cape, Webbmouth, NE 73721",(852)940-6221x5599,lesliecoleman@example.org,2026-05-16 19:47:03.373396,0,0.46666666666666656,0.0,0.0,no_match,0.4615384615384615,H620,W420,HAR,WALC,0,0,0.0,0.46666666666666656,0.0,0.0,0.3384615384615385,0.4838709677419355,0.4882154882154883,0.546957671957672
P00390,0,person_00390a,person_00390b,EMS000390,,Kenneth,David,Brooks,,,2019-12-17,Male,White,Hispanic or Latino,,,,White-Callahan Hospital,2026-01-24 01:01:18.626571,EHR000390,MRN200140,Melinda,Teresa,Carter,,,1949-07-01,Female,Two or More Races,Not Hispanic or Latino,"44693 Michelle Mill Apt. 947, Wernerside, AL 71270",790.365.4025,joannawalker@example.com,2026-08-24 07:32:37.891551,0,0.5238095238095238,0.4444444444444444,0.0,no_match,,B620,C636,BRAC,CARTAR,0,0,0.5238095238095238,0.5238095238095238,0.4444444444444444,0.4444444444444444,,,,
P00195,1,person_00195,person_00195,EMS000195,,Christina,,Cuurtis,,,2013-12-30,Female,White,Not Hispanic or Latino,"0111 Tracy Skyway Apt. 099, Hillville, WY 78210",(463)801-3674,,Cruz Ltd Hospital,2025-06-05 07:14:39.680847,EHR000195,MRN100195,Christina,,Curtis,,Christina Cox,2011-12-30,Female,White,Not Hispanic or Latino,"6201 Mccann Fall, North Tinamouth, OR 57362",(463)801-3674,stricklandmichelle@example.net,2025-06-05 07:33:39.680847,0,1.0,0.9619047619047619,0.7,month_day_match_year_differs,0.3111111111111111,C632,C632,CART,CART,1,1,1.0,1.0,0.9619047619047619,0.9619047619047619,0.2666666666666667,0.32558139534883723,1.0,1.0
P00404,0,person_00404a,person_00404b,EMS000404,,James,Carlos,Smith,,,,Male,Unknown,Unknown,"9661 Armstrong Neck, Port Kathy, PW 96516",+1-540-943-4741x2531,,Snyder-Johnson Hospital,2025-03-27 13:09:49.344103,EHR000404,MRN200154,Jon,Jon,Day,,,1937-08-15,Male,White,Not Hispanic or Latino,"Unit 5036 Box 1920, DPO AE 91597",699-491-9387x33703,melissa44@example.com,2025-11-17 23:58:05.098558,0,0.5111111111111111,0.0,,missing,0.3561643835616438,S530,D000,SNAT,DY,0,0,0.5111111111111111,0.5111111111111111,0.0,0.0,0.3561643835616438,0.37142857142857144,0.6129629629629629,0.5444444444444444
P00275,0,person_00275a,person_00275b,EMS000275,,Mary,,Terry,,,1952-10-02,Female,Two or More Races,Not Hispanic or Latino,"89509 Jennifer Knolls Apt. 191, Crossborough, IA 79344",001-922-407-1511x69666,,Wiggins and Sons Hospital,2025-09-25 03:32:57.400763,EHR000275,MRN200025,Michael,Shawn,Porter,,,1948-03-12,Male,White,Not Hispanic or Latino,"1571 Smith Rest, New Brianstad, CT 22588",7803056409,jacoboliver@example.org,2026-08-12 23:14:32.550109,0,0.4642857142857142,0.5777777777777778,0.0,no_match,0.3191489361702128,T600,P636,TARY,PARTAR,0,0,0.4642857142857142,0.4642857142857142,0.5777777777777778,0.5777777777777778,0.276595744680851,0.35955056179775285,0.5298701298701298,0.6231481481481481
P00454,0,person_00454a,person_00454b,EMS000454,,Karen,Kelly,Smith,,,1981-08-17,Female,Black or African American,Not Hispanic or Latino,"075 Fox Stream Suite 974, Weberton, MD 21633",(817)711-4865,,Simmons Group Hospital,2025-12-12 21:14:09.094560,EHR000454,MRN200204,Wendy,Stephanie,Smith,II,,1937-12-21,Female,Two or More Races,Not Hispanic or Latino,"3163 Gary Mountain Suite 572, Garciaport, PA 54308",278.881.1938,heidiwilson@example.org,2024-09-08 15:47:02.797878,0,0.0,1.0,0.0,no_match,0.4042553191489362,S530,S530,SNAT,SNAT,1,1,0.0,0.0,1.0,1.0,0.4042553191489362,0.38636363636363635,0.467094017094017,0.5333333333333333
P00141,1,person_00141,person_00141,EMS000141,,aVnessa,Kimberly,Martinez,,,1933-10-01,Female,White,Not Hispanic or Latino,"USNS Gould, FPO AA 20955",9887547492,,Parker Group Hospital,2026-01-07 10:57:04.190083,EHR000141,MRN100141,Vanessa,Kimberly,Martinez,,,1933-01-10,Female,White,Not Hispanic or Latino,"USNS Gould, FPO AA 20955",9887547492,,2026-01-07 11:29:04.190083,0,0.9523809523809524,1.0,0.85,month_day_transposed,1.0,M635,M635,MARTAN,MARTAN,1,1,0.9523809523809524,0.9523809523809524,1.0,1.0,1.0,1.0,1.0,1.0
P00365,0,person_00365a,person_00365b,EMS000365,,Christopher,L.,Espinoza,,,1972-02-03,Male,Black or African American,Not Hispanic or Latino,"20410 Martin Glen, Port Teresa, LA 96542",689.311.7972x6999,,"Brown, Hayes and Ferguson Hospital",2025-01-02 00:51:12.039977,EHR000365,MRN200115,Kirsten,Amy,Golden,,,1970-10-10,Female,Asian,Hispanic or Latino,"000 Mayer Summit, New Matthew, ND 52409",510.250.5243,,2026-03-21 18:09:10.286060,0,0.6562770562770562,0.4305555555555556,0.0,no_match,0.430379746835443,E215,G435,ESPANAS,GALDAN,0,0,0.6562770562770562,0.6562770562770562,0.4305555555555556,0.4305555555555556,0.40506329113924056,0.4,0.4369281045751634,0.3936507936507936
P00067,1,person_00067,person_00067,EMS000067,,Samuel,Timothy,Long,,,2009-09-10,Male,Two or More Races,Not Hispanic or Latino,,541.712.4903x521,,Smith and Sons Hospital,2025-03-08 05:33:13.587741,EHR000067,MRN100067,Samuel,Timothy,Long,,,2009-09-10,Male,Two or More Races,Not Hispanic or Latino,"3132 Eric Expressway Suite 756, New Michaelborough, NV 40911",541.712.4903x521,rpalmer@example.com,2025-03-08 06:50:13.587741,0,1.0,1.0,1.0,exact,,L520,L520,LANG,LANG,1,1,1.0,1.0,1.0,1.0,,,1.0,1.0
P00210,1,person_00210,person_00210,EMS000210,,Steven,,MMcdaniel,,,1990-01-05,Male,White,Not Hispanic or Latino,"6878 Patel View, South Christopher, VT 55792",711.996.4215x2265,,"Lane, Steele and Goodman Hospital",2026-04-01 19:43:24.411771,EHR000210,MRN100210,Steven,,Mcdaniel,,,1990-01-05,Male,White,Not Hispanic or Latino,"7541 Michelle Drive, West Dylan, NV 95048",711.996.4215x2265,aolson@example.net,2026-04-01 20:13:24.411771,0,1.0,0.9666666666666666,1.0,exact,0.3764705882352941,M235,M235,MNCDANAL,MCDANAL,1,0,1.0,1.0,0.9666666666666666,0.9666666666666666,0.3764705882352941,0.3703703703703704,1.0,1.0
P00168,1,person_00168,person_00168,EMS000168,,Nichole,,Prkins,,,1999-07-21,Female,Unknown,Not Hispanic or Latino,"3715 Chapman Path, Wigginsshire, NM 83923",001-992-368-3158x935,,Barajas-Barker Hospital,2024-11-05 13:41:34.166237,EHR000168,MRN100168,Nichole,,Perkins,,,1998-07-21,Female,Asian,Not Hispanic or Latino,"USNS Bell, FPO AA 87915",001-992-368-3158x935,jenniferpoole@example.org,2024-11-05 14:52:34.166237,0,1.0,0.9571428571428572,0.7,month_day_match_year_differs,0.375,P625,P625,PRCAN,PARCAN,1,0,1.0,1.0,0.9571428571428572,0.9571428571428572,0.25,0.39344262295081966,1.0,1.0
P00493,0,person_00493a,person_00493b,EMS000493,,Tracey,,Bass,,,1932-04-08,Female,White,Hispanic or Latino,"3180 Burns Locks Apt. 101, New Carriemouth, LA 53847",225-636-0640,,Jensen-Jackson Hospital,2026-04-30 01:14:34.530823,EHR000493,MRN200243,Julie,Elizabeth,Hoffman,,Julie Hampton,1991-02-04,Female,Two or More Races,Not Hispanic or Latino,"481 Smith Run Apt. 610, South Laurentown, WV 09914",373.375.9493x307,ramosaudrey@example.com,2026-08-25 07:58:58.431515,0,0.4555555555555555,0.0,0.0,no_match,0.4509803921568627,B200,H155,B,HAFNAN,0,0,0.4555555555555555,0.4555555555555555,0.0,0.0,0.4117647058823529,0.4329896907216495,0.36111111111111116,0.4025641025641027
P00375,0,person_00375a,person_00375b,EMS000375,MRN300125,Meghan,Amanda,Anderson,,,1978-12-05,Female,,Unknown,"70289 Barajas Run Suite 605, West Gregory, CO 50008",641-861-0197x535,,Pitts-Webster Hospital,2026-07-16 17:29:37.924960,EHR000375,MRN200125,Colin,,Castro,,,1930-10-11,Male,Black or African American,Not Hispanic or Latino,"42763 Taylor Walks, West Cynthiaview, NH 15713",693.295.3096x90676,glenherrera@example.com,2025-09-06 02:33:51.325643,0,0.4555555555555555,0.6388888888888888,0.0,no_match,0.3298969072164949,A536,C236,ANDARSAN,CASTR,0,0,0.4555555555555555,0.4555555555555555,0.5138888888888888,0.6388888888888888,0.3298969072164949,0.3296703296703297,0.5231481481481481,0.5255189255189255
P00400,0,person_00400a,person_00400b,EMS000400,,Joseph,S.,Blake,,,2018-03-03,Male,Unknown,Not Hispanic or Latino,"281 Smith Mission Apt. 170, South Crystal, AZ 58994",4308880817,,Gamble Group Hospital,2025-07-29 11:52:57.198045,EHR000400,MRN200150,Krista,Marilyn,Townsend,,,2009-10-15,Female,White,Hispanic or Latino,"07288 Bean Ferry Suite 411, Fernandezchester, OR 90340",296-212-7662,maryallen@example.org,2025-12-07 11:30:52.720149,0,0.4444444444444444,0.44166666666666665,0.0,no_match,0.419047619047619,B420,T525,BLAC,TAONSAD,0,0,0.4444444444444444,0.4444444444444444,0.44166666666666665,0.44166666666666665,0.36190476190476195,0.43999999999999995,0.4555555555555555,0.46666666666666656
P00272,0,person_00272a,person_00272b,EMS000272,,Samantha,Kimberly,Bishop,,,2014-04-13,Female,Black or African American,Not Hispanic or Latino,"0641 Simmons Extension Suite 438, North Whitneystad, IA 87652",366.201.4448x5645,,Cardenas-Cooper Hospital,2025-07-29 17:43:57.851784,EHR000272,MRN200022,Kathleen,Leslie,Wade,,,1940-07-15,Female,White,Unknown,"996 Williams Coves Apt. 911, West Betty, VT 79643",(460)257-7980x66039,,2026-06-12 00:02:54.012899,0,0.5833333333333334,0.0,0.0,no_match,0.3818181818181819,B210,W300,BASAP,WAD,0,0,0.5833333333333334,0.5833333333333334,0.0,0.0,0.36363636363636365,0.42307692307692313,0.505546955624355,0.5603174603174603
P00109,1,person_00109,person_00109,EMS000109,,Jeffery,Brian,Spakrs,,,1984-11-28,Male,,Not Hispanic or Latino,"Unit 3504 Box 8889, DPO AP 20779",293-698-3684x57760,,Johnson LLC Hospital,2024-09-03 23:35:45.603440,EHR000109,MRN100109,Jeffery,Brian,Sparks,,,1982-11-28,Male,Black or African American,Not Hispanic or Latino,"975 Pierce Islands, Robertchester, GU 95641",293-698-3684x57760,holmesvictoria@example.com,2024-09-03 23:56:45.603440,0,1.0,0.9611111111111111,0.7,month_day_match_year_differs,0.29333333333333333,S126,S162,SPACR,SPARC,0,0,1.0,1.0,0.9611111111111111,0.9611111111111111,0.29333333333333333,0.3098591549295775,1.0,1.0
P00248,1,person_00248,person_00248,EMS000248,,Leslie,,Mcknigght,,,2000-11-03,Female,White,,"7647 Jessica Stream Apt. 209, Emilymouth, MS 42501",828.694.1347x509,,"Khan, Simon and Jordan Hospital",2026-04-16 18:52:01.104728,EHR000248,MRN100248,Leslie,Lisa,Mcknight,,Leslie Williams,2000-11-03,Female,Unknown,Not Hispanic or Latino,"7647 Jessica Stream Apt. 209, Emilymouth, MS 42501",828.694.1347x509,patrick22@example.org,2026-04-16 20:06:01.104728,0,1.0,0.9777777777777777,1.0,exact,1.0,M252,M252,MCNAGT,MCNAGT,1,1,1.0,1.0,0.9777777777777777,0.9777777777777777,1.0,1.0,1.0,1.0
P00145,1,person_00145,person_00145,EMS000145,,iDana,Peggy,Jenkins,III,,2018-02-23,Female,Black or African American,Unknown,"76031 Laura Passage, South Davidview, AZ 09184",452-579-8524x0132,,Contreras-Webster Hospital,2026-01-16 19:31:35.124866,EHR000145,MRN100145,Diana,Peggy,Jenkins,III,,2018-02-23,Female,Black or African American,Unknown,"83389 Robert Club, Port Davidtown, NJ 46141",452-579-8524x0132,,2026-01-16 20:11:35.124866,0,0.9333333333333332,1.0,1.0,exact,0.4269662921348315,J525,J525,JANCAN,JANCAN,1,1,0.9333333333333332,0.9333333333333332,1.0,1.0,0.4269662921348315,0.42352941176470593,1.0,1.0
P00092,1,person_00092,person_00092,EMS000092,,Dennis,Stephen,Jones,,,1937-10-28,Male,White,Not Hispanic or Latino,,001-225-563-9427x88165,,"Hopkins, Faulkner and Fitzgerald Hospital",2025-01-08 01:07:18.548552,EHR000092,MRN100092,Dennis,Stephen,Jones,,,1937-10-28,Male,Unknown,Not Hispanic or Latino,"969 Rebecca Plaza, Amyside, NJ 86210",001-225-563-9427x88165,,2025-01-08 01:27:18.548552,0,1.0,1.0,1.0,exact,,J520,J520,JAN,JAN,1,1,1.0,1.0,1.0,1.0,,,1.0,1.0
P00152,1,person_00152,person_00152,EMS000152,,Kaylee,Megan,Kelley,,,2014-05-07,Female,White,Not Hispanic or Latino,"47786 Lucas Camp, East Joseph, AK 34369",(672)632-4665x136,,Hopkins-Thompson Hospital,2025-02-20 09:24:40.798987,EHR000152,MRN100152,Kaylee,Megan,Kelley,,,2014-05-07,Female,White,Not Hispanic or Latino,"737 Giles Place, Michaelton, NC 26800",(672)632-4665x136,jonathanburke@example.com,2025-02-20 10:39:40.798987,0,1.0,1.0,1.0,exact,0.39473684210526316,K400,K400,CALY,CALY,1,1,1.0,1.0,1.0,1.0,0.3157894736842105,0.38888888888888884,1.0,1.0
P00367,0,person_00367a,person_00367b,EMS000367,,Melissa,H.,Watkins,III,,1985-09-19,Female,White,Unknown,"457 Jessica Brook, Lake Peter, MN 91718",(486)729-5912x5734,,Rodriguez-Murray Hospital,2026-04-08 13:28:16.458144,EHR000367,MRN200117,Mark,Phillip,Rojas,III,,2014-11-20,Male,White,Not Hispanic or Latino,"4729 Henderson Hollow, Port Samuelfurt, NM 03331",+1-708-697-4748,ghill@example.org,2026-04-08 00:24:34.148623,0,0.4642857142857142,0.5619047619047619,0.0,no_match,0.367816091954023,W325,R220,WATCAN,RAJ,0,0,0.4642857142857142,0.4642857142857142,0.5619047619047619,0.5619047619047619,0.367816091954023,0.36144578313253023,0.5232804232804233,0.6024531024531025
P00467,0,person_00467a,person_00467b,EMS000467,,Travis,James,Shaffer,,,1983-02-21,Male,White,Not Hispanic or Latino,"0654 Baker Unions, Schwartzmouth, AZ 94612",,,"Matthews, Mooney and Morris Hospital",2026-02-14 15:17:15.617033,EHR000467,MRN200217,Mark,Hector,Trujillo,II,,1951-08-13,Male,White,Hispanic or Latino,"656 Charles Loaf Apt. 622, North Victoriaborough, OH 50595",2475947199,clarkdavid@example.net,2026-05-18 02:06:18.242378,0,0.4444444444444444,0.0,0.0,no_match,0.4,S160,T624,SAFAR,TRAJAL,0,0,0.4444444444444444,0.4444444444444444,0.0,0.0,0.38,0.41666666666666663,,
P00083,1,person_00083,person_00083,EMS000083,,Karen,,reeman,,,2013-12-25,Female,White,Not Hispanic or Latino,"5089 Tiffany Skyway, Aprilville, NE 87233",001-937-456-2890x0287,,Hunter PLC Hospital,2026-08-08 20:33:06.372330,EHR000083,MRN100083,Karen,,Freeman,,,2014-12-25,Female,White,Not Hispanic or Latino,"5089 Tiffany Skyway, Aprilville, NE 87233",001-937-456-2890x0287,waltonmalik@example.com,2026-08-08 20:51:06.372330,0,1.0,0.9523809523809524,0.7,month_day_match_year_differs,1.0,R550,F655,RANAN,FRANAN,0,0,1.0,1.0,0.9523809523809524,0.9523809523809524,1.0,1.0,1.0,1.0
P00245,1,person_00245,person_00245,EMS000245,MRN100245,Daniel,Anthony,Mcmillan,,,1955-12-03,Male,Unknown,Not Hispanic or Latino,"616 Thomas Islands Suite 565, Dunlapport, RI 04584",579.750.8304x40580,,Richardson LLC Hospital,2024-10-25 18:15:16.608995,EHR000245,MRN100245,Daniel,Anthony,Mcmillan,,,1956-12-03,Male,White,Not Hispanic or Latino,"72444 Martinez Roads Apt. 290, North Diamond, HI 90212",579.750.8304x40580,jonesscott@example.net,2024-10-25 19:26:16.608995,1,1.0,1.0,0.7,month_day_match_year_differs,0.4807692307692307,M254,M254,MCNALAN,MCNALAN,1,1,1.0,1.0,1.0,1.0,0.42307692307692313,0.5102040816326531,1.0,1.0
P00165,1,person_00165,person_00165,EMS000165,,Robert,,Estes,,,2002-06-17,Male,White,Not Hispanic or Latino,"Unit 9918 Box 0812, DPO AP 15975",,,Sanchez Group Hospital,2026-03-15 02:01:04.747370,EHR000165,MRN100165,Robert,,Estes,,,2002-06-17,Male,White,Not Hispanic or Latino,"Unit 9918 Box 0812, DPO AP 15975",752.747.8712,davidharris@example.com,2026-03-15 02:13:04.747370,0,1.0,1.0,1.0,exact,1.0,E232,E232,EST,EST,1,1,1.0,1.0,1.0,1.0,1.0,1.0,,
P00163,1,person_00163,person_00163,EMS000163,,Keith,,BBass,,,1935-07-01,Male,,Unknown,"7998 Johnson Locks Suite 899, Hallton, NC 02993",(295)481-4671x79576,,Matthews Ltd Hospital,2025-02-15 17:33:17.332396,EHR000163,MRN100163,Keith,,Bass,,,1935-07-01,Male,White,Not Hispanic or Latino,"7998 Johnson Locks Suite 899, Hallton, NC 02993",(295)481-4671x79576,jessica75@example.com,2025-02-15 18:20:17.332396,0,1.0,0.94,1.0,exact,1.0,B200,B200,B,B,1,1,1.0,1.0,0.94,0.94,1.0,1.0,1.0,1.0
P00199,1,person_00199,person_00199,EMS000199,,Brendan,,Bailye,,,1985-01-06,Male,Unknown,Not Hispanic or Latino,"102 Potts Loaf Apt. 588, Woodsberg, KS 01745",+1-482-922-6940x53967,,"David, Keith and Cervantes Hospital",2026-07-27 01:14:47.580906,EHR000199,MRN100199,Brendan,,Bailey,,,1985-01-06,Male,American Indian or Alaska Native,Not Hispanic or Latino,"102 Potts Loaf Apt. 588, Woodsberg, KS 01745",+1-482-922-6940x53967,lauren84@example.com,2026-07-27 01:39:47.580906,0,1.0,0.9666666666666667,1.0,exact,1.0,B400,B400,BALY,BALY,1,1,1.0,1.0,0.9666666666666667,0.9666666666666667,1.0,1.0,1.0,1.0
P00228,1,person_00228,person_00228,EMS000228,,Russell,,Holland,,,2011-12-20,Male,White,Unknown,"0303 Cardenas Field, Garciaborough, GU 77902",,,"Wong, Thomas and Walter Hospital",2025-04-11 13:11:03.688783,EHR000228,MRN100228,Russell,David,Holland,,,2011-12-20,Male,White,Not Hispanic or Latino,"0303 Cardenas Field, Garciaborough, GU 77902",001-588-854-7281x23567,caseyhenderson@example.net,2025-04-11 13:30:03.688783,0,1.0,1.0,1.0,exact,1.0,H453,H453,HALAD,HALAD,1,1,1.0,1.0,1.0,1.0,1.0,1.0,,
P00074,1,person_00074,person_00074,EMS000074,,Edwin,James,Nash,,,1932-12-17,Male,Two or More Races,Not Hispanic or Latino,"72233 Brad Common, Harrisberg, MP 78495",251-816-8685x487,,Buckley PLC Hospital,2025-10-29 19:38:58.007694,EHR000074,MRN100074,Edwin,James,Nash,,,1933-12-17,Male,Two or More Races,Not Hispanic or Latino,"72233 Brad Common, Harrisberg, MP 78495",251-816-8685x487,perryeddie@example.net,2025-10-29 20:17:58.007694,0,1.0,1.0,0.7,month_day_match_year_differs,1.0,N200,N200,N,N,1,1,1.0,1.0,1.0,1.0,1.0,1.0,1.0,1.0
P00478,0,person_00478a,person_00478b,EMS000478,,Deanna,N.,Chavez,,,2009-10-08,Female,White,Not Hispanic or Latino,"06434 David Shoal Suite 317, North Jeremy, HI 35129",001-667-657-4510,,"Clark, Hunter and Adams Hospital",2024-12-18 23:58:40.883250,EHR000478,MRN200228,Molly,Claudia,Wilson,,,1939-06-21,Female,Black or African American,Not Hispanic or Latino,"4270 Wheeler Vista, Lisaport, AS 63064",(811)710-7976x47545,khernandez@example.com,2025-06-09 04:09:55.871012,0,0.0,0.0,0.0,no_match,0.35955056179775285,C120,W425,CAV,WALSAN,0,0,0.0,0.0,0.0,0.0,0.3370786516853933,0.3571428571428571,0.5837719298245614,0.5912393162393162
P00358,0,person_00358a,person_00358b,EMS000358,,Lisa,Kristin,Hudson,,,1962-07-11,Female,Unknown,Not Hispanic or Latino,"6345 Baxter Highway Apt. 441, Cherylfurt, OK 79600",,,Johnson Inc Hospital,2025-08-10 10:08:23.693612,EHR000358,MRN200108,Russell,,Lyons,,,1946-12-09,Male,White,Not Hispanic or Latino,"629 Cummings Forge Suite 132, North Whitneyshire, NV 17420",7215707548,,2025-10-31 22:58:56.071604,0,0.4642857142857142,0.5888888888888889,0.0,no_match,0.31481481481481477,H325,L520,HADSAN,LYAN,0,0,0.4642857142857142,0.4642857142857142,0.5888888888888889,0.5888888888888889,0.31481481481481477,0.34951456310679613,,
P00250,0,person_00250a,person_00250b,EMS000250,,Elizabeth,Ashley,Mccarthy,,,2010-11-29,Female,Unknown,Not Hispanic or Latino,"4124 Tanya Unions Apt. 315, New Matthew, NH 83158",001-581-450-6185x3800,,Barnes-West Hospital,2025-04-02 23:32:50.450338,EHR000250,MRN200000,Christina,Julie,Washington,,,1948-06-08,Female,White,Not Hispanic or Latino,"18306 Travis Ridge, Lake Gregory, MT 90676",996-993-5782x434,iharper@example.com,2025-02-06 02:37:09.774438,0,0.4814814814814814,0.4472222222222222,0.0,no_match,0.3296703296703297,M263,W252,MCARTY,WASANGTAN,0,0,0.4814814814814814,0.4814814814814814,0.4472222222222222,0.4472222222222222,0.3296703296703297,0.29885057471264365,0.49503968253968256,0.42624434389140275
P00119,1,person_00119,person_00119,EMS000119,,Rachle,Michelle,Smmons,,,2011-03-15,Female,Unknown,Unknown,"99787 Morton Ridge Apt. 430, North Stevenville, WA 27676",+1-366-605-5830x344,,Foster-Carroll Hospital,2026-01-13 04:10:41.843368,EHR000119,MRN100119,Rachel,Michelle,Simmons,,,2011-03-15,Female,White,Unknown,"99787 Morton Ridge Apt. 430, North Stevenville, WA 27676",+1-366-605-5830x344,william50@example.org,2026-01-13 04:45:41.843368,0,0.9666666666666667,0.9571428571428572,1.0,exact,1.0,S552,S552,SNAN,SANAN,1,0,0.9666666666666667,0.9666666666666667,0.9571428571428572,0.9571428571428572,1.0,1.0,1.0,1.0
P00310,0,person_00310a,person_00310b,EMS000310,,David,,Taylor,,,1947-08-08,Male,White,Unknown,"31829 Jones Stravenue, Lake Kathleenmouth, GA 89805",350-300-0001x529,,Williams-Hamilton Hospital,2026-03-29 00:42:16.122791,EHR000310,MRN200060,Richard,Joshua,Watson,,,2005-06-21,Male,White,Not Hispanic or Latino,"255 Chambers Underpass, Karenview, GA 11647",+1-329-498-7478,madisonroberts@example.net,2025-04-16 15:19:26.086665,0,0.5619047619047619,0.5555555555555555,0.0,no_match,0.3829787234042554,T460,W325,TAYLAR,WATSAN,0,0,0.5619047619047619,0.5619047619047619,0.5555555555555555,0.5555555555555555,0.36170212765957444,0.3555555555555555,0.4222222222222223,0.3892773892773893
P00299,0,person_00299a,person_00299b,EMS000299,,Kristin,,Small,II,,2008-01-11,Female,Unknown,,"298 Drake Tunnel Apt. 306, Nelsonhaven, ME 65889",001-460-394-4128x3337,,Hogan Inc Hospital,2026-05-15 10:18:09.226487,EHR000299,MRN200049,Erin,Angela,Martin,,,1976-05-16,Female,Black or African American,Not Hispanic or Latino,"PSC 1506, Box 6626, APO AA 04511",551-443-7769x36634,erik59@example.com,2024-11-11 17:09:15.549678,0,0.5952380952380952,0.5777777777777778,0.0,no_match,0.32499999999999996,S540,M635,SNAL,MARTAN,0,0,0.5952380952380952,0.5952380952380952,0.4555555555555555,0.5777777777777778,0.30000000000000004,0.2894736842105263,0.6349206349206349,0.6357298474945533
P00255,0,person_00255a,person_00255b,EMS000255,,Bruce,Justin,Bennett,,,1967-04-15,Male,White,,"581 Stephanie Roads Suite 268, Henryview, TX 16261",,,Edwards PLC Hospital,2024-10-10 03:02:27.513960,EHR000255,MRN200005,Christina,Heather,Lee,,,1986-05-08,Female,White,Not Hispanic or Latino,"8094 Deborah Row Suite 604, Colleenshire, GU 04489",001-479-477-2781x050,christopherflowers@example.org,2025-12-08 20:23:43.731750,0,0.374074074074074,0.6507936507936508,0.0,no_match,0.4200000000000001,B530,L000,BANAT,LY,0,0,0.4370370370370371,0.374074074074074,0.6507936507936508,0.6507936507936508,0.4200000000000001,0.4042553191489362,,
P00354,0,person_00354a,person_00354b,EMS000354,,Nathan,,Burke,,,1948-05-17,Male,Black or African American,Hispanic or Latino,"52595 Renee Drive Apt. 273, New Carrie, HI 00687",,,Hendrix and Sons Hospital,2024-12-03 21:29:11.808688,EHR000354,MRN200104,Vanessa,Amber,Lopez,,,1988-05-03,Female,Black or African American,Not Hispanic or Latino,"236 Corey Overpass, East Randystad, SD 73065",688.821.7648,cgonzalez@example.com,2025-01-30 10:54:04.587545,0,0.5317460317460317,0.46666666666666656,0.0,no_match,0.34782608695652173,B620,L120,BARC,LAP,0,0,0.5396825396825397,0.5317460317460317,0.46666666666666656,0.46666666666666656,0.32608695652173914,0.38636363636363635,,
P00399,0,person_00399a,person_00399b,EMS000399,,Rhonda,Lauren,Wang,,,1979-01-05,Female,Two or More Races,Not Hispanic or Latino,"1826 Church Trafficway, Port Linda, NH 12354",208.564.9426x942,,Cooper Ltd Hospital,2025-03-16 04:52:00.238003,EHR000399,MRN200149,Tina,Elizabeth,Mayo,,,1987-10-21,Female,Black or African American,Not Hispanic or Latino,"9967 Victoria Rapid Apt. 195, Leestad, KS 80095",824.938.8430x21781,hughesnicholas@example.net,2025-02-08 04:49:13.368219,0,0.611111111111111,0.5,0.0,no_match,0.37362637362637363,W520,M000,WANG,MAY,0,0,0.611111111111111,0.611111111111111,0.5,0.5,0.3516483516483516,0.41379310344827597,0.5393518518518519,0.5649572649572651
P00225,1,person_00225,person_00225,EMS000225,,Jacob,Charles,Edwards,,,1929-07-30,Male,Asian,Hispanic or Latino,"79538 Paul Rapids Apt. 831, Jenniferland, OK 85208",(965)453-3077x04611,,"Logan, Johnston and Smith Hospital",2025-03-26 09:33:53.302285,EHR000225,MRN100225,Jacob,Charles,Edwards,,,1931-07-30,Male,Asian,Hispanic or Latino,"79538 Paul Rapids Apt. 831, Jenniferland, OK 85208",(965)453-3077x04611,brittany39@example.org,2025-03-26 09:50:53.302285,0,1.0,1.0,0.7,month_day_match_year_differs,1.0,E363,E363,EDWARD,EDWARD,1,1,1.0,1.0,1.0,1.0,1.0,1.0,1.0,1.0
P00353,0,person_00353a,person_00353b,EMS000353,,Robert,Matthew,Stevenson,,,1947-05-27,Male,White,Unknown,"4701 Lee Estates Apt. 865, East Rebecca, NH 59872",(296)365-6337,,"Moore, Rowe and Thompson Hospital",2025-06-02 08:48:43.690909,EHR000353,MRN200103,Robin,Tara,Brown,,,2018-10-12,Female,White,Hispanic or Latino,"02722 Kyle Island, Batesborough, DE 56261",3949391368,rebekahgonzalez@example.org,2025-05-09 19:56:32.540278,0,0.79,0.4370370370370371,0.0,no_match,0.37777777777777777,S315,B650,STAFANSAN,BRAON,0,0,0.79,0.79,0.4370370370370371,0.4370370370370371,0.3111111111111111,0.3764705882352941,0.48589743589743595,0.5333333333333333
P00234,1,person_00234,person_00234,EMS000234,,Kimbery,Jamie,iu,,,1972-03-01,Female,White,Unknown,"1591 Cunningham Spurs, Michelleville, WA 77127",,,"Dixon, Love and Miles Hospital",2025-08-01 08:48:13.605035,EHR000234,MRN100234,Kimberly,Jamie,Liu,,,1972-03-01,Female,Unknown,Unknown,"585 Gomez Mountain Suite 670, Port Robertberg, RI 40135",298.852.9894,richardsmith@example.net,2025-08-01 09:05:13.605035,0,0.975,0.0,1.0,exact,0.3366336633663366,I000,L000,I,L,0,0,0.975,0.975,0.0,0.0,0.3168316831683168,0.3157894736842105,,
P00382,0,person_00382a,person_00382b,EMS000382,,Mark,,Lee,,,1960-04-05,Male,Black or African American,Unknown,"USNS Cooper, FPO AA 02781",7413291828,,"Jordan, Walton and Walker Hospital",2026-02-03 17:15:31.921595,EHR000382,MRN200132,Christopher,Mark,Murphy,,,1984-04-14,Male,White,Not Hispanic or Latino,"00792 Brian Meadow Suite 001, New John, FL 60568",701-323-2961,anthonyconway@example.net,2024-09-07 14:32:37.984817,0,0.446969696969697,0.0,0.0,no_match,0.3561643835616438,L000,M610,LY,MARFY,0,0,0.446969696969697,0.446969696969697,0.0,0.0,0.3013698630136986,0.34782608695652173,0.7421428571428572,0.7771428571428571
P00274,0,person_00274a,person_00274b,EMS000274,,Victoria,Danielle,Perez,,,1992-03-18,Female,Black or African American,Not Hispanic or Latino,,(396)445-4655x3585,,Andersen and Sons Hospital,2025-07-10 21:32:22.999166,EHR000274,MRN200024,Betty,Veronica,Mueller,,,1978-11-14,Female,White,Not Hispanic or Latino,"93583 Adams Villages Apt. 797, Garzaland, GA 03399",+1-378-605-7215,stacey09@example.com,2026-03-11 12:55:05.382990,0,0.44166666666666665,0.5619047619047619,0.0,no_match,,P620,M460,PAR,MALAR,0,0,0.44166666666666665,0.44166666666666665,0.5619047619047619,0.5619047619047619,,,0.4037037037037037,0.5497835497835498
P00036,1,person_00036,person_00036,EMS000036,,Sharon,,Rivera,,,1943-06-27,Female,White,Not Hispanic or Latino,"29702 Joel Rue, Michaelshire, AZ 79811",711-854-4796x27570,,Shelton LLC Hospital,2025-12-08 20:59:53.709347,EHR000036,MRN100036,Sharon,,Rivera,,,1942-06-27,Female,White,Not Hispanic or Latino,"765 Tyler Parks Suite 841, Millerburgh, ND 39005",711-854-4796x27570,danielle01@example.net,2025-12-08 21:27:53.709347,0,1.0,1.0,0.7,month_day_match_year_differs,0.37209302325581395,R160,R160,RAVAR,RAVAR,1,1,1.0,1.0,1.0,1.0,0.37209302325581395,0.375,1.0,1.0
P00196,1,person_00196,person_00196,EMS000196,,Michele,,Evans,,,1942-07-23,Female,White,Not Hispanic or Latino,"0688 Brown Villages, Port Karenville, HI 79026",001-320-687-5102x932,,"Jackson, Rowland and Barrett Hospital",2025-05-22 18:11:15.203192,EHR000196,MRN100196,Michele,,Evans,,,1942-07-23,Female,White,Not Hispanic or Latino,"0688 Brown Villages, Port Karenville, HI 79026",001-320-687-5102x932,millerdavid@example.com,2025-05-22 18:41:15.203192,0,1.0,1.0,1.0,exact,1.0,E152,E152,EVAN,EVAN,1,1,1.0,1.0,1.0,1.0,1.0,1.0,1.0,1.0
P00139,1,person_00139,person_00139,EMS000139,,Tyler,,Hill,,,1996-11-19,Male,White,Unknown,,,,Perez-Watson Hospital,2025-01-02 15:14:50.257564,EHR000139,MRN100139,Tyler,Brian,Hill,,,1996-11-19,Male,Unknown,Not Hispanic or Latino,"046 Thomas Manor, Rojastown, LA 25281",903-985-6955,itorres@example.com,2025-01-02 16:09:50.257564,0,1.0,1.0,1.0,exact,,H400,H400,HAL,HAL,1,1,1.0,1.0,1.0,1.0,,,,
P00364,0,person_00364a,person_00364b,EMS000364,,Marcus,,Gallagher,,,1947-10-01,Male,White,Not Hispanic or Latino,"4980 Davis Ford, East Dianaton, AZ 36232",001-483-321-1221,,Robinson Ltd Hospital,2024-11-24 22:20:12.186901,EHR000364,MRN200114,Jaime,Christian,Graham,Sr.,,1970-04-16,Male,White,Not Hispanic or Latino,"0191 Baker Plain Apt. 644, Port Mary, AL 06082",(829)687-7873x5856,xcurry@example.net,2025-07-14 04:41:01.285683,0,0.4555555555555555,0.6203703703703703,0.0,no_match,0.39534883720930236,G426,G650,GALAGAR,GRAHAN,0,0,0.4555555555555555,0.4555555555555555,0.6203703703703703,0.6203703703703703,0.37209302325581395,0.36585365853658536,0.32407407407407407,0.3705738705738706
P00244,1,person_00244,person_00244,EMS000244,,Mathtew,,Patel,,,1993-05-26,Male,White,Hispanic or Latino,"4490 Kurt Shore Suite 427, Smithtown, NH 05351",669.698.4267x320,,Castillo-Richard Hospital,2025-05-03 17:53:22.721882,EHR000244,MRN100244,Matthew,,Patel,,,1993-05-26,Male,White,,"95493 Matthew Village Suite 601, Farleyport, PR 70593",669.698.4267x320,lutzkelsey@example.com,2025-05-03 18:32:22.721882,0,0.9666666666666667,1.0,1.0,exact,0.4444444444444444,P340,P340,PATAL,PATAL,1,1,0.9666666666666667,0.9666666666666667,1.0,1.0,0.4242424242424242,0.4516129032258065,1.0,1.0
P00439,0,person_00439a,person_00439b,EMS000439,,Kelli,Emily,Campbell,,,1941-02-09,Female,White,Hispanic or Latino,,958-866-8611,,Hansen-Jones Hospital,2026-06-22 13:51:00.916926,EHR000439,MRN200189,Kelly,Mary,Moore,,,1936-11-24,Female,White,Not Hispanic or Latino,"58353 Kelly Plains Apt. 956, Scottberg, ND 48947",453.839.9824,ghopkins@example.com,2026-01-23 19:29:41.851880,0,0.92,0.5499999999999999,0.0,no_match,,C514,M600,CANPBAL,MAR,0,0,0.92,0.92,0.44166666666666665,0.5499999999999999,,,0.5,0.5333333333333333
P00286,0,person_00286a,person_00286b,EMS000286,,Charles,Mario,Peters,,,1987-01-28,Male,White,Not Hispanic or Latino,"7439 Mitchell Radial, West Stephanie, DE 07372",287-652-5680x65625,,Mendoza Inc Hospital,2024-10-07 12:32:34.757548,EHR000286,MRN200036,Anthony,,Love,,Anthony Anderson,1936-09-23,Male,Asian,Not Hispanic or Latino,"82315 Morgan Loop, Karenfort, MO 71949",4863628137,jeremy08@example.org,2026-05-07 21:37:59.176518,0,0.3571428571428572,0.4722222222222221,0.0,no_match,0.2857142857142857,P362,L100,PATAR,LAV,0,0,0.4285714285714286,0.3571428571428572,0.4722222222222221,0.4722222222222221,0.26190476190476186,0.275,0.47777777777777786,0.5444444444444444
P00059,1,person_00059,person_00059,EMS000059,,Jerrry,Gregory,Montoya,,,1972-05-16,Male,White,Not Hispanic or Latino,"Unit 3395 Box 9629, DPO AE 27583",,,Sellers-Riddle Hospital,2026-08-03 11:17:27.348425,EHR000059,MRN100059,Jerry,Gregory,Montoya,,,1972-05-16,Male,White,Not Hispanic or Latino,"Unit 3395 Box 9629, DPO AE 27583",709.658.4982,ashley81@example.org,2026-08-03 11:44:27.348425,0,0.9666666666666667,1.0,1.0,exact,1.0,M530,M530,MANTAY,MANTAY,1,1,0.9666666666666667,0.9666666666666667,1.0,1.0,1.0,1.0,,
P00111,1,person_00111,person_00111,EMS000111,,LLaura,,Davis,,,1971-11-09,Female,White,Unknown,,683.876.9389x8331,,Diaz-Lee Hospital,2026-01-02 21:11:24.405718,EHR000111,MRN100111,Laura,,Davis,,,1971-09-11,Female,White,Not Hispanic or Latino,"51790 Baker Locks, Ayalaberg, WV 18178",683.876.9389x8331,gail91@example.org,2026-01-02 22:38:24.405718,0,0.9500000000000001,1.0,0.85,month_day_transposed,,D120,D120,DAV,DAV,1,1,0.9500000000000001,0.9500000000000001,1.0,1.0,,,1.0,1.0
P00089,1,person_00089,person_00089,EMS000089,,Johnny,E.,Pearson,,,1961-02-02,Male,Unknown,Not Hispanic or Latino,"88013 Michelle Manors, East Amandachester, SD 09953",001-520-675-0110x2481,,Price Inc Hospital,2025-07-12 12:01:17.399005,EHR000089,MRN100089,John,Edward,Pearson,IV,,1961-02-02,Male,White,Not Hispanic or Latino,"88013 Michelle Manors, East Amandachester, SD 09953",001-520-675-0110x2481,ohughes@example.com,2025-07-12 12:30:17.399005,0,0.9333333333333333,1.0,1.0,exact,1.0,P625,P625,PARSAN,PARSAN,1,1,0.9333333333333333,0.9333333333333333,1.0,1.0,1.0,1.0,1.0,1.0
P00436,0,person_00436a,person_00436b,EMS000436,,Deanna,,Spencer,,,2006-10-19,Female,White,Unknown,"153 Blake Courts Suite 065, Lake Ronnie, LA 24616",,,Melton-Douglas Hospital,2024-12-03 20:53:43.740990,EHR000436,MRN200186,Vanessa,Debbie,Alexander,,Vanessa Carter,1971-02-12,Female,White,Not Hispanic or Latino,"510 Russell Dam Suite 069, New Robert, MS 70471",912-506-2767x29350,gail42@example.org,2024-11-18 17:13:57.506749,0,0.6626984126984127,0.671957671957672,0.0,no_match,0.5208333333333333,S152,A425,SPANCAR,ALAXANDAR,0,0,0.6626984126984127,0.6626984126984127,0.671957671957672,0.671957671957672,0.5,0.48888888888888893,,
P00006,1,person_00006,person_00006,EMS000006,,Jim,T.,Walls,,,1988-09-02,Male,Black or African American,Not Hispanic or Latino,"83842 Ibarra Gardens, Justinmouth, MP 71701",001-449-680-8412x411,,Wagner-King Hospital,2025-12-06 11:35:23.659431,EHR000006,MRN100006,Jim,Timothy,Walls,,Jim Smith,1989-09-02,Male,Unknown,Unknown,"83842 Ibarra Gardens, Justinmouth, MP 71701",001-449-680-8412x411,cassandra53@example.net,2025-12-06 12:01:23.659431,0,1.0,1.0,0.7,month_day_match_year_differs,1.0,W420,W420,WAL,WAL,1,1,1.0,1.0,1.0,1.0,1.0,1.0,1.0,1.0
P00360,0,person_00360a,person_00360b,EMS000360,,Andrew,R.,Hinton,,,1992-07-08,Male,White,Unknown,"469 Eric Valley, Lake Elainefort, NV 37993",474-530-4350,,Chase-Thomas Hospital,2025-05-23 22:56:50.401162,EHR000360,MRN200110,Lisa,Diana,Myers,,,1947-11-15,Female,White,Not Hispanic or Latino,"32829 Albert Brook, West Richard, CT 28750",903.303.3467,santiagoronald@example.com,2026-04-18 02:23:13.292138,0,0.0,0.0,0.0,no_match,0.38095238095238093,H535,M620,HANTAN,MYAR,0,0,0.0,0.0,0.0,0.0,0.3571428571428571,0.375,0.38888888888888884,0.43333333333333335
P00346,0,person_00346a,person_00346b,EMS000346,,Jacqueline,Latasha,Thomas,,,1937-05-16,Female,White,Not Hispanic or Latino,"900 Duncan Views Apt. 186, Woodston, WI 91655",,,"Williams, Sanchez and Walsh Hospital",2025-12-12 23:50:58.941040,EHR000346,MRN200096,Jamie,Sarah,Moore,,Jamie Murphy,1951-05-15,Female,Black or African American,Not Hispanic or Latino,"73654 Rachel Ferry, Danielside, KS 24588",001-302-392-3345,mclaughlinanthony@example.org,2026-06-13 00:38:02.571608,0,0.65,0.4555555555555555,0.0,no_match,0.3294117647058824,T520,M600,TAN,MAR,0,0,0.65,0.65,0.4555555555555555,0.4555555555555555,0.3058823529411765,0.35,,
P00338,0,person_00338a,person_00338b,EMS000338,,Jonathan,Jose,Jones,,,1971-01-13,Male,Black or African American,Unknown,"Unit 4445 Box 4460, DPO AP 28060",+1-351-279-9378,,Galloway Ltd Hospital,2025-10-19 02:34:07.601784,EHR000338,MRN200088,Kimberly,Toni,Hunt,,,1954-12-06,Female,White,Not Hispanic or Latino,"996 Nicole Track Apt. 457, Port Timothy, KY 59406",+1-524-563-0198x64242,pmartin@example.org,2024-11-13 13:44:45.266518,0,0.0,0.4833333333333334,0.0,no_match,0.3950617283950617,J520,H530,JAN,HAD,0,0,0.0,0.0,0.4833333333333334,0.4833333333333334,0.345679012345679,0.41025641025641024,0.6614718614718614,0.5960497835497836
P00158,1,person_00158,person_00158,EMS000158,,Joseph,C.,Wilson,,,1934-11-09,Male,Two or More Races,Not Hispanic or Latino,"7121 Davis Ways Suite 228, Annashire, IL 76987",+1-970-632-0320,,Fox PLC Hospital,2024-09-28 23:34:30.354791,EHR000158,MRN100158,Joseph,Charles,Wilson,,,1934-11-09,Male,Two or More Races,Not Hispanic or Latino,"564 Austin Trace Suite 856, West Jillian, NM 20327",+1-970-632-0320,janicegraham@example.com,2024-09-29 00:44:30.354791,0,1.0,1.0,1.0,exact,0.45833333333333337,W425,W425,WALSAN,WALSAN,1,1,1.0,1.0,1.0,1.0,0.45833333333333337,0.4666666666666666,1.0,1.0
P00150,1,person_00150,person_00150,EMS000150,MRN100150,Antonio,,Garza,,,1942-03-11,Male,Two or More Races,Not Hispanic or Latino,"561 Reed Knolls, Bellbury, IA 31253",+1-949-811-4152x0850,,Gray-Myers Hospital,2025-11-02 16:46:46.031107,EHR000150,MRN100150,Antonio,,Garza,,,1942-11-03,Male,,Not Hispanic or Latino,"561 Reed Knolls, Bellbury, IA 31253",+1-949-811-4152x0850,sadams@example.com,2025-11-02 17:54:46.031107,1,1.0,1.0,0.85,month_day_transposed,1.0,G620,G620,GARS,GARS,1,1,1.0,1.0,1.0,1.0,1.0,1.0,1.0,1.0
P00177,1,person_00177,person_00177,EMS000177,,Mary,,Smith,,,1967-02-18,Female,White,Not Hispanic or Latino,"9822 Parker Junctions Suite 508, North John, GU 73829",(584)456-7972,,Henderson and Sons Hospital,2025-09-09 00:18:31.004512,EHR000177,MRN100177,Mary,,Smith,,,1967-02-18,Female,White,Not Hispanic or Latino,"0785 Daniel Bridge, New Kristineborough, MH 75633",(584)456-7972,brownlarry@example.com,2025-09-09 01:43:31.004512,0,1.0,1.0,1.0,exact,0.37254901960784315,S530,S530,SNAT,SNAT,1,1,1.0,1.0,1.0,1.0,0.3529411764705882,0.39583333333333337,1.0,1.0
P00393,0,person_00393a,person_00393b,EMS000393,,Jennifer,Terry,Wyatt,,,1960-12-01,Female,Two or More Races,Not Hispanic or Latino,"6120 Martinez Valleys Apt. 009, Lake Judy, ND 35704",324-603-2115x35505,,"Bender, Martin and Mcdonald Hospital",2025-07-10 06:57:34.597211,EHR000393,MRN200143,Margaret,Elizabeth,Wade,,,1935-05-09,Female,Two or More Races,Not Hispanic or Latino,"724 Jacobs Crossroad Suite 422, New Amyview, SC 89027",581-592-0487x70676,,2024-11-07 18:45:00.196576,0,0.33333333333333326,0.6333333333333333,0.0,no_match,0.3653846153846154,W300,W300,WYAT,WAD,1,0,0.33333333333333326,0.33333333333333326,0.6333333333333333,0.6333333333333333,0.34615384615384615,0.3877551020408163,0.5555555555555555,0.48888888888888893
P00184,1,person_00184,person_00184,EMS000184,,Sherry,,Johnston,,,2000-09-14,Female,White,Unknown,"5636 Alex Crescent Apt. 577, Jonesside, TN 32258",784-813-7681x511,,"Dodson, Taylor and Hoover Hospital",2024-10-01 18:57:24.249121,EHR000184,MRN100184,Sherry,Julia,Johnston,,,2000-09-14,Female,White,Hispanic or Latino,"4692 Wright River Suite 762, South Hollyton, IA 21201",784-813-7681x511,,2024-10-01 19:53:24.249121,0,1.0,1.0,1.0,exact,0.4356435643564357,J523,J523,JANSTAN,JANSTAN,1,1,1.0,1.0,1.0,1.0,0.3564356435643564,0.41666666666666663,1.0,1.0
P00449,0,person_00449a,person_00449b,EMS000449,,Tasha,Jessica,Young,,,1971-08-27,Female,White,Not Hispanic or Latino,"951 Garner Circle, Matthewmouth, VA 81181",001-582-626-7312,,Lee-Miller Hospital,2024-09-16 22:08:59.816268,EHR000449,MRN200199,Kerry,Amanda,Shaw,,,2011-06-07,Female,Unknown,Not Hispanic or Latino,"202 Franklin Gardens Suite 450, New Gregory, VA 31636",934-427-5576,rodriguezmark@example.net,2025-03-26 13:04:57.407796,0,0.0,0.0,0.0,no_match,0.44680851063829785,Y520,S000,YANG,S,0,0,0.0,0.0,0.0,0.0,0.44680851063829785,0.4772727272727273,0.5138888888888888,0.4025641025641027
P00010,1,person_00010,person_00010,EMS000010,,Kenneth,Nathan,Cruz,,,,Male,Unknown,Not Hispanic or Latino,,+1-495-979-8687,,"Washington, Allen and Gonzales Hospital",2025-03-20 18:07:26.321099,EHR000010,MRN100010,Kenneth,Nathan,Cruz,,,1968-08-17,Male,White,Not Hispanic or Latino,"63287 Angela Vista, South Dennismouth, TN 70117",+1-495-979-8687,pgreen@example.net,2025-03-20 18:47:26.321099,0,1.0,1.0,,missing,,C620,C620,CR,CR,1,1,1.0,1.0,1.0,1.0,,,1.0,1.0
P00380,0,person_00380a,person_00380b,EMS000380,,Christina,Lisa,Cross,,,1942-10-22,Female,White,Hispanic or Latino,"48486 Cole Canyon Apt. 139, Floreschester, HI 19904",001-502-512-3720x550,,Bender PLC Hospital,2025-10-01 01:46:36.470347,EHR000380,MRN200130,James,Ricky,Manning,,,2025-02-05,Male,White,Not Hispanic or Latino,"008 David Crest, Yatestown, OR 12604",(292)832-7379x8979,weaverjessica@example.com,2026-05-07 17:17:09.974511,0,0.4370370370370371,0.0,0.0,no_match,0.3448275862068966,C620,M552,CR,MANANG,0,0,0.4370370370370371,0.4370370370370371,0.0,0.0,0.3218390804597702,0.3373493975903614,0.4843915343915344,0.4898809523809524
P00103,1,person_00103,person_00103,EMS000103,,Eric,David,Mitchell,,,1992-03-06,Male,White,Hispanic or Latino,"05577 Dunn Dale, New Carla, SC 98662",+1-796-888-4578x3174,,Cooper Group Hospital,2026-04-17 19:16:53.492572,EHR000103,MRN100103,Eric,David,Mitchell,,,1990-03-06,Male,White,Hispanic or Latino,"05577 Dunn Dale, New Carla, SC 98662",+1-796-888-4578x3174,eric00@example.net,2026-04-17 19:48:53.492572,0,1.0,1.0,0.7,month_day_match_year_differs,1.0,M324,M324,MATCAL,MATCAL,1,1,1.0,1.0,1.0,1.0,1.0,1.0,1.0,1.0
P00081,1,person_00081,person_00081,EMS000081,,Dawn,,Harris,,,1995-10-22,Female,White,Not Hispanic or Latino,"143 Hinton Hill, Stevenville, GU 23399",235.364.2087x37530,,Phelps LLC Hospital,2026-07-24 17:39:58.529357,EHR000081,MRN100081,Dawn,Mia,Harris,,,1995-10-22,Female,White,Not Hispanic or Latino,"184 Robert Cove Apt. 411, Gonzalezborough, WI 34972",235.364.2087x37530,conleyelizabeth@example.org,2026-07-24 18:06:58.529357,0,1.0,1.0,1.0,exact,0.35955056179775285,H620,H620,HAR,HAR,1,1,1.0,1.0,1.0,1.0,0.35955056179775285,0.3294117647058824,1.0,1.0
P00038,1,person_00038,person_00038,EMS000038,,Zachary,,Fox,,,2003-09-25,Male,White,Not Hispanic or Latino,"51778 Anderson Village, Port Tammy, NE 66412",7186242253,,"Turner, Ferguson and Shaw Hospital",2025-03-18 15:58:41.600092,EHR000038,MRN100038,Zachary,Nathan,Fox,,,2003-09-25,Male,White,Not Hispanic or Latino,"51778 Anderson Village, Port Tammy, NE 66412",7186242253,kingcynthia@example.net,2025-03-18 16:09:41.600092,0,1.0,1.0,1.0,exact,1.0,F200,F200,FAX,FAX,1,1,1.0,1.0,1.0,1.0,1.0,1.0,1.0,1.0
P00314,0,person_00314a,person_00314b,EMS000314,,Chloe,,Moore,,,1987-11-06,Female,,Not Hispanic or Latino,"4556 Christopher Camp, Davidside, MT 98430",2503537666,,Allen PLC Hospital,2025-03-30 07:36:08.247524,EHR000314,MRN200064,Todd,,Acevedo,,,2013-10-08,Male,White,Not Hispanic or Latino,"6691 Paul Spur, Jonesborough, CT 23505",001-934-855-0688x26917,christineriggs@example.com,2026-08-03 17:33:02.883750,0,0.0,0.4476190476190476,0.0,no_match,0.35,M600,A213,MAR,ACAFAD,0,0,0.0,0.0,0.4476190476190476,0.4476190476190476,0.32499999999999996,0.34210526315789463,0.5686868686868687,0.5888888888888889
P00167,1,person_00167,person_00167,EMS000167,,Richard,J.,Gonzalez,,,1957-04-22,Male,Unknown,Not Hispanic or Latino,"2884 Christopher Plaza Suite 852, North Pamelaside, OR 34408",746.381.0548,,"Smith, Morgan and Young Hospital",2025-04-04 20:08:44.340419,EHR000167,MRN100167,Richard,Jared,Gonzalez,,,1959-04-22,Male,White,Not Hispanic or Latino,"2884 Christopher Plaza Suite 852, North Pamelaside, OR 34408",746.381.0548,shermanshelly@example.com,2025-04-04 21:07:44.340419,0,1.0,1.0,0.7,month_day_match_year_differs,1.0,G524,G524,GANSAL,GANSAL,1,1,1.0,1.0,1.0,1.0,1.0,1.0,1.0,1.0
P00469,0,person_00469a,person_00469b,EMS000469,,Angela,K.,Merritt,,,,Female,Asian,Not Hispanic or Latino,"974 Sanford Corners, Lake Daisyhaven, MS 90141",(867)651-1997,,Tran-Bradley Hospital,2025-11-11 14:53:40.755076,EHR000469,MRN200219,Richard,Benjamin,Howard,,,1991-08-03,Male,White,Not Hispanic or Latino,"678 Young Stravenue, Port Brendanborough, MI 97022",420.416.3015x97224,katherine34@example.net,2025-08-15 12:30:18.254246,0,0.4365079365079365,0.4365079365079365,,missing,0.375,M630,H630,MARAT,HAOAD,0,0,0.4365079365079365,0.4365079365079365,0.4365079365079365,0.4365079365079365,0.33333333333333337,0.37362637362637363,0.5427350427350427,0.6111111111111112
P00296,0,person_00296a,person_00296b,EMS000296,,Kevin,,Holmes,,,1981-02-05,Male,Asian,Unknown,"5031 Christopher Square, West Christianview, NV 20034",226-442-3642x8131,,"Obrien, Williams and Mcgrath Hospital",2024-11-18 10:43:51.432087,EHR000296,MRN200046,Alan,Tyrone,Morrison,,Alan Jones,2004-01-30,Male,White,Not Hispanic or Latino,"178 Cummings Drives, East Kristin, MD 23018",001-548-708-8062x20722,steven72@example.net,2025-02-27 12:01:01.665257,0,0.4833333333333334,0.5138888888888888,0.0,no_match,0.41666666666666663,H452,M625,HALN,MARASAN,0,0,0.4833333333333334,0.4833333333333334,0.5277777777777778,0.5138888888888888,0.39583333333333337,0.39130434782608686,0.5697415329768271,0.47830687830687824
P00474,0,person_00474a,person_00474b,EMS000474,,Vanessa,,Sullivan,,,1994-07-15,Female,White,Hispanic or Latino,"967 Stephanie Grove Apt. 300, Nunezbury, AS 48238",,,"Cooper, Lewis and Morse Hospital",2025-09-23 00:52:26.870801,EHR000474,MRN200224,James,,Crosby,,,1940-07-05,Male,White,Not Hispanic or Latino,"21425 Linda Corner, New Tracyside, OK 19735",694-665-7446x53255,rodriguezconnor@example.net,2026-05-13 02:15:22.396212,0,0.6761904761904761,0.4305555555555556,0.0,no_match,0.34782608695652173,S415,C621,SALAVAN,CRASBY,0,0,0.6761904761904761,0.6761904761904761,0.0,0.4305555555555556,0.32608695652173914,0.36363636363636365,,
P00198,1,person_00198,person_00198,EMS000198,,Miguel,J.,Hollland,,,1979-04-01,Male,Two or More Races,Not Hispanic or Latino,"6609 Chris Crossing, Lake Amyland, MA 84410",855-542-3401,,"Hutchinson, Chapman and Roman Hospital",2025-01-05 13:16:21.044260,EHR000198,MRN100198,Miguel,Justin,Holland,,,1979-04-01,Male,Two or More Races,Not Hispanic or Latino,"6609 Chris Crossing, Lake Amyland, MA 84410",855-542-3401,ylynn@example.org,2025-01-05 13:58:21.044260,0,1.0,0.975,1.0,exact,1.0,H453,H453,HALAD,HALAD,1,1,1.0,1.0,0.975,0.975,1.0,1.0,1.0,1.0
P00297,0,person_00297a,person_00297b,EMS000297,,Brandy,,Mitchell,,,1980-11-27,Female,White,Not Hispanic or Latino,"868 Hayden Pike Suite 996, Alexandrachester, GA 66450",,,"Arnold, Williams and Jarvis Hospital",2024-10-26 06:03:27.883748,EHR000297,MRN200047,Cindy,Patricia,Christensen,,,1973-05-28,Female,White,Not Hispanic or Latino,"463 Allen Forks, Kingfurt, NH 93940",253.772.6032x145,pblankenship@example.com,2025-04-01 21:50:34.555010,0,0.7000000000000001,0.5598484848484849,0.0,no_match,0.38636363636363635,M324,C623,MATCAL,CRASTANSAN,0,0,0.7000000000000001,0.7000000000000001,0.537878787878788,0.5598484848484849,0.38636363636363635,0.3855421686746988,,
P00416,0,person_00416a,person_00416b,EMS000416,,Andrea,Stephanie,Rojas,,,,Female,Unknown,Unknown,"08829 Buchanan Pike, Hortonview, CT 75284",(823)932-6058x69427,,"Bautista, Johnson and Hernandez Hospital",2025-08-11 06:07:04.888921,EHR000416,MRN200166,Corey,Aaron,Powell,,Corey Bridges,1950-12-15,Male,White,Unknown,"Unit 1518 Box 1788, DPO AE 39154",001-526-455-9469x89062,ohardy@example.net,2025-07-25 03:03:09.944142,0,0.5777777777777778,0.4555555555555555,,missing,0.3287671232876712,R220,P400,RAJ,PAOAL,0,0,0.5777777777777778,0.5777777777777778,0.4555555555555555,0.4555555555555555,0.3013698630136986,0.34285714285714286,0.5867889420520999,0.6407407407407407
P00146,1,person_00146,person_00146,EMS000146,,Raachel,Tamara,Harris,,,2016-04-09,Female,Unknown,Hispanic or Latino,"12495 Martin Parkway Apt. 891, Port Belindatown, NC 28943",001-434-928-0138x759,,"Perez, Rodriguez and Rollins Hospital",2025-07-05 23:24:32.932981,EHR000146,MRN100146,Rachel,Tamara,Harris,,,2016-04-09,Female,White,Hispanic or Latino,"12495 Martin Parkway Apt. 891, Port Belindatown, NC 28943",001-434-928-0138x759,whitemichael@example.com,2025-07-05 23:39:32.932981,0,0.9619047619047619,1.0,1.0,exact,1.0,H620,H620,HAR,HAR,1,1,0.9619047619047619,0.9619047619047619,1.0,1.0,1.0,1.0,1.0,1.0
P00392,0,person_00392a,person_00392b,EMS000392,,Hailey,Valerie,Wilson,,,,Female,,Hispanic or Latino,"5036 Neal Fords Apt. 332, Melissafurt, PW 21893",001-562-308-0598,,"Perez, Olson and Hall Hospital",2025-01-09 06:20:03.506071,EHR000392,MRN200142,Brandon,Shawn,Brown,,,2004-10-07,Male,White,Hispanic or Latino,"9992 David Gardens Suite 631, Stevensshire, MN 36920",(510)962-9419,,2025-07-22 05:25:39.566754,0,0.4365079365079365,0.5777777777777778,,missing,0.4040404040404041,W425,B650,WALSAN,BRAON,0,0,0.4365079365079365,0.4365079365079365,0.5777777777777778,0.5777777777777778,0.38383838383838387,0.43478260869565216,0.5634157509157509,0.6316239316239316
P00147,1,person_00147,person_00147,EMS000147,,Beckky,A.,Taylor,,,1998-08-11,Female,Black or African American,Not Hispanic or Latino,"57164 Burke Inlet, Perezchester, LA 56594",917.352.0716,,"Schaefer, Levine and Brown Hospital",2026-08-14 06:44:14.777819,EHR000147,MRN100147,Becky,Ashley,Taylor,,Becky Farmer,1997-08-11,Female,Black or African American,,"57164 Burke Inlet, Perezchester, LA 56594",917.352.0716,,2026-08-14 07:14:14.777819,0,0.9666666666666667,1.0,0.7,month_day_match_year_differs,1.0,T460,T460,TAYLAR,TAYLAR,1,1,0.9666666666666667,0.9666666666666667,1.0,1.0,1.0,1.0,1.0,1.0
P00447,0,person_00447a,person_00447b,EMS000447,,Stacey,J.,Brock,,,1983-12-11,Female,White,Not Hispanic or Latino,"3695 Michael Track Suite 505, New Gregoryview, MO 61250",(200)973-4293,,Lopez-Salinas Hospital,2025-11-26 09:42:00.752678,EHR000447,MRN200197,Susan,,Richard,,,1986-09-27,Female,Black or African American,Not Hispanic or Latino,"038 Bryan Dam Suite 851, Benjaminberg, UT 91884",+1-404-950-2814x3531,,2026-04-30 06:17:54.252456,0,0.5777777777777778,0.5619047619047619,0.0,no_match,0.4509803921568627,B620,R263,BRAC,RACAD,0,0,0.5777777777777778,0.5777777777777778,0.4476190476190476,0.5619047619047619,0.43137254901960786,0.39583333333333337,0.5467948717948717,0.626984126984127
P00287,0,person_00287a,person_00287b,EMS000287,,Daniel,,Hall,,,1945-02-28,Male,Native Hawaiian or Other Pacific Islander,Not Hispanic or Latino,"6608 Vasquez Skyway Suite 810, New Barry, IN 76881",605.619.5826x3280,,"Molina, Mccall and Castillo Hospital",2025-04-26 07:31:54.025647,EHR000287,MRN200037,Dawn,Christina,Hurst,,,1967-12-17,Female,White,Unknown,"79863 Daniel Loaf Apt. 339, Marissaborough, FM 78260",457-703-9438x0403,victorcortez@example.net,2026-08-19 03:28:24.082360,0,0.8,0.4833333333333334,0.0,no_match,0.3137254901960784,H400,H623,HAL,HARST,0,0,0.8,0.8,0.4833333333333334,0.4833333333333334,0.2941176470588235,0.35051546391752575,0.464985994397759,0.5079365079365079
P00123,1,person_00123,person_00123,EMS000123,,Melisas,,Edwarsd,,,2008-04-26,Female,Unknown,Unknown,"9217 Stanley Spur, Ruizbury, FL 81364",756-925-5770x171,,Romero Group Hospital,2025-11-14 17:11:25.622195,EHR000123,MRN100123,Melissa,Lisa,Edwards,,,2008-04-26,Female,Black or African American,Hispanic or Latino,"9217 Stanley Spur, Ruizbury, FL 81364",756-925-5770x171,ssingleton@example.com,2025-11-14 17:41:25.622195,0,0.9714285714285714,0.9714285714285714,1.0,exact,1.0,E362,E363,EDWARSD,EDWARD,0,0,0.9714285714285714,0.9714285714285714,0.9714285714285714,0.9714285714285714,1.0,1.0,1.0,1.0
P00368,0,person_00368a,person_00368b,EMS000368,,Donna,,Acevedo,,,,Female,Unknown,Not Hispanic or Latino,"4980 Roberts Branch, Lake Danielle, AS 52208",2528102627,,Garcia-Oneal Hospital,2026-02-07 06:42:09.496121,EHR000368,MRN200118,Albert,Joshua,Nelson,,,2009-11-06,Male,White,Not Hispanic or Latino,"08898 Nancy Unions, West Timothyside, OH 31559",+1-797-241-8563x027,smithbrandon@example.com,2026-03-08 04:23:51.206622,0,0.0,0.5396825396825397,,missing,0.37777777777777777,A213,N425,ACAFAD,NALSAN,0,0,0.0,0.0,0.5396825396825397,0.5396825396825397,0.37777777777777777,0.37209302325581395,0.4543859649122808,0.5904761904761905
P00096,1,person_00096,person_00096,EMS000096,,Json,C.,Fltcher,,,2005-08-28,Male,Unknown,,"213 Logan Estates Apt. 386, Laurenton, GA 51501",+1-969-459-4636,,"Smith, Davis and Thomas Hospital",2025-10-26 03:32:13.876331,EHR000096,MRN100096,Jason,Colin,Fletcher,,,2005-08-28,Male,White,Not Hispanic or Latino,"063 Ortiz Coves, South Denise, KS 34750",+1-969-459-4636,angie74@example.com,2025-10-26 04:45:13.876331,0,0.94,0.8904761904761905,1.0,exact,0.37209302325581395,F432,F432,FLTCAR,FLATCAR,1,0,0.94,0.94,0.8904761904761905,0.8904761904761905,0.34883720930232553,0.42500000000000004,1.0,1.0
P00143,1,person_00143,person_00143,EMS000143,,Angelica,,CClark,,,1975-10-01,Female,Asian,Not Hispanic or Latino,"3014 Gamble Cliff, Biancashire, NE 34305",2494478730,,"Jennings, Mccann and Cardenas Hospital",2025-12-29 14:54:34.628218,EHR000143,MRN100143,Angelica,,Clark,,,1975-10-01,Female,Asian,Not Hispanic or Latino,"96106 Perry Point Suite 923, Port Patrick, OH 64803",2494478730,,2025-12-29 15:32:34.628218,0,1.0,0.9500000000000001,1.0,exact,0.3076923076923077,C462,C462,CLARC,CLARC,1,1,1.0,1.0,0.9500000000000001,0.9500000000000001,0.2637362637362637,0.3023255813953488,1.0,1.0
P00239,1,person_00239,person_00239,EMS000239,MRN100239,Christina,Carla,Cervantes,,,2007-06-27,Female,White,,"73098 Johnson View, Sandraview, MS 92680",+1-987-833-9785x59821,,Jones-Savage Hospital,2024-12-01 02:18:36.958205,EHR000239,MRN100239,Christina,Carla,Cervantes,,,2007-06-27,Female,White,Hispanic or Latino,"130 Patricia Lake, Carrollland, MA 24789",+1-987-833-9785x59821,ksawyer@example.org,2024-12-01 02:55:36.958205,1,1.0,1.0,1.0,exact,0.375,C615,C615,CARVANT,CARVANT,1,1,1.0,1.0,1.0,1.0,0.375,0.39473684210526316,1.0,1.0
P00442,0,person_00442a,person_00442b,EMS000442,,Sharon,,Harris,Sr.,,1960-12-06,Female,,Hispanic or Latino,"7192 Justin Lodge, Hudsonview, MS 32281",001-886-864-3203x172,,Cain Inc Hospital,2026-02-01 20:20:49.881097,EHR000442,MRN200192,Jenna,Felicia,Garrison,,,1986-12-04,Female,White,Not Hispanic or Latino,"240 Lisa Spurs Apt. 086, North Kevinfurt, WY 02790",519-508-5432x71630,rachel36@example.net,2026-04-30 09:16:59.118929,0,0.4111111111111112,0.8194444444444445,0.0,no_match,0.3146067415730337,H620,G625,HAR,GARASAN,0,0,0.4111111111111112,0.4111111111111112,0.8194444444444445,0.8194444444444445,0.3146067415730337,0.33333333333333337,0.683068783068783,0.655429292929293
P00097,1,person_00097,person_00097,EMS000097,,Tammy,,Brown,,,1951-09-24,Female,Two or More Races,Unknown,"669 April Street Apt. 184, Michaelview, IN 79978",484.230.9883,,Gibson Group Hospital,2026-08-28 08:09:14.896058,EHR000097,MRN100097,Tammy,Jessica,Brown,,,1951-09-24,Female,Two or More Races,Not Hispanic or Latino,"669 Dawson Ranch, Port Lorifort, NV 01904",484.230.9883,john02@example.org,2026-08-28 09:00:14.896058,0,1.0,1.0,1.0,exact,0.40449438202247184,B650,B650,BRAON,BRAON,1,1,1.0,1.0,1.0,1.0,0.3820224719101124,0.42352941176470593,1.0,1.0
P00407,0,person_00407a,person_00407b,EMS000407,,Darrell,Taylor,Gregory,,,1975-11-20,Male,Black or African American,Not Hispanic or Latino,,001-708-523-1714x6199,,"Eaton, Miller and Schultz Hospital",2025-05-28 04:00:26.138111,EHR000407,MRN200157,Brandi,Jennifer,Wright,,,1997-06-16,Female,White,Not Hispanic or Latino,"3026 Jodi Hollow, East Nathanielside, PW 59276",5362860506,bfoster@example.org,2024-12-02 14:39:31.216794,0,0.373015873015873,0.5396825396825397,0.0,no_match,,G626,W623,GRAGARY,WRAGT,0,0,0.373015873015873,0.373015873015873,0.5396825396825397,0.5396825396825397,,,0.5349206349206349,0.5610644257703081
P00122,1,person_00122,person_00122,EMS000122,,Joe,R.,Lambert,,,1956-07-24,Male,White,Not Hispanic or Latino,"98813 Dunn Groves, Lake Linda, OK 32590",(214)995-8702,,"Carlson, Watkins and Huff Hospital",2025-06-12 11:19:51.499342,EHR000122,MRN100122,Joseph,Raymond,Lambert,,,1956-07-24,Male,White,Not Hispanic or Latino,"98813 Dunn Groves, Lake Linda, OK 32590",(214)995-8702,rodriguezbrian@example.com,2025-06-12 12:18:51.499342,0,0.8666666666666667,1.0,1.0,exact,1.0,L516,L516,LANBAD,LANBAD,1,1,0.8666666666666667,0.8666666666666667,1.0,1.0,1.0,1.0,1.0,1.0
P00183,1,person_00183,person_00183,EMS000183,,Thomas,,Cruz,,,1950-03-22,Male,White,Not Hispanic or Latino,"0580 Mark Loop, Mooreville, DC 70814",(571)963-2346x72994,,"Aguirre, Fox and Kent Hospital",2026-04-24 12:37:16.378633,EHR000183,MRN100183,Thomas,,Cruz,,,1950-03-22,Male,White,Not Hispanic or Latino,"0580 Mark Loop, Mooreville, DC 70814",(571)963-2346x72994,,2026-04-24 13:44:16.378633,0,1.0,1.0,1.0,exact,1.0,C620,C620,CR,CR,1,1,1.0,1.0,1.0,1.0,1.0,1.0,1.0,1.0
P00202,1,person_00202,person_00202,EMS000202,,effrey,Clarence,Cain,,,1939-12-26,Male,,Hispanic or Latino,"9067 Campbell Corner Suite 392, East Juan, DE 35042",341.367.8725x6862,,"Wright, Hoover and Gonzalez Hospital",2026-03-13 17:51:32.646292,EHR000202,MRN100202,Jeffrey,Clarence,Cain,IV,,1940-12-26,Male,Asian,Hispanic or Latino,"25605 Daniel Haven Apt. 266, Rachelburgh, TN 26583",341.367.8725x6862,,2026-03-13 18:02:32.646292,0,0.9523809523809524,1.0,0.7,month_day_match_year_differs,0.39603960396039606,C500,C500,CAN,CAN,1,1,0.9523809523809524,0.9523809523809524,1.0,1.0,0.3564356435643564,0.45833333333333337,1.0,1.0
P00246,1,person_00246,person_00246,EMS000246,,Timothy,,Buck,,,1933-01-02,Male,Black or African American,Not Hispanic or Latino,"376 Miller Points, West Denisebury, NV 55400",001-568-618-0978x8754,,Hudson and Sons Hospital,2025-02-14 20:17:57.863758,EHR000246,MRN100246,Timothy,,Buck,,,1933-02-01,Male,Black or African American,Not Hispanic or Latino,"895 Nicholas Prairie Apt. 261, East Arianashire, SC 72358",001-568-618-0978x8754,marklloyd@example.com,2025-02-14 21:14:57.863758,0,1.0,1.0,0.85,month_day_transposed,0.3564356435643564,B200,B200,BAC,BAC,1,1,1.0,1.0,1.0,1.0,0.3168316831683168,0.375,1.0,1.0
P00305,0,person_00305a,person_00305b,EMS000305,,Nicole,S.,Miller,,,1998-05-18,Female,Unknown,Not Hispanic or Latino,"USNV Escobar, FPO AP 39500",460-346-1540,,Taylor-Beltran Hospital,2025-01-17 18:45:27.148615,EHR000305,MRN200055,Stephanie,Amanda,Pacheco,,,1969-03-25,Female,Black or African American,Not Hispanic or Latino,"831 Jackson Run, Lake Lisafort, IL 96019",001-522-283-6084x937,,2025-09-19 17:14:24.578012,0,0.4259259259259258,0.4365079365079365,0.0,no_match,0.4242424242424242,M460,P220,MALAR,PACAC,0,0,0.4259259259259258,0.4259259259259258,0.4365079365079365,0.4365079365079365,0.33333333333333337,0.4444444444444444,0.6222222222222222,0.5696428571428571
P00298,0,person_00298a,person_00298b,EMS000298,,Ryan,,Rivera,,,1978-10-19,Male,White,Not Hispanic or Latino,"84008 Crystal Landing, South Richardmouth, MI 81997",345-408-9177x68089,,Sosa-Scott Hospital,2025-11-23 17:50:49.654184,EHR000298,MRN200048,Nicholas,Mark,Thomas,,Nicholas Gill,1949-04-24,Male,Two or More Races,Not Hispanic or Latino,"3004 Stephanie Fields Suite 936, South Amy, KS 28106",4129047137,millersteve@example.com,2026-08-15 15:49:27.494464,0,0.45833333333333326,0.4444444444444444,0.0,no_match,0.38834951456310685,R160,T520,RAVAR,TAN,0,0,0.0,0.45833333333333326,0.4444444444444444,0.4444444444444444,0.3689320388349514,0.41237113402061853,0.6231481481481481,0.626984126984127
P00351,0,person_00351a,person_00351b,EMS000351,MRN300101,Renee,,Cortez,,,2022-02-02,Female,White,,"50583 John Flats Apt. 311, Melindahaven, NM 53672",7549576947,,Briggs and Sons Hospital,2026-07-01 01:58:42.180098,EHR000351,MRN200101,Mindy,Terri,Hendricks,,Mindy Rogers,1949-08-07,Female,Black or African American,Hispanic or Latino,"Unit 6597 Box 4669, DPO AP 50610",763-242-1254,armstrongsara@example.net,2025-04-10 23:12:24.423113,0,0.46666666666666656,0.35185185185185186,0.0,no_match,0.3950617283950617,C632,H536,CART,HANDRAC,0,0,0.46666666666666656,0.46666666666666656,0.35185185185185186,0.35185185185185186,0.32098765432098764,0.4415584415584416,0.49444444444444446,0.6
P00386,0,person_00386a,person_00386b,EMS000386,,Kyle,Anthony,Perez,,,1941-04-18,Male,American Indian or Alaska Native,Unknown,"88197 David Flats Suite 477, New Jamesmouth, MP 30213",2767810248,,Castillo Inc Hospital,2026-04-23 16:47:22.814039,EHR000386,MRN200136,Carolyn,,Scott,,,2013-02-18,Female,White,Not Hispanic or Latino,"62216 Kristina Lights, Arnoldmouth, KS 52721",+1-370-767-5169x13952,fitzgeraldmary@example.com,2025-06-09 21:35:32.998266,0,0.4642857142857142,0.0,0.0,no_match,0.3917525773195877,P620,S300,PAR,SCAT,0,0,0.4642857142857142,0.4642857142857142,0.0,0.0,0.35051546391752575,0.37777777777777777,0.446031746031746,0.47083333333333344
P00395,0,person_00395a,person_00395b,EMS000395,,Sara,M.,Smith,,,1952-08-30,Female,Unknown,Not Hispanic or Latino,"335 Amber Fall, East Kenneth, NH 12775",493-960-0608,,Evans-Mcmillan Hospital,2025-03-07 08:39:48.659664,EHR000395,MRN200145,Douglas,,Rodriguez,,,1995-09-29,Male,White,Hispanic or Latino,"6264 Jeanne Station, Alexshire, MD 30420",523.846.1762x313,smithsharon@example.net,2026-02-01 16:32:30.297145,0,0.4642857142857142,0.4370370370370371,0.0,no_match,0.3846153846153846,S530,R362,SNAT,RADRAG,0,0,0.4642857142857142,0.4642857142857142,0.4370370370370371,0.4370370370370371,0.3589743589743589,0.3783783783783784,0.44305555555555554,0.48589743589743595
P00284,0,person_00284a,person_00284b,EMS000284,,William,J.,Nolan,,,1973-08-14,Male,,Unknown,"0256 Reginald Bridge Suite 229, East Cody, MO 62404",(645)530-7624,,Wood-Sanchez Hospital,2026-08-09 01:33:35.159456,EHR000284,MRN200034,Jessica,Sarah,Freeman,,,1993-11-29,Female,Two or More Races,Not Hispanic or Latino,"57942 April Park, South Tracy, ME 83274",(654)796-9192,lindsay25@example.net,2024-10-15 07:06:41.420477,0,0.5238095238095238,0.5619047619047619,0.0,no_match,0.37777777777777777,N450,F655,NALAN,FRANAN,0,0,0.5238095238095238,0.5238095238095238,0.5619047619047619,0.5619047619047619,0.3555555555555555,0.3764705882352941,0.7766381766381766,0.6777777777777777
P00125,1,person_00125,person_00125,EMS000125,,Raymond,,Gary,,,1977-08-14,Male,Two or More Races,Not Hispanic or Latino,"29022 Schmidt Loaf, Gonzalezmouth, ME 75248",+1-246-251-9098x62405,,"Long, Flores and Reyes Hospital",2025-07-11 13:03:48.191674,EHR000125,MRN100125,Raymond,,Gray,,,1977-08-14,Male,Two or More Races,Not Hispanic or Latino,"29022 Schmidt Loaf, Gonzalezmouth, ME 75248",+1-246-251-9098x62405,daniel40@example.org,2025-07-11 14:03:48.191674,0,1.0,0.9249999999999999,1.0,exact,1.0,G600,G600,GARY,GRY,1,0,1.0,1.0,0.9249999999999999,0.9249999999999999,1.0,1.0,1.0,1.0
P00302,0,person_00302a,person_00302b,EMS000302,,Logan,,Graham,,,2020-11-22,Male,White,Unknown,"984 Williams Isle Apt. 691, Gallegoschester, NH 80292",001-535-693-7440,,Velazquez Ltd Hospital,2026-07-22 15:23:43.340392,EHR000302,MRN200052,Amanda,Tiffany,Cole,,,1968-05-16,Female,White,Not Hispanic or Latino,"8860 Mack Shore, South Vanessaborough, ND 87177",+1-541-236-8528,pmiller@example.org,2024-09-14 07:10:38.307948,0,0.5777777777777778,0.0,0.0,no_match,0.34,G650,C400,GRAHAN,CAL,0,0,0.5777777777777778,0.5777777777777778,0.0,0.0,0.28,0.33333333333333337,0.5944444444444444,0.5463869463869464
P00223,1,person_00223,person_00223,EMS000223,,Joanne,,Martin,,,1959-01-16,Female,Unknown,Not Hispanic or Latino,"244 Gonzalez Course, Jeanport, NH 98175",,,Graham-Potts Hospital,2024-09-20 17:34:21.115062,EHR000223,MRN100223,Joanne,,Martin,,,1959-01-16,Female,White,Not Hispanic or Latino,"PSC 9901, Box 5579, APO AP 72129",2284413908,michellewilson@example.org,2024-09-20 17:53:21.115062,0,1.0,1.0,1.0,exact,0.3380281690140845,M635,M635,MARTAN,MARTAN,1,1,1.0,1.0,1.0,1.0,0.2535211267605634,0.32835820895522383,,
P00418,0,person_00418a,person_00418b,EMS000418,,Adriana,J.,Espinoza,,,2011-05-24,Female,Unknown,Not Hispanic or Latino,"79237 Bridget Divide, Tranbury, IN 36532",001-786-949-7035x067,,"Garcia, Hernandez and Perez Hospital",2026-07-25 20:27:04.287118,EHR000418,MRN200168,Sean,Zachary,Lee,,,1964-04-27,Male,Two or More Races,Hispanic or Latino,"3123 Marcus Junctions Apt. 570, Davidland, NC 63211",+1-593-384-4404x588,collinskyle@example.com,2025-12-19 00:28:44.286075,0,0.5952380952380952,0.48611111111111116,0.0,no_match,0.41758241758241754,E215,L000,ESPANAS,LY,0,0,0.5952380952380952,0.5952380952380952,0.0,0.48611111111111116,0.37362637362637363,0.39534883720930236,0.5884370015948964,0.5505952380952381
P00219,1,person_00219,person_00219,EMS000219,,Zachary,Jason,Bell,IV,,2009-05-04,Male,White,Unknown,"27652 Amy Light Suite 649, North Lindaville, CO 85648",2966179817,,Gonzalez Group Hospital,2025-10-07 02:36:32.258442,EHR000219,MRN100219,Zachary,Jason,Bell,IV,,2009-05-04,Male,,Hispanic or Latino,"27652 Amy Light Suite 649, North Lindaville, CO 85648",2966179817,xlewis@example.com,2025-10-07 02:59:32.258442,0,1.0,1.0,1.0,exact,1.0,B400,B400,BAL,BAL,1,1,1.0,1.0,1.0,1.0,1.0,1.0,1.0,1.0
P00129,1,person_00129,person_00129,EMS000129,,Meliinda,J.,Baker,,,,Female,,Unknown,,001-767-239-3852,,"Pratt, Lopez and Rodriguez Hospital",2025-09-17 21:06:55.413973,EHR000129,MRN100129,Melinda,Jeanette,Baker,,,1981-01-19,Female,White,Not Hispanic or Latino,"6580 Samantha Route Suite 694, Josephville, KS 86267",001-767-239-3852,deckeralexander@example.org,2025-09-17 21:46:55.413973,0,0.975,1.0,,missing,,B260,B260,BACAR,BACAR,1,1,0.975,0.975,1.0,1.0,,,1.0,1.0
P00420,0,person_00420a,person_00420b,EMS000420,,Benjamin,Gregory,Rodgers,,,1986-01-20,Male,White,Not Hispanic or Latino,"3446 Fletcher Loaf, Lake David, WA 83363",001-858-341-7491,,Chavez-Martinez Hospital,2025-10-11 16:02:47.923387,EHR000420,MRN200170,Steven,Billy,Beck,,,1969-02-01,Male,Unknown,Not Hispanic or Latino,"34476 Janet Glens Apt. 774, Lake Wendyshire, AS 94737",(786)243-3026,lmann@example.org,2025-01-14 23:00:45.356258,0,0.5277777777777778,0.0,0.0,no_match,0.4086021505376344,R326,B200,RADGAR,BAC,0,0,0.5277777777777778,0.5277777777777778,0.0,0.0,0.3870967741935484,0.4545454545454546,0.4358974358974359,0.39914529914529906
P00289,0,person_00289a,person_00289b,EMS000289,,Rebecca,Michelle,Newton,,,1957-11-17,Female,White,Unknown,"7825 Barber Plains Apt. 556, New Richard, NH 46040",001-942-978-6561x94255,,"Marsh, Simpson and Moon Hospital",2026-02-04 08:32:31.712435,EHR000289,MRN200039,Brianna,Gloria,Chen,,,2001-06-01,Female,,Not Hispanic or Latino,"61618 April Ports, West Sarahburgh, WA 30225",+1-357-515-5868x63956,smoore@example.org,2026-06-13 15:17:58.045369,0,0.5079365079365079,0.611111111111111,0.0,no_match,0.36170212765957444,N350,C500,NAETAN,CAN,0,0,0.4285714285714286,0.5079365079365079,0.611111111111111,0.611111111111111,0.36170212765957444,0.34090909090909094,0.6724386724386724,0.6134259259259259
P00444,0,person_00444a,person_00444b,EMS000444,,Michael,,Obrien,,,1969-06-09,Male,White,Not Hispanic or Latino,"167 Mendoza Way, New Tylerfurt, VI 16919",+1-988-836-3688x50162,,Barr LLC Hospital,2025-06-03 21:36:05.323639,EHR000444,MRN200194,Jessica,Kayla,Vazquez,,,1931-09-22,Female,Two or More Races,Unknown,"6165 Jacob Row, South Kellyshire, IA 42180",001-981-425-5977,mmorris@example.com,2024-09-17 09:37:38.538961,0,0.4285714285714286,0.4365079365079365,0.0,no_match,0.3414634146341463,O165,V220,OBRAN,VASG,0,0,0.4285714285714286,0.4285714285714286,0.4365079365079365,0.4365079365079365,0.31707317073170727,0.33333333333333337,0.5426587301587301,0.5192307692307693
P00376,0,person_00376a,person_00376b,EMS000376,,Heather,,Foley,,,1953-03-10,Female,White,,"727 Shawn Flat Apt. 688, Port Danielfurt, MP 36020",001-903-743-9881x87387,,Norris-Combs Hospital,2024-09-13 13:27:33.666811,EHR000376,MRN200126,Paige,Joanna,Calderon,,,1939-08-14,Female,Two or More Races,Hispanic or Latino,"153 Costa Ferry, South Dean, KS 22371",9419231905,adrianchang@example.org,2026-01-28 20:03:34.088835,0,0.5619047619047619,0.5499999999999999,0.0,no_match,0.41379310344827597,F400,C436,FALY,CALDARAN,0,0,0.5619047619047619,0.5619047619047619,0.5499999999999999,0.5499999999999999,0.41379310344827597,0.3855421686746988,0.5298701298701298,0.5534391534391534
P00291,0,person_00291a,person_00291b,EMS000291,,Robert,Joseph,Ramsey,,,1954-09-18,Male,Unknown,Not Hispanic or Latino,"74204 Simmons Spur Apt. 137, Wrightfurt, WI 98088",,,Harris LLC Hospital,2025-06-28 01:26:10.272910,EHR000291,MRN200041,Kristine,Jessica,Richardson,,Kristine Hale,1932-08-11,Female,Two or More Races,Not Hispanic or Latino,"816 Johnson Mews Suite 111, Nataliestad, NJ 53103",632.910.2192x37858,arellanodiana@example.net,2025-10-13 00:14:25.136494,0,0.5277777777777778,0.6,0.0,no_match,0.34693877551020413,R520,R263,RANSY,RACARDSAN,0,0,0.5277777777777778,0.5277777777777778,0.6,0.6,0.34693877551020413,0.4086021505376344,,
P00355,0,person_00355a,person_00355b,EMS000355,,Charles,Christopher,Joseph,,,1932-04-06,Male,White,Not Hispanic or Latino,"2589 Jennifer Shores Apt. 256, South Isaacmouth, IL 49206",+1-606-337-3118x0467,,Hudson Ltd Hospital,2025-05-07 04:05:13.969531,EHR000355,MRN200105,Scott,Travis,Barton,IV,Scott Delgado,1961-06-09,Male,Black or African American,Hispanic or Latino,"62608 Beck Forks, Sandovalfurt, CA 41635",001-847-605-5491x2151,joneskatie@example.net,2025-07-09 00:34:28.247732,0,0.4476190476190476,0.0,0.0,no_match,0.3711340206185567,J210,B635,JASAF,BARTAN,0,0,0.0,0.4476190476190476,0.0,0.0,0.35051546391752575,0.3695652173913043,0.584920634920635,0.5616557734204793
P00294,0,person_00294a,person_00294b,EMS000294,,Tracy,,Li,,,2024-02-17,Female,,,"7789 Dixon Manor, West Brent, NE 82828",291.376.6512x2150,,Bruce and Sons Hospital,2026-04-13 13:04:56.316403,EHR000294,MRN200044,Richard,Timothy,Mcdaniel,,,1950-02-15,Male,White,Not Hispanic or Latino,"15944 Allen Forges, Sarahstad, MP 31481",(208)495-3263,duncanchristina@example.com,2024-11-29 04:13:04.925502,0,0.565079365079365,0.0,0.0,no_match,0.36363636363636365,L000,M235,L,MCDANAL,0,0,0.39523809523809517,0.565079365079365,0.0,0.0,0.36363636363636365,0.38888888888888884,0.4937154348919055,0.565079365079365
P00396,0,person_00396a,person_00396b,EMS000396,,Mike,,Hill,,,2008-04-15,Male,Unknown,Not Hispanic or Latino,"2776 Woods Manor, South Micheleborough, WY 33401",+1-942-290-4617x551,,Brown-Smith Hospital,2025-09-10 21:44:58.360456,EHR000396,MRN200146,Krystal,Carrie,Terry,,,1934-07-28,Female,Two or More Races,Hispanic or Latino,"4441 Jackson Grove, Rossmouth, WY 26239",469.847.9025x48536,campbelltaylor@example.org,2026-02-17 07:33:25.024807,0,0.4642857142857142,0.0,0.0,no_match,0.48275862068965514,H400,T600,HAL,TARY,0,0,0.0,0.4642857142857142,0.0,0.0,0.4367816091954023,0.4819277108433735,0.6088073719652667,0.6603174603174603
P00340,0,person_00340a,person_00340b,EMS000340,MRN300090,Steven,,Reynolds,,,2015-11-13,Male,White,Not Hispanic or Latino,"10654 Jenna Squares Apt. 407, Craigshire, KY 81583",408.890.5836x6834,,Turner Inc Hospital,2026-04-29 05:46:35.299803,EHR000340,MRN200090,Richard,Joseph,Fernandez,,Richard Grant,1980-01-24,Male,Two or More Races,Not Hispanic or Latino,"8791 Johnson Unions, Whitemouth, PR 10663",001-476-809-3201,shawn89@example.net,2025-01-13 14:49:51.457908,0,0.0,0.5648148148148148,0.0,no_match,0.3296703296703297,R543,F655,RAYNALD,FARNAND,0,0,0.0,0.0,0.5694444444444444,0.5648148148148148,0.3076923076923077,0.3908045977011494,0.4735644257703082,0.5366300366300366
P00112,1,person_00112,person_00112,EMS000112,,Haley,,Rios,,,2003-10-13,Female,White,Not Hispanic or Latino,"2043 Brown Shoal, North Paulview, TN 87021",,,Lin-Smith Hospital,2025-10-30 01:23:50.166493,EHR000112,MRN100112,Haley,,Rios,,,2003-10-13,Female,White,Not Hispanic or Latino,"792 Williams Viaduct Apt. 352, North Jodibury, RI 19857",605-914-7705x3833,heatherbarnett@example.com,2025-10-30 01:55:50.166493,0,1.0,1.0,1.0,exact,0.3917525773195877,R200,R200,R,R,1,1,1.0,1.0,1.0,1.0,0.3711340206185567,0.4086021505376344,,
P00179,1,person_00179,person_00179,EMS000179,,Chad,,Pena,,,1962-10-22,Male,White,Unknown,"912 Potter Rue Suite 787, West Jennifer, NC 91531",+1-263-609-9384x253,,Baldwin-Simpson Hospital,2025-01-30 00:41:13.736391,EHR000179,MRN100179,Chad,,Pena,,Chad Dyer,1962-10-22,Male,White,Unknown,"55289 Johns Circles Apt. 223, New Nicholas, MN 42175",+1-263-609-9384x253,melissaschmitt@example.com,2025-01-30 01:54:13.736391,0,1.0,1.0,1.0,exact,0.3366336633663366,P500,P500,PAN,PAN,1,1,1.0,1.0,1.0,1.0,0.29702970297029707,0.375,1.0,1.0
P00307,0,person_00307a,person_00307b,EMS000307,,Ana,,Turner,,,1949-09-30,Female,White,,"4273 Conway Brook Apt. 763, North Joseph, MN 68924",614-584-6019x134,,Hall Inc Hospital,2024-10-24 21:31:59.410268,EHR000307,MRN200057,Chase,Alejandro,Mack,,,2003-10-13,Male,Black or African American,Not Hispanic or Latino,"73214 King Unions Suite 936, Codyfort, RI 26226",950.555.7385,bbernard@example.net,2025-10-17 00:31:48.350749,0,0.5111111111111111,0.0,0.0,no_match,0.3917525773195877,T656,M200,TARNAR,MC,0,0,0.5111111111111111,0.5111111111111111,0.0,0.0,0.35051546391752575,0.4782608695652174,0.4444444444444444,0.48589743589743595
P00432,0,person_00432a,person_00432b,EMS000432,,Traci,,Williams,Jr.,,1958-12-22,Female,Two or More Races,Hispanic or Latino,"PSC 8986, Box 0610, APO AA 43959",(873)337-4570x16527,,"Rodriguez, Nichols and Stewart Hospital",2025-02-26 07:42:58.743483,EHR000432,MRN200182,Kevin,Juan,Taylor,,,1951-07-23,Male,Native Hawaiian or Other Pacific Islander,Not Hispanic or Latino,"76992 Phillips Hollow Suite 725, New Julianburgh, IA 98011",(342)934-8004,kylecortez@example.com,2026-05-29 23:18:06.294149,0,0.46666666666666656,0.4305555555555556,0.0,no_match,0.33333333333333337,W452,T460,WALAN,TAYLAR,0,0,0.46666666666666656,0.46666666666666656,0.4305555555555556,0.4305555555555556,0.3111111111111111,0.3294117647058824,0.6371457489878543,0.5444444444444444
P00487,0,person_00487a,person_00487b,EMS000487,,Lisa,,Baxter,,,1941-02-12,Female,White,Unknown,"7166 Glenn Passage Apt. 463, Port Kristenville, WA 54308",(218)956-3520,,Peters Inc Hospital,2025-12-22 16:53:20.443352,EHR000487,MRN200237,Donna,,Brown,,,1988-05-03,Female,White,Unknown,"697 Wiley Inlet Apt. 360, Lake Kathyton, CT 06285",346-510-3927,campbellterri@example.com,2025-06-08 01:23:15.137340,0,0.4833333333333334,0.4555555555555555,0.0,no_match,0.45714285714285713,B236,B650,BAXTAR,BRAON,0,0,0.4833333333333334,0.4833333333333334,0.4555555555555555,0.4555555555555555,0.45714285714285713,0.4554455445544554,0.6120268620268621,0.6571428571428571
P00481,0,person_00481a,person_00481b,EMS000481,,Kelly,Christina,Salinas,,,1937-11-28,Female,Two or More Races,Unknown,"562 Thomas Shores Suite 441, Smithborough, WV 24454",+1-288-407-0051,,Harris PLC Hospital,2025-03-31 17:51:20.942411,EHR000481,MRN200231,Brittany,Alisha,Becker,,Brittany Cross,1992-12-27,Female,White,Not Hispanic or Latino,"4541 Hill Parks Apt. 104, Perrymouth, MD 85728",001-801-252-6974x4203,xnichols@example.com,2025-09-30 17:28:16.270969,0,0.44166666666666665,0.0,0.0,no_match,0.3711340206185567,S452,B260,SALAN,BACAR,0,0,0.44166666666666665,0.44166666666666665,0.0,0.0,0.35051546391752575,0.48888888888888893,0.6747252747252747,0.6343830461477521
P00422,0,person_00422a,person_00422b,EMS000422,,Austin,,Christensen,,,2000-06-28,Male,,Unknown,"9227 Bennett Greens Apt. 490, East Saraside, MD 00826",(855)913-4448,,Shaw-Brown Hospital,2024-10-06 23:59:52.290703,EHR000422,MRN200172,Laura,Elizabeth,Fischer,,,2021-07-19,Female,White,Not Hispanic or Latino,"6157 Carpenter Flat Apt. 511, Heathershire, NH 69442",979.953.1204x09543,gcoleman@example.org,2025-09-20 02:58:34.031712,0,0.5777777777777778,0.6341991341991342,0.0,no_match,0.45714285714285713,C623,F260,CRASTANSAN,FASSAR,0,0,0.4555555555555555,0.5777777777777778,0.5896103896103896,0.6341991341991342,0.45714285714285713,0.46,0.4871794871794872,0.5555555555555555
P00233,1,person_00233,person_00233,EMS000233,,Mattthew,,Smith,,,1954-07-19,Male,Two or More Races,,"821 Thomas Street Apt. 691, Jefferyfort, MI 33102",+1-466-561-4494x29659,,Knight-Fuller Hospital,2025-04-09 23:28:46.579868,EHR000233,MRN100233,Matthew,,Smith,,,1954-07-19,Male,Two or More Races,Not Hispanic or Latino,"821 Thomas Street Apt. 691, Jefferyfort, MI 33102",+1-466-561-4494x29659,derek83@example.com,2025-04-09 23:53:46.579868,0,0.975,1.0,1.0,exact,1.0,S530,S530,SNAT,SNAT,1,1,0.975,0.975,1.0,1.0,1.0,1.0,1.0,1.0
P00311,0,person_00311a,person_00311b,EMS000311,,Allison,Linda,Smith,,,1955-06-26,Female,White,Not Hispanic or Latino,"515 Moreno Lodge Suite 913, Hernandezview, NY 30365",550-554-2960x80706,,"Jackson, Duncan and Caldwell Hospital",2025-06-18 10:29:28.810516,EHR000311,MRN200061,Joe,Henry,Lutz,,,2004-01-14,Male,Black or African American,Not Hispanic or Latino,"10401 King Pines, New Rosetown, KS 82496",001-842-687-7383x6381,ericjones@example.net,2026-01-07 09:06:18.751029,0,0.0,0.4833333333333334,0.0,no_match,0.3516483516483516,S530,L320,SNAT,LAT,0,0,0.0,0.0,0.4833333333333334,0.4833333333333334,0.3296703296703297,0.37209302325581395,0.5772486772486772,0.530905695611578
P00164,1,person_00164,person_00164,EMS000164,,Gerald,Lance,Kirby,,,1993-01-26,Male,White,Not Hispanic or Latino,"93183 Scott Junctions Suite 084, Port Hannah, NY 79706",+1-671-767-4338x005,,"Garcia, Williams and Shah Hospital",2024-09-22 12:55:02.190130,EHR000164,MRN100164,Gerald,Lance,Kirby,,,1993-01-26,Male,Unknown,Not Hispanic or Latino,"665 Marsh Vista Apt. 934, Lake Timothyburgh, ID 20989",+1-671-767-4338x005,greggvillarreal@example.net,2024-09-22 13:36:02.190130,0,1.0,1.0,1.0,exact,0.3738317757009347,K610,K610,CARBY,CARBY,1,1,1.0,1.0,1.0,1.0,0.3551401869158879,0.4356435643564357,1.0,1.0
P00136,1,person_00136,person_00136,EMS000136,,Juan,,Jnkins,,,1980-03-24,Male,White,Hispanic or Latino,"774 Jessica Street, East Mark, OR 29652",001-229-806-0078,,Simpson-Miller Hospital,2026-04-22 02:55:10.776381,EHR000136,MRN100136,Juan,David,Jenkins,,,1980-03-24,Male,White,Unknown,"774 Jessica Street, East Mark, OR 29652",001-229-806-0078,zmendoza@example.net,2026-04-22 04:05:10.776381,0,1.0,0.9571428571428572,1.0,exact,1.0,J525,J525,JNCAN,JANCAN,1,0,1.0,1.0,0.9571428571428572,0.9571428571428572,1.0,1.0,1.0,1.0
P00197,1,person_00197,person_00197,EMS000197,,Danielle,,Bautista,,,2016-08-07,Female,White,Unknown,"USNS Herrera, FPO AE 83019",+1-683-895-4296x184,,"Adams, Schultz and Brewer Hospital",2026-01-06 08:57:27.961046,EHR000197,MRN100197,Danielle,Amber,Bautista,,,2016-08-07,Female,White,Not Hispanic or Latino,"97585 Hailey Shore Apt. 303, West Melissa, IL 18091",+1-683-895-4296x184,ricardomiller@example.com,2026-01-06 09:43:27.961046,0,1.0,1.0,1.0,exact,0.41558441558441556,B323,B323,BATAST,BATAST,1,1,1.0,1.0,1.0,1.0,0.36363636363636365,0.4324324324324324,1.0,1.0
P00258,0,person_00258a,person_00258b,EMS000258,,Ashley,,Simmons,,,1956-04-01,Female,Unknown,Unknown,"82498 Stephanie Port, East Elizabeth, WY 07552",442-557-6270,,"Hall, Porter and Williams Hospital",2026-03-02 06:36:20.120961,EHR000258,MRN200008,Shannon,Jessica,Ramsey,,,1945-04-21,Female,White,Not Hispanic or Latino,"72517 Hale Mountains Suite 731, Andersonberg, MO 43376",569-768-1579x0392,matthew09@example.net,2026-06-29 06:31:01.948045,0,0.5317460317460317,0.4365079365079365,0.0,no_match,0.34,S552,R520,SANAN,RANSY,0,0,0.4365079365079365,0.5317460317460317,0.4365079365079365,0.4365079365079365,0.30000000000000004,0.34042553191489366,0.6486928104575163,0.638095238095238
P00232,1,person_00232,person_00232,EMS000232,,Sherry,M.,Nolan,,,,Female,White,Not Hispanic or Latino,,,,Torres-Jordan Hospital,2024-12-15 15:51:57.857736,EHR000232,MRN100232,Sherry,Meghan,Nolan,,,1973-05-05,Female,Unknown,Not Hispanic or Latino,"USNS Baker, FPO AP 46224",969-764-4309x85916,daniel07@example.net,2024-12-15 16:31:57.857736,0,1.0,1.0,,missing,,N450,N450,NALAN,NALAN,1,1,1.0,1.0,1.0,1.0,,,,
P00115,1,person_00115,person_00115,EMS000115,,Jennifer,Jessica,Peck,,,2015-08-09,Male,White,Not Hispanic or Latino,,(520)599-4999,,Todd Inc Hospital,2026-03-22 19:58:26.178648,EHR000115,MRN100115,Jennifer,Jessica,Peck,,,2015-08-09,Female,Unknown,Not Hispanic or Latino,"USNV Hernandez, FPO AE 14495",(520)599-4999,gracehoward@example.net,2026-03-22 20:40:26.178648,0,1.0,1.0,1.0,exact,,P200,P200,PAC,PAC,1,1,1.0,1.0,1.0,1.0,,,1.0,1.0
P00120,1,person_00120,person_00120,EMS000120,,oTni,Sandra,Lee,,,2009-11-15,Female,,Not Hispanic or Latino,,,,"Obrien, Lopez and Wilson Hospital",2026-05-07 13:05:17.289052,EHR000120,MRN100120,Toni,Sandra,Lee,,,2009-11-15,Female,White,Not Hispanic or Latino,"PSC 7702, Box 7278, APO AA 61117",(408)649-5880x39551,morgannicholas@example.net,2026-05-07 13:53:17.289052,0,0.9166666666666666,1.0,1.0,exact,,L000,L000,LY,LY,1,1,0.9166666666666666,0.9166666666666666,1.0,1.0,,,,
P00349,0,person_00349a,person_00349b,EMS000349,,Timothy,M.,Robinson,,,1943-02-15,Male,Unknown,Unknown,"2135 Blake Trail Apt. 816, Oliviachester, KS 52388",700.859.3777,,Novak-Butler Hospital,2025-05-25 04:37:02.884186,EHR000349,MRN200099,Michael,Matthew,Ewing,,,1939-03-07,Male,Unknown,Not Hispanic or Latino,"4690 Brandi Pines, North Sherry, AK 35060",384.519.6622,barnesalexis@example.org,2025-10-11 04:38:51.243344,0,0.5079365079365079,0.5499999999999999,0.0,no_match,0.37362637362637363,R152,E520,RABANSAN,EANG,0,0,0.5238095238095238,0.5079365079365079,0.5499999999999999,0.5499999999999999,0.37362637362637363,0.367816091954023,0.5444444444444444,0.5333333333333333
P00224,1,person_00224,person_00224,EMS000224,,Tammy,Danielle,Gonzalez,,,1998-10-24,Female,Asian,Hispanic or Latino,"08496 Munoz Wells Suite 601, Port Marcus, WY 24869",(337)867-6945,,Sanchez-Lewis Hospital,2026-06-17 01:53:34.603971,EHR000224,MRN100224,Tammy,Danielle,Gonzalez,,Tammy Mathis,1998-10-24,Female,Asian,Hispanic or Latino,"USS Silva, FPO AP 41341",(337)867-6945,wgonzalez@example.com,2026-06-17 02:03:34.603971,0,1.0,1.0,1.0,exact,0.3561643835616438,G524,G524,GANSAL,GANSAL,1,1,1.0,1.0,1.0,1.0,0.273972602739726,0.3529411764705882,1.0,1.0
P00402,0,person_00402a,person_00402b,EMS000402,,Jeffrey,,James,,,2007-04-23,Male,White,Not Hispanic or Latino,"9125 Bradley Oval Apt. 204, New Alice, HI 22230",(599)720-6661x79962,,Murphy PLC Hospital,2026-06-15 02:52:32.229242,EHR000402,MRN200152,Matthew,Christian,Melendez,,,1987-12-19,Male,Black or African American,Not Hispanic or Latino,"USNS Lewis, FPO AP 96813",368.587.7792x5604,alicia08@example.com,2026-04-16 03:17:11.502351,0,0.4285714285714286,0.5499999999999999,0.0,no_match,0.3380281690140845,J520,M453,JAN,MALAND,0,0,0.4285714285714286,0.4285714285714286,0.44166666666666665,0.5499999999999999,0.2535211267605634,0.32352941176470584,0.5195505102625846,0.5126984126984127
P00397,0,person_00397a,person_00397b,EMS000397,,Tyler,,Larson,,,2013-09-23,Male,Asian,Unknown,"4216 Young Tunnel Apt. 093, Fergusonview, TX 56513",6476614378,,Jenkins-Khan Hospital,2024-09-14 02:40:16.333695,EHR000397,MRN200147,Angela,Nicole,Bridges,,,2022-02-23,Female,White,Not Hispanic or Latino,"6726 Richard Valleys Apt. 541, Lisashire, AZ 08340",(777)229-1084,jsantos@example.com,2026-08-13 08:20:04.878801,0,0.4111111111111112,0.4365079365079365,0.0,no_match,0.4,L625,B632,LARSAN,BRADG,0,0,0.4111111111111112,0.4111111111111112,0.4365079365079365,0.4365079365079365,0.4,0.4,0.48589743589743595,0.5166666666666667
P00127,1,person_00127,person_00127,EMS000127,,teve,,DDavis,,,1977-07-18,Male,White,Unknown,"894 Rebecca Place, South Shawnfort, OK 96683",465-244-2094x94079,,Wagner LLC Hospital,2025-08-19 07:01:02.563478,EHR000127,MRN100127,Steve,,Davis,,,1975-07-18,Male,White,Not Hispanic or Latino,"894 Rebecca Place, South Shawnfort, OK 96683",465-244-2094x94079,lisa90@example.com,2025-08-19 07:37:02.563478,0,0.9333333333333332,0.9500000000000001,0.7,month_day_match_year_differs,1.0,D120,D120,DAV,DAV,1,1,0.9333333333333332,0.9333333333333332,0.9500000000000001,0.9500000000000001,1.0,1.0,1.0,1.0
P00285,0,person_00285a,person_00285b,EMS000285,,Tony,,Barker,,,2016-05-27,Male,Asian,Not Hispanic or Latino,"8595 Rachel Islands Apt. 993, South Anna, FM 03043",981-862-9518x77941,,Marshall-Browning Hospital,2025-12-13 14:31:40.260308,EHR000285,MRN200035,Helen,Paula,Wells,,,1951-11-17,Female,White,Not Hispanic or Latino,"782 Frye Oval Suite 983, New Cassie, LA 96631",6386843660,douglasjohnson@example.net,2025-07-04 00:37:27.048860,0,0.0,0.0,0.0,no_match,0.4631578947368421,B626,W420,BARCAR,WAL,0,0,0.0,0.0,0.0,0.0,0.4,0.4719101123595506,0.37777777777777777,0.38888888888888884
P00411,0,person_00411a,person_00411b,EMS000411,,Chelsea,Paige,Thompson,,,1957-02-26,Female,White,Hispanic or Latino,"1998 Pamela Branch Suite 551, Meganmouth, DC 51488",5753699913,,Bowman Ltd Hospital,2025-12-03 12:21:04.498224,EHR000411,MRN200161,Victoria,Cindy,Moore,,,2004-02-21,Female,White,Not Hispanic or Latino,"77773 Sheila Mall, South Richardport, VA 63172",2707385036,gavin84@example.org,2024-10-31 03:21:31.807268,0,0.5119047619047619,0.3833333333333333,0.0,no_match,0.41666666666666663,T512,M600,TANPSAN,MAR,0,0,0.42261904761904767,0.5119047619047619,0.44166666666666665,0.3833333333333333,0.39583333333333337,0.37362637362637363,0.5166666666666667,0.5166666666666667
P00107,1,person_00107,person_00107,EMS000107,,Morgan,Denise,Guerra,,,2017-07-15,Female,Unknown,Hispanic or Latino,"22031 Lee Bypass, Barretthaven, RI 92423",5959935186,,"Scott, Diaz and Obrien Hospital",2025-04-22 10:00:20.219487,EHR000107,MRN100107,Morgan,Denise,Guerra,,,2017-07-15,Female,Asian,Hispanic or Latino,"274 Weaver Motorway, Port Danafurt, VA 24819",5959935186,chloemorris@example.net,2025-04-22 10:21:20.219487,0,1.0,1.0,1.0,exact,0.45238095238095233,G600,G600,GAR,GAR,1,1,1.0,1.0,1.0,1.0,0.38095238095238093,0.44999999999999996,1.0,1.0
P00370,0,person_00370a,person_00370b,EMS000370,,David,Timothy,Holland,,,1958-09-04,Male,Unknown,,"4764 Cohen Islands Suite 939, Nguyenville, PR 30878",+1-735-507-1245,,"Villarreal, Garcia and Wilson Hospital",2026-01-09 20:05:43.307411,EHR000370,MRN200120,Amy,Natalie,Foster,,,1993-03-18,Female,Black or African American,Not Hispanic or Latino,"USS Noble, FPO AA 31542",001-727-772-6488x39585,henrybarnett@example.org,2025-05-10 03:10:02.854397,0,0.5111111111111111,0.4365079365079365,0.0,no_match,0.32432432432432434,H453,F236,HALAD,FASTAR,0,0,0.0,0.5111111111111111,0.4365079365079365,0.4365079365079365,0.29729729729729726,0.3188405797101449,0.607070707070707,0.5798460798460798
P00325,0,person_00325a,person_00325b,EMS000325,,Joshua,,Gonzales,,,1975-03-12,Male,Two or More Races,Unknown,"73992 Mark Extensions, New Stephanie, PW 81085",562.416.5914,,Higgins-Lewis Hospital,2025-08-07 10:08:40.725075,EHR000325,MRN200075,Michael,,Sanchez,,Michael Lane,2015-08-23,Male,White,Not Hispanic or Latino,"6177 Robinson Valley Suite 430, Joseview, OK 65790",+1-312-479-9702x927,riveraelizabeth@example.net,2025-09-19 03:32:48.095839,0,0.5396825396825397,0.5238095238095238,0.0,no_match,0.375,G524,S522,GANSAL,SANC,0,0,0.5396825396825397,0.5396825396825397,0.5238095238095238,0.5238095238095238,0.33333333333333337,0.3555555555555555,0.4266081871345029,0.48571428571428577
P00133,1,person_00133,person_00133,EMS000133,,Nancy,Jennifer,Marrtinez,,,1995-08-26,Female,Two or More Races,Not Hispanic or Latino,"09251 Joshua Throughway Suite 258, South John, OR 05835",(219)462-0710,,Schwartz-Harris Hospital,2025-06-30 05:26:34.829974,EHR000133,MRN100133,Nancy,Jennifer,Martinez,,,1995-08-26,Female,Two or More Races,Not Hispanic or Latino,"09251 Joshua Throughway Suite 258, South John, OR 05835",(219)462-0710,mannbrittney@example.com,2025-06-30 05:49:34.829974,0,1.0,0.9740740740740741,1.0,exact,1.0,M635,M635,MARTAN,MARTAN,1,1,1.0,1.0,0.9740740740740741,0.9740740740740741,1.0,1.0,1.0,1.0
P00452,0,person_00452a,person_00452b,EMS000452,,Hayden,Bobby,Hale,,,1940-02-19,Male,Black or African American,Not Hispanic or Latino,"71634 Savage Burgs Suite 123, Smithstad, CO 14935",001-891-794-4545x69729,,Contreras-Ali Hospital,2025-12-21 20:25:55.439445,EHR000452,MRN200202,Jesse,Jonathan,Young,,,1973-01-16,Male,Black or African American,Not Hispanic or Latino,"886 Meghan Garden, Richardberg, WA 53155",001-967-683-0557x37138,martindonald@example.net,2026-02-05 05:20:16.297799,0,0.4555555555555555,0.0,0.0,no_match,0.3820224719101124,H400,Y520,HAL,YANG,0,0,0.4555555555555555,0.4555555555555555,0.0,0.0,0.35955056179775285,0.38095238095238093,0.6623376623376623,0.6370370370370371
P00044,1,person_00044,person_00044,EMS000044,,William,Christopher,Delgado,,,2014-04-28,Male,White,Unknown,"205 Bradley Throughway Apt. 296, Robertsonland, MO 88221",(972)440-0499x1547,,Lopez and Sons Hospital,2025-04-28 17:49:45.486238,EHR000044,MRN100044,William,Christopher,Delgado,,,2014-04-28,Male,White,,"5401 Amanda Stream, East Robertburgh, PW 05264",(972)440-0499x1547,znelson@example.org,2025-04-28 18:41:45.486238,0,1.0,1.0,1.0,exact,0.4705882352941176,D423,D423,DALGAD,DALGAD,1,1,1.0,1.0,1.0,1.0,0.43137254901960786,0.46938775510204084,1.0,1.0
P00460,0,person_00460a,person_00460b,EMS000460,,Yvonne,J.,Thompson,,,2009-08-07,Female,Black or African American,Not Hispanic or Latino,"638 Berry Trace, Villarrealton, TN 51011",458.953.0101,,Gonzales-Fisher Hospital,2026-08-03 15:21:28.210355,EHR000460,MRN200210,Matthew,Aaron,Carter,,,2018-02-15,Male,Unknown,Not Hispanic or Latino,"775 Blake Causeway, South Mark, FL 07265",863.844.4394,jessemedina@example.net,2025-01-20 11:42:09.041927,0,0.4365079365079365,0.4305555555555556,0.0,no_match,0.35,T512,C636,TANPSAN,CARTAR,0,0,0.4365079365079365,0.4365079365079365,0.0,0.4305555555555556,0.32499999999999996,0.34210526315789463,0.5444444444444444,0.4222222222222223
P00065,1,person_00065,person_00065,EMS000065,,aVnessa,,Crawford,,,1979-03-09,Female,Unknown,Not Hispanic or Latino,"Unit 6174 Box 4518, DPO AA 01545",656.322.0863x5365,,Gonzalez-Elliott Hospital,2026-04-09 17:42:09.069646,EHR000065,MRN100065,Vanessa,Lori,Crawford,,,1979-03-09,Female,White,Not Hispanic or Latino,"2419 Jeremy Pass, North Micheletown, IA 06527",656.322.0863x5365,david02@example.org,2026-04-09 18:27:09.069646,0,0.9523809523809524,1.0,1.0,exact,0.33766233766233766,C616,C616,CRAFAD,CRAFAD,1,1,0.9523809523809524,0.9523809523809524,1.0,1.0,0.2857142857142857,0.3513513513513513,1.0,1.0
P00283,0,person_00283a,person_00283b,EMS000283,,Ruth,,Erickson,,,1977-09-18,Female,White,Not Hispanic or Latino,"9072 Christopher Flat Suite 289, Lake David, WV 10433",825.632.6949,,Mclean-Mathis Hospital,2025-06-25 11:39:58.189821,EHR000283,MRN200033,David,Adam,Zamora,Sr.,David Sutton,1957-05-26,Male,White,Not Hispanic or Latino,"75096 Emily Stravenue, Smithland, MD 77589",001-759-519-4575x75747,brendawilliams@example.com,2026-06-03 23:43:39.546832,0,0.0,0.36111111111111116,0.0,no_match,0.3789473684210526,E625,Z560,ERACSAN,ZANAR,0,0,0.0,0.0,0.36111111111111116,0.36111111111111116,0.3789473684210526,0.3555555555555555,0.4217171717171717,0.4574074074074075
P00085,1,person_00085,person_00085,EMS000085,,Rob,Joshua,Boroks,IV,,2014-11-12,Male,Unknown,Not Hispanic or Latino,"49331 Lewis Views Apt. 516, Lake Maryshire, DE 59549",498.427.0808x697,,"Keith, Barnes and Lynch Hospital",2026-06-05 23:26:04.669226,EHR000085,MRN100085,Robert,Joshua,Brooks,IV,Robert Rodriguez,2015-11-12,Male,Unknown,Not Hispanic or Latino,"49331 Lewis Views Apt. 516, Lake Maryshire, DE 59549",498.427.0808x697,dalesandoval@example.net,2026-06-05 23:42:04.669226,0,0.8833333333333334,0.9500000000000001,0.7,month_day_match_year_differs,1.0,B620,B620,BARAC,BRAC,1,0,0.8833333333333334,0.8833333333333334,0.9500000000000001,0.9500000000000001,1.0,1.0,1.0,1.0
P00242,1,person_00242,person_00242,EMS000242,,BBruce,,erger,,,1964-01-30,Male,Unknown,Unknown,"5374 Deleon Highway, New Patricia, MD 91959",502-672-4055,,"Gordon, Brown and Mccullough Hospital",2025-12-22 19:27:36.472471,EHR000242,MRN100242,Bruce,Luis,Berger,II,,1964-01-30,Male,White,Not Hispanic or Latino,"31903 Burgess Valley, Port Alexisbury, GU 07956",502-672-4055,catherinemendoza@example.org,2025-12-22 20:35:36.472471,0,0.9500000000000001,0.9444444444444445,1.0,exact,0.37777777777777777,E626,B626,ERGAR,BARGAR,0,0,0.9500000000000001,0.9500000000000001,0.9444444444444445,0.9444444444444445,0.37777777777777777,0.34883720930232553,1.0,1.0
P00186,1,person_00186,person_00186,EMS000186,,Hoard,,Morales,,,1960-09-14,Female,American Indian or Alaska Native,Unknown,"14950 Nicole Loop Suite 971, West Susan, PA 43014",+1-862-552-5715x0997,,"Patterson, Sanchez and Miller Hospital",2025-04-12 19:01:13.277987,EHR000186,MRN100186,Howard,Christopher,Morales,,,1960-09-14,Male,American Indian or Alaska Native,Not Hispanic or Latino,"14950 Nicole Loop Suite 971, West Susan, PA 43014",+1-862-552-5715x0997,,2025-04-12 20:19:13.277987,0,0.9555555555555556,1.0,1.0,exact,1.0,M642,M642,MARAL,MARAL,1,1,0.9555555555555556,0.9555555555555556,1.0,1.0,1.0,1.0,1.0,1.0
P00383,0,person_00383a,person_00383b,EMS000383,,Robin,S.,Mcintyre,,,2002-04-14,Female,Two or More Races,Hispanic or Latino,"2276 Melissa Hills, Bryantown, CT 82032",453-605-7347,,Drake LLC Hospital,2024-09-10 04:11:29.407769,EHR000383,MRN200133,Katherine,Jennifer,Jackson,,,2019-12-25,Female,White,,"2670 Boone Squares, Donovanfurt, FL 17543",919-376-8784x947,,2025-06-27 17:06:42.790904,0,0.5407407407407407,0.5119047619047619,0.0,no_match,0.375,M253,J250,MCANTYR,JACSAN,0,0,0.5407407407407407,0.5407407407407407,0.5119047619047619,0.5119047619047619,0.35,0.4,0.5307539682539683,0.4948717948717949
P00159,1,person_00159,person_00159,EMS000159,,Caterine,T.,Sanchez,,,1977-12-24,Female,White,Not Hispanic or Latino,"61032 Chan Haven, North Kenneth, AS 57171",,,"Drake, Collins and Cohen Hospital",2025-06-04 18:47:49.776034,EHR000159,MRN100159,Catherine,Tami,Sanchez,,,1977-12-24,Female,White,Not Hispanic or Latino,"41659 Mary Drives Apt. 177, Fullerview, PA 86747",2506975923,lauren18@example.net,2025-06-04 19:59:49.776034,0,0.9740740740740741,1.0,1.0,exact,0.35955056179775285,S522,S522,SANC,SANC,1,1,0.9740740740740741,0.9740740740740741,1.0,1.0,0.35955056179775285,0.3294117647058824,,
P00012,1,person_00012,person_00012,EMS000012,,Garrett,Jesse,Roggers,,,2014-03-24,Male,White,Not Hispanic or Latino,,427.319.3745,,"Byrd, Rubio and Sanders Hospital",2026-07-09 17:14:18.294422,EHR000012,MRN100012,Garrett,Jesse,Rogers,,,2014-03-24,Male,White,Not Hispanic or Latino,"1708 Zoe Keys Apt. 100, East Mary, RI 20474",427.319.3745,tamirodriguez@example.org,2026-07-09 17:50:18.294422,0,1.0,0.9666666666666667,1.0,exact,,R262,R262,RAGAR,RAGAR,1,1,1.0,1.0,0.9666666666666667,0.9666666666666667,,,1.0,1.0
P00035,1,person_00035,person_00035,EMS000035,,Jordan,William,Spencer,,,1966-10-03,Male,Black or African American,Not Hispanic or Latino,"4051 Allen Shoals Apt. 952, West Amyburgh, MP 90243",772.621.7043x030,,"Lee, Kelly and Norman Hospital",2025-03-03 05:24:35.227330,EHR000035,MRN100035,Jordan,William,Spencer,,,1967-10-03,Male,Black or African American,Not Hispanic or Latino,"4051 Allen Shoals Apt. 952, West Amyburgh, MP 90243",772.621.7043x030,ihays@example.com,2025-03-03 06:15:35.227330,0,1.0,1.0,0.7,month_day_match_year_differs,1.0,S152,S152,SPANCAR,SPANCAR,1,1,1.0,1.0,1.0,1.0,1.0,1.0,1.0,1.0
P00028,1,person_00028,person_00028,EMS000028,,Kylei,Jennifer,Thomas,,,1990-10-24,Female,Unknown,Not Hispanic or Latino,,,,Patel-Hall Hospital,2025-12-30 12:16:56.066095,EHR000028,MRN100028,Kylie,Jennifer,Thomas,II,,1990-10-24,Female,White,Not Hispanic or Latino,"6752 Collins Islands, North Ericton, TX 11194",876-379-7643x815,erika97@example.net,2025-12-30 12:32:56.066095,0,0.9533333333333333,1.0,1.0,exact,,T520,T520,TAN,TAN,1,1,0.9533333333333333,0.9533333333333333,1.0,1.0,,,,
P00170,1,person_00170,person_00170,EMS000170,,Dreew,,Whitte,,,2000-12-05,Male,Asian,Not Hispanic or Latino,"181 Stephanie Plains Apt. 983, Shawtown, DE 86779",+1-972-651-9966x36580,,"White, Smith and Buchanan Hospital",2025-12-03 11:12:24.094232,EHR000170,MRN100170,Drew,,White,,,2000-12-05,Male,Asian,Not Hispanic or Latino,"06794 Mccullough Tunnel Suite 792, New Dana, WV 59474",+1-972-651-9966x36580,,2025-12-03 12:27:24.094232,0,0.9533333333333333,0.9666666666666667,1.0,exact,0.37254901960784315,W300,W300,WAT,WAT,1,1,0.9533333333333333,0.9533333333333333,0.9666666666666667,0.9666666666666667,0.37254901960784315,0.4375,1.0,1.0
P00142,1,person_00142,person_00142,EMS000142,,Lke,,Robiinson,,,1964-08-12,Male,White,Unknown,"Unit 8137 Box 6742, DPO AP 56053",475.899.8056,,"Mosley, Taylor and Matthews Hospital",2025-05-13 20:13:20.064324,EHR000142,MRN100142,Luke,,Robinson,,,1964-08-12,Male,White,Not Hispanic or Latino,"834 Andrew Plain, Rhodesland, NY 52198",475.899.8056,paul04@example.com,2025-05-13 20:54:20.064324,0,0.9249999999999999,0.9777777777777777,1.0,exact,0.34285714285714286,R152,R152,RABANSAN,RABANSAN,1,1,0.9249999999999999,0.9249999999999999,0.9777777777777777,0.9777777777777777,0.34285714285714286,0.35820895522388063,1.0,1.0
P00398,0,person_00398a,person_00398b,EMS000398,MRN300148,Amanda,Stephanie,Perez,,,1954-03-21,Female,White,Not Hispanic or Latino,"833 Randy Rue Suite 306, Haynesville, OH 18279",(226)967-9419,,"Kemp, Smith and Lee Hospital",2025-06-19 23:56:50.728425,EHR000398,MRN200148,Michael,,Stokes,,Michael Williams,1975-05-19,Male,White,Not Hispanic or Latino,"42898 Archer Burg Suite 504, East Maria, UT 60192",8488618670,jacobbrown@example.org,2024-12-27 03:36:19.563997,0,0.5396825396825397,0.4555555555555555,0.0,no_match,0.42105263157894735,P620,S322,PAR,STAC,0,0,0.4365079365079365,0.5396825396825397,0.4555555555555555,0.4555555555555555,0.3789473684210526,0.40449438202247184,0.5102564102564102,0.5166666666666667
P00342,0,person_00342a,person_00342b,EMS000342,,Diana,Sharon,Braun,,,1978-06-16,Female,,Hispanic or Latino,"PSC 9540, Box 0178, APO AP 68227",(824)773-1261,,Scott-Haynes Hospital,2025-04-16 11:45:20.430177,EHR000342,MRN200092,Terri,,May,,,2002-03-15,Female,Two or More Races,Not Hispanic or Latino,"509 Megan Valley, Port Dianemouth, HI 56521",205-237-0923,bjones@example.net,2024-09-09 22:15:00.419569,0,0.0,0.5111111111111111,0.0,no_match,0.31999999999999995,B650,M000,BRAN,MY,0,0,0.0,0.0,0.5111111111111111,0.5111111111111111,0.29333333333333333,0.3098591549295775,0.5337606837606838,0.5166666666666667
P00221,1,person_00221,person_00221,EMS000221,,Moniica,,Floers,,,1945-09-17,Female,Black or African American,Not Hispanic or Latino,"196 Hood Estate, Jamesland, AK 57834",2924098196,,"Hurst, Phillips and Nichols Hospital",2025-01-13 11:01:48.580855,EHR000221,MRN100221,Monica,Jennifer,Flores,,,1945-09-17,Female,Black or African American,Not Hispanic or Latino,"196 Hood Estate, Jamesland, AK 57834",2924098196,xwalters@example.com,2025-01-13 12:19:48.580855,0,0.9714285714285714,0.9611111111111111,1.0,exact,1.0,F462,F462,FLAR,FLAR,1,1,0.9714285714285714,0.9714285714285714,0.9611111111111111,0.9611111111111111,1.0,1.0,1.0,1.0
P00095,1,person_00095,person_00095,EMS000095,MRN100095,Dennis,N.,oCoper,,,1986-10-08,Male,White,Not Hispanic or Latino,"10388 Serrano Rest Apt. 279, Port Amandaville, CO 63709",,,Campbell PLC Hospital,2026-06-25 23:36:50.676148,EHR000095,MRN100095,Dennis,Nathaniel,Cooper,,Dennis Chavez,1986-10-08,Male,White,Not Hispanic or Latino,"10388 Serrano Rest Apt. 279, Port Amandaville, CO 63709",+1-829-780-6865x08637,colemanjonathan@example.org,2026-06-26 00:32:50.676148,1,1.0,0.9444444444444445,1.0,exact,1.0,O216,C160,OCAPAR,CAPAR,0,0,1.0,1.0,0.9444444444444445,0.9444444444444445,1.0,1.0,,
P00051,1,person_00051,person_00051,EMS000051,,Michael,Phillip,Gutierrez,,,1953-08-24,Male,Unknown,Not Hispanic or Latino,"341 Clayton Light, Tranton, SC 01739",001-548-640-8621x1823,,"Jackson, Porter and Hamilton Hospital",2026-07-31 22:22:58.470655,EHR000051,MRN100051,Michael,Phillip,Gutierrez,,Michael Kirby,1952-08-24,Male,White,Not Hispanic or Latino,"87509 Hopkins Brook, New Andreatown, AK 69892",001-548-640-8621x1823,,2026-07-31 23:23:58.470655,0,1.0,1.0,0.7,month_day_match_year_differs,0.345679012345679,G362,G362,GATAR,GATAR,1,1,1.0,1.0,1.0,1.0,0.32098765432098764,0.33766233766233766,1.0,1.0
P00240,1,person_00240,person_00240,EMS000240,,Walter,,Jones,,,2011-09-19,Male,Two or More Races,Not Hispanic or Latino,"USNV Ross, FPO AE 72058",001-219-474-0056x435,,Young Inc Hospital,2026-06-27 14:46:57.747294,EHR000240,MRN100240,Walter,,Jones,,Walter Johnston,2011-09-19,Male,Two or More Races,Not Hispanic or Latino,"USNV Ross, FPO AE 72058",001-219-474-0056x435,,2026-06-27 16:11:57.747294,0,1.0,1.0,1.0,exact,1.0,J520,J520,JAN,JAN,1,1,1.0,1.0,1.0,1.0,1.0,1.0,1.0,1.0
P00484,0,person_00484a,person_00484b,EMS000484,,Heather,Crystal,Perry,,,1958-01-07,Female,White,Not Hispanic or Latino,,4154273117,,Hammond-Martin Hospital,2024-09-13 16:56:42.152698,EHR000484,MRN200234,John,Sean,Fisher,,,2022-10-12,Male,White,Not Hispanic or Latino,"184 Samantha Union, East Tiffany, RI 69639",001-947-942-2983x5966,birdjohn@example.net,2024-12-31 11:56:35.057109,0,0.4642857142857142,0.4555555555555555,0.0,no_match,,P600,F260,PARY,FASAR,0,0,0.4642857142857142,0.4642857142857142,0.4555555555555555,0.4555555555555555,,,0.5174603174603174,0.5398692810457516
P00378,0,person_00378a,person_00378b,EMS000378,,Breanna,T.,Hart,,,1931-10-31,Female,White,Not Hispanic or Latino,"713 Destiny Extension, North Daniel, ND 50396",001-308-271-6722,,Harmon-Griffin Hospital,2026-02-14 17:54:04.847009,EHR000378,MRN200128,Zachary,Brian,Jackson,Sr.,,2007-05-25,Male,,Unknown,"Unit 7074 Box 4360, DPO AE 30068",001-644-322-5216x02523,stephaniesloan@example.net,2025-10-30 07:17:22.504356,0,0.5238095238095238,0.4642857142857142,0.0,no_match,0.3896103896103897,H630,J250,HAD,JACSAN,0,0,0.5238095238095238,0.5238095238095238,0.4642857142857142,0.4642857142857142,0.33766233766233766,0.40540540540540543,0.6818181818181818,0.6566951566951568
P00178,1,person_00178,person_00178,EMS000178,,Vanesa,,Hrris,,,1948-08-25,Female,Two or More Races,Not Hispanic or Latino,"03342 Nicole Stravenue Apt. 583, East Andrew, MP 34814",001-237-793-3756x362,,Smith Ltd Hospital,2024-12-12 04:57:26.941228,EHR000178,MRN100178,Vanessa,Margaret,Harris,,Vanessa Jones,1948-08-25,Female,Two or More Races,Not Hispanic or Latino,"599 Jensen Manor Suite 217, South Jeffreytown, SC 29733",001-237-793-3756x362,,2024-12-12 05:52:26.941228,0,0.9714285714285714,0.9500000000000001,1.0,exact,0.4036697247706422,H620,H620,HR,HAR,1,0,0.9714285714285714,0.9714285714285714,0.9500000000000001,0.9500000000000001,0.3669724770642202,0.4615384615384615,1.0,1.0
P00041,1,person_00041,person_00041,EMS000041,,Krista,,Bryan,,,,Female,Black or African American,Not Hispanic or Latino,"5585 James Pass, Porterton, AZ 18462",001-457-887-2982x595,,"Evans, Cabrera and Richardson Hospital",2025-08-23 00:11:26.959478,EHR000041,MRN100041,Krista,,Bryan,,Krista Hanson,1988-09-16,Female,Black or African American,Not Hispanic or Latino,"5585 James Pass, Porterton, AZ 18462",001-457-887-2982x595,brittney88@example.net,2025-08-23 01:11:26.959478,0,1.0,1.0,,missing,1.0,B650,B650,BRYAN,BRYAN,1,1,1.0,1.0,1.0,1.0,1.0,1.0,1.0,1.0
P00498,0,person_00498a,person_00498b,EMS000498,,Laura,,Burns,,,2003-10-09,Female,Unknown,Not Hispanic or Latino,"579 Gallagher Cliff, West Jennifer, KY 89916",811-473-6703,,Gardner-Hernandez Hospital,2026-08-17 05:11:48.857514,EHR000498,MRN200248,Ashley,,Diaz,,,1983-06-12,Female,White,Hispanic or Latino,"30080 Sanders Gateway, Lake Stacieberg, OK 22275",+1-548-328-7321x0788,danaperez@example.com,2026-03-10 04:09:37.767300,0,0.4555555555555555,0.0,0.0,no_match,0.34782608695652173,B652,D200,BARN,D,0,0,0.0,0.4555555555555555,0.0,0.0,0.32608695652173914,0.36363636363636365,0.6444444444444445,0.6527777777777778
P00421,0,person_00421a,person_00421b,EMS000421,,Paul,,Fritz,,,1969-12-23,Male,Two or More Races,Unknown,"USS Taylor, FPO AA 98360",(234)320-2223x4998,,Walton-Gray Hospital,2024-11-18 13:40:02.170624,EHR000421,MRN200171,Connie,,Fisher,,,1964-09-05,Female,White,Hispanic or Latino,"7915 Cynthia Harbor, Martinezport, AK 81343",(833)651-7465,mistybennett@example.org,2025-06-06 11:48:22.949707,0,0.0,0.5777777777777778,0.0,no_match,0.3880597014925373,F632,F260,FRAT,FASAR,0,0,0.0,0.0,0.5777777777777778,0.5777777777777778,0.35820895522388063,0.375,0.5427350427350427,0.3936507936507936
P00206,1,person_00206,person_00206,EMS000206,,Jose,B.,Kmi,,,1979-01-16,Male,Unknown,Unknown,"955 Stacey Plaza Suite 269, Markton, SC 01865",481-623-0834x024,,Robinson-Sanford Hospital,2025-09-24 16:41:45.775009,EHR000206,MRN100206,Jose,Benjamin,Kim,,,1979-01-16,Male,White,Not Hispanic or Latino,"9432 Ernest Forge Apt. 878, Kevinbury, LA 93333",481-623-0834x024,dayjohn@example.org,2025-09-24 17:43:45.775009,0,1.0,0.5555555555555555,1.0,exact,0.32608695652173914,K500,K500,CN,CAN,1,0,1.0,1.0,0.5555555555555555,0.5555555555555555,0.28260869565217395,0.41379310344827597,1.0,1.0
P00282,0,person_00282a,person_00282b,EMS000282,,Bianca,,Good,,,1989-12-16,Female,White,Not Hispanic or Latino,"6376 Johnson Spring, Heidimouth, MN 67686",(765)325-4837x44171,,Garrett-Lee Hospital,2024-10-05 16:59:11.226364,EHR000282,MRN200032,David,Christopher,Brown,,,1984-12-28,Male,Two or More Races,Not Hispanic or Latino,"00591 Brandi Well, Welchmouth, WY 87655",391-202-3121,omoody@example.org,2024-10-27 04:38:48.297465,0,0.4111111111111112,0.4833333333333334,0.0,no_match,0.35,G300,B650,GAD,BRAON,0,0,0.4111111111111112,0.4111111111111112,0.4833333333333334,0.4833333333333334,0.35,0.34210526315789463,0.5497076023391813,0.611111111111111
P00254,0,person_00254a,person_00254b,EMS000254,,Tammy,,Phelps,,,1943-07-09,Female,White,Not Hispanic or Latino,"56227 Victoria Avenue Suite 331, Riveraton, RI 61933",+1-621-758-3503x446,,Murphy-Mason Hospital,2026-04-11 20:28:48.906320,EHR000254,MRN200004,Margaret,Christina,Watkins,,,1940-06-11,Female,White,Unknown,"9128 Rivera Trail, Tammyfort, IL 22534",2337192227,huangbrett@example.net,2025-07-06 22:26:37.149100,0,0.3833333333333333,0.4365079365079365,0.0,no_match,0.4444444444444444,P412,W325,FALP,WATCAN,0,0,0.44166666666666665,0.3833333333333333,0.4365079365079365,0.4365079365079365,0.4,0.4705882352941176,0.37485380116959055,0.47857142857142865
P00412,0,person_00412a,person_00412b,EMS000412,,Edward,Anthony,Hurst,,,1994-10-28,Male,White,Unknown,"8267 Taylor Port Apt. 620, East Jasmineborough, AS 67132",+1-556-346-1497x45979,,White Group Hospital,2025-03-01 21:13:22.997050,EHR000412,MRN200162,Meghan,Nicole,Roberson,,,1997-12-05,Female,White,Not Hispanic or Latino,"9860 Cervantes Bridge, Carlaborough, FL 55150",001-364-332-2394x61212,christina85@example.org,2024-09-02 04:01:45.076937,0,0.5555555555555555,0.5499999999999999,0.0,no_match,0.4158415841584159,H623,R162,HARST,RABARSAN,0,0,0.4444444444444444,0.5555555555555555,0.5499999999999999,0.5499999999999999,0.39603960396039606,0.41237113402061853,0.5667388167388167,0.5231481481481481
P00004,1,person_00004,person_00004,EMS000004,,Jeffrey,Jeff,Owens,,,,Male,White,Unknown,"65133 Amanda Dam, Whitemouth, IA 10381",581.808.0132x677,,Mitchell-Horton Hospital,2025-03-11 21:50:49.786263,EHR000004,MRN100004,Jeffrey,Jeff,Owens,,,1999-12-04,Male,White,Not Hispanic or Latino,"65133 Amanda Dam, Whitemouth, IA 10381",581.808.0132x677,martinaaron@example.com,2025-03-11 23:16:49.786263,0,1.0,1.0,,missing,1.0,O520,O520,OAN,OAN,1,1,1.0,1.0,1.0,1.0,1.0,1.0,1.0,1.0
P00256,0,person_00256a,person_00256b,EMS000256,,Diamond,,Rios,,,2000-09-19,Female,White,Not Hispanic or Latino,,6497386204,,Kelly-Cox Hospital,2026-01-21 17:41:21.426117,EHR000256,MRN200006,Angelica,Tara,Davis,,,2017-11-15,Female,White,Hispanic or Latino,"59020 Dana Mount, Lake Sherryport, MP 89746",+1-532-540-6424x2956,nicole24@example.com,2025-03-11 10:18:46.496870,0,0.42261904761904767,0.4833333333333334,0.0,no_match,,R200,D120,R,DAV,0,0,0.0,0.42261904761904767,0.4833333333333334,0.4833333333333334,,,0.5222222222222221,0.5555555555555555
P00448,0,person_00448a,person_00448b,EMS000448,,Misty,,Thomas,,,1993-01-22,Female,White,,"65274 Andrea Ville Suite 251, New Michaelbury, NC 25724",+1-355-545-1460,,"Ramos, Moore and Lawrence Hospital",2025-09-18 05:05:19.323196,EHR000448,MRN200198,Ronald,Erik,Sutton,,Ronald Barker,1997-01-08,Male,White,Not Hispanic or Latino,"PSC 6272, Box 8167, APO AE 32934",646.312.1575x626,karenjohnson@example.com,2025-09-07 13:54:58.923816,0,0.0,0.5555555555555555,0.0,no_match,0.367816091954023,T520,S350,TAN,SATAN,0,0,0.0,0.0,0.4444444444444444,0.5555555555555555,0.3218390804597702,0.3902439024390244,0.539484126984127,0.6297036297036297
P00100,1,person_00100,person_00100,EMS000100,,Mike,,Garcia,Jr.,,1965-01-05,Male,Unknown,Unknown,"26728 Floyd Hills Suite 890, Garciaburgh, AR 28742",,,Woods-Soto Hospital,2026-04-06 14:18:25.719243,EHR000100,MRN100100,Michael,James,Garcia,Jr.,,1965-01-05,Male,Two or More Races,Not Hispanic or Latino,"434 Mullen Junctions, Ivanchester, IL 55432",001-655-564-7292x931,mchase@example.org,2026-04-06 14:46:25.719243,0,0.7809523809523811,1.0,1.0,exact,0.34408602150537637,G620,G620,GARC,GARC,1,1,0.7809523809523811,0.7809523809523811,1.0,1.0,0.32258064516129037,0.32558139534883723,,
P00226,1,person_00226,person_00226,EMS000226,,JJulia,,Anderon,,,2022-07-06,Female,White,Hispanic or Latino,"0171 Cummings Harbor, Karenfurt, CO 73436",001-557-290-6477x15910,,Jackson and Sons Hospital,2026-02-10 05:41:48.138511,EHR000226,MRN100226,Julia,,Anderson,,,2022-07-06,Female,White,Hispanic or Latino,"0171 Cummings Harbor, Karenfurt, CO 73436",001-557-290-6477x15910,taylorvictoria@example.net,2026-02-10 06:07:48.138511,0,0.9500000000000001,0.975,1.0,exact,1.0,A536,A536,ANDARAN,ANDARSAN,1,0,0.9500000000000001,0.9500000000000001,0.975,0.975,1.0,1.0,1.0,1.0
P00429,0,person_00429a,person_00429b,EMS000429,,William,Bryan,Lane,,,1954-05-13,Male,Black or African American,Unknown,"0131 Robinson Center Suite 962, Jonesside, KS 45641",625-727-4102x54717,,Green Ltd Hospital,2025-12-16 17:48:10.826436,EHR000429,MRN200179,Laura,Tiffany,Walker,,,1936-03-15,Female,White,Not Hispanic or Latino,"7563 Cox Parkways Suite 227, South Ericfurt, DC 86144",(665)304-6070x014,adamcardenas@example.net,2026-08-02 04:32:51.506889,0,0.5619047619047619,0.6388888888888888,0.0,no_match,0.4423076923076923,L500,W426,LAN,WALCAR,0,0,0.4476190476190476,0.5619047619047619,0.611111111111111,0.6388888888888888,0.3653846153846154,0.4285714285714286,0.5653594771241829,0.6207570207570208
P00213,1,person_00213,person_00213,EMS000213,,Lindsey,,Bradford,,,1932-04-29,Female,Unknown,,"Unit 1568 Box 1820, DPO AP 50585",7976005140,,Willis-Christian Hospital,2026-02-11 06:51:01.149342,EHR000213,MRN100213,Lindsey,,Bradford,,,1933-04-29,Female,White,Unknown,"39043 Danielle Bypass, West Christopher, OK 74530",7976005140,uporter@example.com,2026-02-11 07:09:01.149342,0,1.0,1.0,0.7,month_day_match_year_differs,0.32098765432098764,B631,B631,BRADFAD,BRADFAD,1,1,1.0,1.0,1.0,1.0,0.2962962962962963,0.33333333333333337,1.0,1.0
P00171,1,person_00171,person_00171,EMS000171,,David,,Thorntoon,,,2014-12-27,Male,White,Not Hispanic or Latino,,222-241-2462x0952,,Bennett-Carey Hospital,2026-06-13 12:16:30.072696,EHR000171,MRN100171,David,,Thornton,,,2014-12-27,Male,White,Not Hispanic or Latino,"9070 Kim Mall Apt. 856, Christopherville, ND 22541",222-241-2462x0952,peter52@example.com,2026-06-13 13:43:30.072696,0,1.0,0.9777777777777777,1.0,exact,,T653,T653,TARNTAN,TARNTAN,1,1,1.0,1.0,0.9777777777777777,0.9777777777777777,,,1.0,1.0
P00098,1,person_00098,person_00098,EMS000098,,Kenneth,Dean,Russsell,,,1942-10-10,Male,White,Hispanic or Latino,"USCGC Edwards, FPO AE 75698",516-633-5658x804,,White-Reese Hospital,2024-10-24 17:20:06.835946,EHR000098,MRN100098,Kenneth,Dean,Russell,,,1940-10-10,Male,White,Hispanic or Latino,"1848 Benson Lane Suite 357, Mosleytown, NJ 15740",516-633-5658x804,rosskaitlyn@example.com,2024-10-24 18:29:06.835946,0,1.0,0.975,0.7,month_day_match_year_differs,0.31999999999999995,R240,R240,RASAL,RASAL,1,1,1.0,1.0,0.975,0.975,0.2666666666666667,0.3098591549295775,1.0,1.0
P00292,0,person_00292a,person_00292b,EMS000292,,Brandi,,Miles,,,1931-09-22,Female,,Not Hispanic or Latino,"84980 Beard Dam, Samanthafort, AS 28492",377.473.1268,,Mejia Inc Hospital,2025-10-14 11:39:20.103000,EHR000292,MRN200042,Karen,Wanda,Jones,,,1946-04-24,Female,Black or African American,Hispanic or Latino,"534 Brown Meadows Apt. 560, Lake Jessica, MN 51720",693.927.9862x398,reynoldsanthony@example.org,2026-01-26 18:56:27.668361,0,0.5888888888888889,0.6,0.0,no_match,0.3820224719101124,M420,J520,MAL,JAN,0,0,0.5888888888888889,0.5888888888888889,0.6,0.6,0.35955056179775285,0.3571428571428571,0.6388888888888888,0.5760683760683761
P00215,1,person_00215,person_00215,EMS000215,,Andrea,M.,urray,,,2024-05-06,Female,White,Not Hispanic or Latino,"Unit 7219 Box 7054, DPO AA 54113",+1-627-258-9551x687,,Roberts and Sons Hospital,2024-09-04 23:41:10.894709,EHR000215,MRN100215,Andrea,Michelle,Murray,,,2024-05-06,Female,White,Not Hispanic or Latino,"Unit 7219 Box 7054, DPO AA 54113",+1-627-258-9551x687,figueroajohn@example.net,2024-09-05 00:16:10.894709,0,1.0,0.9444444444444445,1.0,exact,1.0,U600,M600,URY,MARY,0,0,1.0,1.0,0.9444444444444445,0.9444444444444445,1.0,1.0,1.0,1.0
P00061,1,person_00061,person_00061,EMS000061,,Keith,John,Coooper,,,1995-07-03,Male,Two or More Races,Not Hispanic or Latino,"05162 Jones Lights Apt. 115, Nicoleberg, MS 99218",,,May Ltd Hospital,2025-11-06 20:32:18.300853,EHR000061,MRN100061,Keith,John,Cooper,,,1995-07-03,Male,Two or More Races,Not Hispanic or Latino,"701 Scott Alley, Harrisberg, FM 85697",824-315-4152x0643,smiththomas@example.org,2025-11-06 20:44:18.300853,0,1.0,0.9666666666666667,1.0,exact,0.39534883720930236,C160,C160,CAPAR,CAPAR,1,1,1.0,1.0,0.9666666666666667,0.9666666666666667,0.39534883720930236,0.419753086419753,,
P00047,1,person_00047,person_00047,EMS000047,,Andrea,,Johnson,,,2003-09-18,Female,White,Not Hispanic or Latino,"9030 Gonzales Plains, Port Michelle, AR 18868",001-504-378-6863x37524,,"Holder, Young and Hendricks Hospital",2025-02-21 23:40:49.416751,EHR000047,MRN100047,Andrea,Taylor,Johnson,,Andrea Ortiz,2003-09-18,Female,White,Not Hispanic or Latino,"6766 Felicia Shore Apt. 512, Ricebury, MP 00956",001-504-378-6863x37524,pachecorobert@example.org,2025-02-22 00:06:49.416751,0,1.0,1.0,1.0,exact,0.34782608695652173,J525,J525,JANSAN,JANSAN,1,1,1.0,1.0,1.0,1.0,0.32608695652173914,0.3218390804597702,1.0,1.0
P00032,1,person_00032,person_00032,EMS000032,,Angla,,Alvarado,,,,Female,White,Not Hispanic or Latino,,232.721.4188,,"Lamb, Martin and Kim Hospital",2026-04-29 11:10:36.957688,EHR000032,MRN100032,Angela,,Alvarado,,,2017-10-02,Female,White,Not Hispanic or Latino,"91486 Li Skyway Apt. 685, West Kyleborough, MA 64237",232.721.4188,,2026-04-29 11:40:36.957688,0,0.9611111111111111,1.0,,missing,,A416,A416,ALVARAD,ALVARAD,1,1,0.9611111111111111,0.9611111111111111,1.0,1.0,,,1.0,1.0
P00267,0,person_00267a,person_00267b,EMS000267,,Stephen,C.,Mcdonald,,,1974-06-09,Male,Two or More Races,Not Hispanic or Latino,"9021 Simmons Valley Suite 080, Allenchester, AZ 66589",387-949-5119x18182,,Chan PLC Hospital,2025-09-23 20:08:01.610189,EHR000267,MRN200017,Sabrina,,Owens,,Sabrina Preston,2025-02-14,Female,Unknown,Not Hispanic or Latino,"29578 Preston Locks Suite 096, North Jeffreychester, FL 34429",495.587.3959,jamiewhite@example.org,2026-07-21 02:51:45.731799,0,0.5238095238095238,0.5499999999999999,0.0,no_match,0.5087719298245614,M235,O520,MCDANALD,OAN,0,0,0.5238095238095238,0.5238095238095238,0.44166666666666665,0.5499999999999999,0.4736842105263158,0.485981308411215,0.5787037037037037,0.6527777777777778
P00327,0,person_00327a,person_00327b,EMS000327,,Bradley,Michael,Porter,,,,Male,Black or African American,Not Hispanic or Latino,"22132 Michelle Squares Suite 672, North Catherineland, DE 15274",(961)522-0190x7258,,Griffith-Franco Hospital,2026-01-23 23:28:04.130046,EHR000327,MRN200077,Amanda,,Armstrong,Sr.,,1971-08-25,Female,White,Unknown,"274 Edward Tunnel, Gregoryland, LA 03477",+1-468-625-0952,landerson@example.org,2025-05-25 01:43:10.593642,0,0.5396825396825397,0.611111111111111,,missing,0.3689320388349514,P636,A652,PARTAR,ARNSTRANG,0,0,0.5396825396825397,0.5396825396825397,0.611111111111111,0.611111111111111,0.33009708737864074,0.36734693877551017,0.5518518518518519,0.5995670995670995
P00200,1,person_00200,person_00200,EMS000200,,Eric,Scott,Meza,,,1969-04-12,Male,White,Not Hispanic or Latino,"15285 Roberto Light, West Tara, MA 89507",(782)577-8816x09306,,Decker Inc Hospital,2026-07-10 15:59:51.787845,EHR000200,MRN100200,Eric,Scott,Meza,,,1969-04-12,Male,White,Not Hispanic or Latino,"113 Frederick Centers, Lake Justinfort, AS 01902",(782)577-8816x09306,lawsontami@example.net,2026-07-10 17:22:51.787845,0,1.0,1.0,1.0,exact,0.36363636363636365,M200,M200,MAS,MAS,1,1,1.0,1.0,1.0,1.0,0.34090909090909094,0.3571428571428571,1.0,1.0
P00446,0,person_00446a,person_00446b,EMS000446,,Darren,,Lopez,,,1988-02-10,Male,Black or African American,Not Hispanic or Latino,"2007 Andrew Dale, Kristenfurt, SD 93638",(624)897-5374x05714,,"Santana, Roberts and Moore Hospital",2025-05-23 18:00:43.433141,EHR000446,MRN200196,Michelle,Kimberly,Vasquez,,Michelle Clark,1992-01-10,Female,White,Not Hispanic or Latino,"45146 Kemp Plain Suite 583, Williamport, OH 97679",858.662.6736,john07@example.com,2025-08-09 05:46:20.682665,0,0.4305555555555556,0.5619047619047619,0.0,no_match,0.31818181818181823,L120,V220,LAP,VASG,0,0,0.4305555555555556,0.4305555555555556,0.5619047619047619,0.5619047619047619,0.31818181818181823,0.28915662650602414,0.4941520467836258,0.5555555555555555
P00027,1,person_00027,person_00027,EMS000027,MRN100027,Jennnifer,Shelly,Pugh,,,1970-11-03,Female,White,Unknown,"PSC 0494, Box 5198, APO AE 20781",+1-273-615-8514x93689,,Smith-Kane Hospital,2026-07-04 08:23:16.530677,EHR000027,MRN100027,Jennifer,Shelly,Pugh,,,1970-11-03,Female,White,Not Hispanic or Latino,"PSC 0494, Box 5198, APO AE 20781",+1-273-615-8514x93689,,2026-07-04 08:56:16.530677,1,0.9777777777777777,1.0,1.0,exact,1.0,P200,P200,PAG,PAG,1,1,0.9777777777777777,0.9777777777777777,1.0,1.0,1.0,1.0,1.0,1.0
P00424,0,person_00424a,person_00424b,EMS000424,,Jessica,Danielle,Allison,,,1979-12-30,Female,White,Not Hispanic or Latino,"0053 Jack Fall, West Nicholastown, CT 87435",001-590-511-3484x3391,,Hill PLC Hospital,2025-08-11 02:32:45.692110,EHR000424,MRN200174,Robert,,Moore,,,2000-04-16,Male,White,Not Hispanic or Latino,"452 Kevin Parkway Suite 449, Pattersontown, HI 35065",001-786-563-4209,ochristensen@example.net,2026-06-22 04:53:42.322972,0,0.4365079365079365,0.0,0.0,no_match,0.4421052631578948,A425,M600,ALASAN,MAR,0,0,0.4365079365079365,0.4365079365079365,0.0,0.0,0.42105263157894735,0.4222222222222223,0.6904761904761904,0.7924752807105748
P00230,1,person_00230,person_00230,EMS000230,,aHnnah,,Roberts,,,1987-04-24,Female,White,Unknown,"89743 Leslie Cliff, East Martin, NH 19091",2767502412,,Fuentes PLC Hospital,2025-08-10 09:16:26.670936,EHR000230,MRN100230,Hannah,,Roberts,,,1987-04-24,Female,Unknown,Not Hispanic or Latino,"89743 Leslie Cliff, East Martin, NH 19091",2767502412,faguilar@example.org,2025-08-10 09:30:26.670936,0,0.9444444444444445,1.0,1.0,exact,1.0,R163,R163,RABART,RABART,1,1,0.9444444444444445,0.9444444444444445,1.0,1.0,1.0,1.0,1.0,1.0
P00260,0,person_00260a,person_00260b,EMS000260,,Gregory,,Williamson,,,2016-07-02,Male,White,Not Hispanic or Latino,"USCGC Williams, FPO AA 49364",,,"Flores, Walker and Smith Hospital",2025-08-02 23:43:55.327334,EHR000260,MRN200010,Marissa,Sonya,Copeland,,,1971-11-02,Female,White,Not Hispanic or Latino,"449 Heather Causeway, Ashleyborough, WV 57772",524-280-9624x406,rsandoval@example.com,2026-03-30 10:51:44.113237,0,0.4285714285714286,0.5583333333333333,0.0,no_match,0.3013698630136986,W452,C145,WALANSAN,CAPALAD,0,0,0.4285714285714286,0.4285714285714286,0.5583333333333333,0.5583333333333333,0.2465753424657534,0.2857142857142857,,
P00288,0,person_00288a,person_00288b,EMS000288,,Linda,R.,Estrada,,,,Female,White,Unknown,"09004 Kevin Light, North Brian, IL 85143",365.614.6040,,Hansen-Warner Hospital,2024-10-01 09:58:46.336977,EHR000288,MRN200038,Barbara,,Fields,,,2021-02-21,Female,White,Not Hispanic or Latino,"01137 Nelson Squares Suite 123, South Ericatown, AZ 65699",(676)520-9014x47340,,2025-10-15 14:23:46.823229,0,0.4476190476190476,0.5396825396825397,,missing,0.3711340206185567,E236,F432,ESTRAD,FALD,0,0,0.4476190476190476,0.4476190476190476,0.4365079365079365,0.5396825396825397,0.3711340206185567,0.3695652173913043,0.5709064327485379,0.6527777777777778
P00162,1,person_00162,person_00162,EMS000162,,Molly,,Turner,,,2007-11-28,Female,Unknown,Unknown,"1220 Daniel Brook Apt. 037, Lake John, MP 82559",+1-331-447-2760,,Richards-Harris Hospital,2025-08-09 14:21:24.337433,EHR000162,MRN100162,Molly,,Turner,IV,,2007-11-28,Female,White,Not Hispanic or Latino,"1220 Daniel Brook Apt. 037, Lake John, MP 82559",+1-331-447-2760,joannewallace@example.com,2025-08-09 15:21:24.337433,0,1.0,1.0,1.0,exact,1.0,T656,T656,TARNAR,TARNAR,1,1,1.0,1.0,1.0,1.0,1.0,1.0,1.0,1.0
P00425,0,person_00425a,person_00425b,EMS000425,,Joshua,,Weber,,,1947-07-05,Male,Unknown,Hispanic or Latino,"6152 Holden Lodge, Lisashire, PR 09195",376-625-3809x664,,"Curry, Sanchez and Lane Hospital",2025-03-27 13:18:16.659020,EHR000425,MRN200175,David,Samuel,Wolfe,,,1945-10-15,Male,Asian,Not Hispanic or Latino,"6535 Ann Square Suite 298, Julieberg, LA 27049",001-867-592-4157x127,mariolewis@example.net,2025-10-04 20:58:38.732325,0,0.0,0.6,0.0,no_match,0.40476190476190477,W160,W410,WABAR,WALF,0,0,0.0,0.0,0.6,0.6,0.38095238095238093,0.40506329113924056,0.5943181818181819,0.5801282051282052
P00138,1,person_00138,person_00138,EMS000138,,Juile,A.,Ricahrdson,,,1997-08-16,Female,Two or More Races,Unknown,"53817 Karen Trace, West Michael, KY 66504",+1-664-901-5577x88178,,Hurst-Roberts Hospital,2024-11-01 23:05:22.358191,EHR000138,MRN100138,Julie,Amanda,Richardson,,Julie Wong,1997-08-16,Female,Unknown,Not Hispanic or Latino,"53817 Karen Trace, West Michael, KY 66504",+1-664-901-5577x88178,lauren13@example.com,2024-11-01 23:50:22.358191,0,0.9466666666666665,0.9766666666666667,1.0,exact,1.0,R263,R263,RACARDSAN,RACARDSAN,1,1,0.9466666666666665,0.9466666666666665,0.9766666666666667,0.9766666666666667,1.0,1.0,1.0,1.0
P00062,1,person_00062,person_00062,EMS000062,,Charles,,Smiith,,,1992-05-31,Male,,Not Hispanic or Latino,,(665)223-4138x999,,Lucas-Bowers Hospital,2026-02-27 11:16:12.695448,EHR000062,MRN100062,Charles,Joseph,Smith,,,1992-05-31,Male,White,Not Hispanic or Latino,"269 Heath Corners, East Karenshire, VA 50836",(665)223-4138x999,jamie98@example.org,2026-02-27 11:51:12.695448,0,1.0,0.9611111111111111,1.0,exact,,S530,S530,SNAT,SNAT,1,1,1.0,1.0,0.9611111111111111,0.9611111111111111,,,1.0,1.0
P00135,1,person_00135,person_00135,EMS000135,,Jody,,Garcia,,,1935-08-24,Female,,Not Hispanic or Latino,"3520 Juan Creek Suite 762, Jeffreyport, PA 21051",,,"Cisneros, Whitehead and Lane Hospital",2025-07-30 13:18:56.854688,EHR000135,MRN100135,Jody,,Garcia,,,1935-08-24,Female,White,Not Hispanic or Latino,"78113 Watkins Islands, Gonzalezmouth, IN 14936",431-536-3631x79706,xthompson@example.org,2025-07-30 13:45:56.854688,0,1.0,1.0,1.0,exact,0.3191489361702128,G620,G620,GARC,GARC,1,1,1.0,1.0,1.0,1.0,0.2978723404255319,0.31818181818181823,,
P00128,1,person_00128,person_00128,EMS000128,,Dvid,Luis,HHill,,,2001-02-04,Male,White,Not Hispanic or Latino,"752 Patton Freeway, Whitehaven, VI 04838",212-692-7663x72395,,"Vaughan, Nielsen and Hall Hospital",2025-04-07 07:51:29.918053,EHR000128,MRN100128,David,Luis,Hill,,David Scott,2001-02-04,Male,White,Not Hispanic or Latino,"752 Patton Freeway, Whitehaven, VI 04838",212-692-7663x72395,,2025-04-07 08:14:29.918053,0,0.94,0.94,1.0,exact,1.0,H400,H400,HAL,HAL,1,1,0.94,0.94,0.94,0.94,1.0,1.0,1.0,1.0
P00476,0,person_00476a,person_00476b,EMS000476,,Bridget,,Mills,,,1979-09-11,Female,White,Not Hispanic or Latino,"86930 Olivia Skyway Apt. 645, Scottchester, NH 39627",299-816-0539,,Cisneros-Morales Hospital,2026-02-13 10:20:48.136135,EHR000476,MRN200226,Michelle,,Christensen,,,1991-12-14,Female,White,Not Hispanic or Latino,"1970 Andrea Street, Angelicaville, ID 52550",+1-329-767-0742,,2026-03-23 15:49:48.684796,0,0.5119047619047619,0.5272727272727272,0.0,no_match,0.4,M420,C623,MAL,CRASTANSAN,0,0,0.5119047619047619,0.5119047619047619,0.5272727272727272,0.5272727272727272,0.3789473684210526,0.39560439560439564,0.5404761904761904,0.5848484848484848
P00008,1,person_00008,person_00008,EMS000008,,Michael,Nicholas,Wright,,,1945-10-14,Male,White,Not Hispanic or Latino,"0608 Michael Cliff, Cindyville, VA 39864",(386)885-0142x940,,"Parker, Ortiz and Powell Hospital",2026-08-19 03:35:05.717239,EHR000008,MRN100008,Michael,Nicholas,Wright,,,1945-10-14,Male,White,Not Hispanic or Latino,"73375 Hoover Well Apt. 303, Murphyland, WI 37086",(386)885-0142x940,jessica56@example.net,2026-08-19 04:53:05.717239,0,1.0,1.0,1.0,exact,0.34090909090909094,W623,W623,WRAGT,WRAGT,1,1,1.0,1.0,1.0,1.0,0.31818181818181823,0.3571428571428571,1.0,1.0
P00326,0,person_00326a,person_00326b,EMS000326,,Michelle,Ruth,Taylor,,,2021-01-10,Female,Unknown,Not Hispanic or Latino,"USNS Anderson, FPO AE 89003",001-912-956-0832x00487,,Ray Group Hospital,2024-10-10 14:16:20.962891,EHR000326,MRN200076,Cathy,,Walsh,,Cathy Foster,1936-06-11,Female,White,Hispanic or Latino,"04436 Lisa Walk, Danielland, MI 21866",291.302.9295,james48@example.org,2026-04-23 13:14:37.449715,0,0.5499999999999999,0.5777777777777778,0.0,no_match,0.34375,T460,W420,TAYLAR,WAL,0,0,0.44166666666666665,0.5499999999999999,0.5777777777777778,0.5777777777777778,0.3125,0.36065573770491793,0.51010101010101,0.5814814814814815
P00463,0,person_00463a,person_00463b,EMS000463,,Nicholas,Jason,Lambert,,,2009-11-18,Male,White,Not Hispanic or Latino,"905 Miguel Junctions, Alvinland, KY 94653",(633)202-9276,,Gay-Medina Hospital,2025-08-16 10:28:49.741296,EHR000463,MRN200213,Kimberly,Carrie,Moore,,,1954-09-24,Female,White,Not Hispanic or Latino,"86604 Parker Ways, East Andrea, MP 12335",778-652-4744x203,dakota23@example.net,2025-02-11 00:36:10.470351,0,0.5,0.565079365079365,0.0,no_match,0.32098765432098764,L516,M600,LANBAD,MAR,0,0,0.5,0.5,0.39523809523809517,0.565079365079365,0.32098765432098764,0.3157894736842105,0.4323717948717949,0.48589743589743595
P00064,1,person_00064,person_00064,EMS000064,,Tammie,Valerie,Moore,,,1961-09-13,Female,Black or African American,Not Hispanic or Latino,"6303 Sandy Crescent, Salazarton, ME 87805",001-721-402-0275x8842,,Warren-Baker Hospital,2026-04-11 18:15:42.480990,EHR000064,MRN100064,Tammie,Valerie,Moore,,,1961-09-13,Female,Black or African American,Not Hispanic or Latino,"6303 Sandy Crescent, Salazarton, ME 87805",001-721-402-0275x8842,jessica10@example.com,2026-04-11 19:16:42.480990,0,1.0,1.0,1.0,exact,1.0,M600,M600,MAR,MAR,1,1,1.0,1.0,1.0,1.0,1.0,1.0,1.0,1.0
P00300,0,person_00300a,person_00300b,EMS000300,MRN300050,Brittany,Jessica,Mosley,,,2019-06-05,Female,White,Not Hispanic or Latino,"07202 Terrell Lakes, Elizabethland, AZ 22156",,,Watts-Riley Hospital,2024-12-17 06:21:38.173034,EHR000300,MRN200050,Duane,Austin,Obrien,,,1955-05-12,Male,White,Not Hispanic or Latino,"9340 Phelps Shores, Lake Thomas, NV 47523",344.266.3453x37220,hernandezwhitney@example.org,2024-10-22 19:59:13.439742,0,0.5499999999999999,0.5555555555555555,0.0,no_match,0.3529411764705882,M240,O165,MASLY,OBRAN,0,0,0.5499999999999999,0.5499999999999999,0.4444444444444444,0.5555555555555555,0.3294117647058824,0.3291139240506329,,
P00014,1,person_00014,person_00014,EMS000014,,George,,Snyder,,,1961-07-15,Male,,Not Hispanic or Latino,"5494 Zachary Field Apt. 367, Lake Thomas, VT 64833",701.843.6349x578,,Griffith LLC Hospital,2025-03-01 19:55:22.878605,EHR000014,MRN100014,George,,Snyder,,,1961-07-15,Male,American Indian or Alaska Native,Not Hispanic or Latino,"5494 Zachary Field Apt. 367, Lake Thomas, VT 64833",701.843.6349x578,michael74@example.com,2025-03-01 20:47:22.878605,0,1.0,1.0,1.0,exact,1.0,S536,S536,SNYDAR,SNYDAR,1,1,1.0,1.0,1.0,1.0,1.0,1.0,1.0,1.0
P00156,1,person_00156,person_00156,EMS000156,,Karen,,Moss,,,1955-06-05,Female,White,Not Hispanic or Latino,"44762 Gates Rapid, Port Justin, TX 25321",001-320-269-6942x152,,White-Sparks Hospital,2025-08-26 03:37:04.977435,EHR000156,MRN100156,Karen,,Moss,,,1955-06-05,Female,White,Not Hispanic or Latino,"3165 Phillip Lane Apt. 008, North Terri, ID 34813",001-320-269-6942x152,dayala@example.net,2025-08-26 04:56:04.977435,0,1.0,1.0,1.0,exact,0.4269662921348315,M200,M200,M,M,1,1,1.0,1.0,1.0,1.0,0.35955056179775285,0.4,1.0,1.0
P00040,1,person_00040,person_00040,EMS000040,,Jacob,,Flres,,,1974-12-23,Male,White,Unknown,"8016 Nicole Stream Suite 650, Williamsside, ID 48017",532-578-7747x01687,,"Roberts, Hughes and Cole Hospital",2026-06-05 17:11:11.836259,EHR000040,MRN100040,Jacob,Justin,Flores,,,1974-12-23,Male,White,Not Hispanic or Latino,"10469 Wright Way, Port Mark, OK 95020",532-578-7747x01687,brandon47@example.net,2026-06-05 18:35:11.836259,0,1.0,0.9555555555555556,1.0,exact,0.3370786516853933,F462,F462,FLR,FLAR,1,0,1.0,1.0,0.9555555555555556,0.9555555555555556,0.3146067415730337,0.3571428571428571,1.0,1.0
P00379,0,person_00379a,person_00379b,EMS000379,,Sarah,,Bennett,,,,Female,,Unknown,"551 Sandra Mountains Suite 179, Jennifertown, TX 18056",355-798-5160x211,,"Mahoney, Mack and Dunlap Hospital",2025-10-21 11:51:06.412987,EHR000379,MRN200129,Wyatt,,Warner,,,2000-04-01,Male,White,Not Hispanic or Latino,"7868 Martinez Mountain Suite 008, Larryview, AK 67501",001-437-381-9190x7499,dturner@example.com,2026-02-11 14:03:53.195686,0,0.46666666666666656,0.5396825396825397,,missing,0.5046728971962617,B530,W656,BANAT,WARNAR,0,0,0.46666666666666656,0.46666666666666656,0.5396825396825397,0.5396825396825397,0.5046728971962617,0.5,0.6158910533910533,0.6119909502262444
P00468,0,person_00468a,person_00468b,EMS000468,,David,C.,Higgins,Sr.,,1958-03-13,Male,White,Hispanic or Latino,"7905 Kyle Crossroad, New Michael, CO 96893",(873)809-5326x70848,,Howard and Sons Hospital,2025-08-12 02:55:21.663945,EHR000468,MRN200218,Jacob,Matthew,Bates,,Jacob Alvarado,2013-07-24,Male,White,Not Hispanic or Latino,"801 Eric Landing, North Samuel, NY 67903",568-946-7678x09645,jessica95@example.net,2024-12-15 05:50:30.190404,0,0.46666666666666656,0.4476190476190476,0.0,no_match,0.4390243902439024,H252,B320,HAGAN,BAT,0,0,0.46666666666666656,0.46666666666666656,0.4476190476190476,0.4476190476190476,0.41463414634146345,0.41025641025641024,0.5785043416622364,0.5851851851851851
P00403,0,person_00403a,person_00403b,EMS000403,MRN300153,Joseph,,Duran,,,1938-09-13,Male,White,Unknown,"Unit 6000 Box 1440, DPO AP 86775",001-576-629-1430x491,,Banks LLC Hospital,2026-07-04 02:46:06.506783,EHR000403,MRN200153,Jon,Christian,Reid,,Jon Stephens,1943-03-28,Male,White,Hispanic or Latino,"564 Julia Shores Apt. 405, North April, IN 44650",609.876.6919,rosecarroll@example.net,2026-08-15 07:44:20.812226,0,0.6666666666666666,0.0,0.0,no_match,0.42500000000000004,D650,R300,DARAN,RAD,0,0,0.6666666666666666,0.6666666666666666,0.0,0.0,0.375,0.5,0.5492063492063491,0.6172619047619047
P00216,1,person_00216,person_00216,EMS000216,,Laura,,Nash,,,1951-11-07,Female,White,,"7787 Christopher Street, South Kaylaborough, MO 43587",955-297-3714,,Huerta Group Hospital,2025-04-21 01:47:33.227150,EHR000216,MRN100216,Laura,,Nash,,,1951-11-07,Female,White,Hispanic or Latino,"7787 Christopher Street, South Kaylaborough, MO 43587",955-297-3714,stacythomas@example.org,2025-04-21 03:05:33.227150,0,1.0,1.0,1.0,exact,1.0,N200,N200,N,N,1,1,1.0,1.0,1.0,1.0,1.0,1.0,1.0,1.0
P00279,0,person_00279a,person_00279b,EMS000279,,Frank,Andrew,Valenzuela,,,1995-09-03,Male,White,Hispanic or Latino,"069 Melody Track, New Amytown, SD 62947",,,"Lee, Russo and Hopkins Hospital",2025-02-25 21:18:47.244210,EHR000279,MRN200029,Joshua,,Ward,,,1944-05-18,Male,White,Hispanic or Latino,"4250 Trujillo Divide, South Robertside, PR 30252",(725)736-6677x7675,handerson@example.org,2026-02-01 17:13:04.264023,0,0.0,0.44999999999999996,0.0,no_match,0.3218390804597702,V452,W630,VALANSAL,WAD,0,0,0.0,0.0,0.44999999999999996,0.44999999999999996,0.3218390804597702,0.3132530120481928,,
P00434,0,person_00434a,person_00434b,EMS000434,,Dana,Jacqueline,Perez,,,1988-01-22,Female,Unknown,Not Hispanic or Latino,"00295 Garcia Drive, Port Matthew, VT 94603",+1-547-218-5594x07992,,Spencer Ltd Hospital,2024-11-29 12:15:12.155523,EHR000434,MRN200184,Patrick,Bradley,Cruz,,,1990-04-11,Male,White,Hispanic or Latino,"5647 Massey Mills, Port Jodyport, WV 46735",791.217.7666,gregory76@example.org,2026-03-25 16:49:29.279420,0,0.4642857142857142,0.6333333333333333,0.0,no_match,0.45238095238095233,P620,C620,PAR,CR,0,0,0.4642857142857142,0.4642857142857142,0.6333333333333333,0.6333333333333333,0.4285714285714286,0.430379746835443,0.484920634920635,0.5375
P00430,0,person_00430a,person_00430b,EMS000430,,Jose,Richard,Garcia,,,1931-02-24,Male,Asian,Hispanic or Latino,"Unit 6689 Box 0417, DPO AE 70794",(707)462-3811,,"Howard, Burns and Hooper Hospital",2025-03-29 11:44:50.803905,EHR000430,MRN200180,Carrie,,Moore,,,1931-11-30,Female,White,Not Hispanic or Latino,"83599 Johnson Groves Apt. 084, Jacobsville, IN 49394",413-450-5357,sandrasmith@example.com,2025-12-10 08:50:01.529275,0,0.4722222222222221,0.4555555555555555,0.25,year_match_only,0.3571428571428571,G620,M600,GARC,MAR,0,0,0.4722222222222221,0.4722222222222221,0.4555555555555555,0.4555555555555555,0.33333333333333337,0.42500000000000004,0.4636752136752136,0.4222222222222223
P00337,0,person_00337a,person_00337b,EMS000337,,Carrie,,Anderson,,,1996-08-28,Female,White,Hispanic or Latino,"5400 Scott Shoal Suite 475, Port James, FM 10554",323-927-4897,,"Jones, Brennan and Alexander Hospital",2026-03-28 16:27:14.666453,EHR000337,MRN200087,Dana,Elaine,May,,,2001-03-05,Female,White,Hispanic or Latino,"88621 Gomez Bridge, Port Melaniefurt, IA 05967",553-706-9358x824,,2026-02-21 23:07:45.168651,0,0.4722222222222221,0.48611111111111116,0.0,no_match,0.34042553191489366,A536,M000,ANDARSAN,MY,0,0,0.4722222222222221,0.4722222222222221,0.0,0.48611111111111116,0.3191489361702128,0.3370786516853933,0.5972222222222222,0.5615384615384615
P00236,1,person_00236,person_00236,EMS000236,,Mary,B.,Thomas,,,1945-02-14,Female,Two or More Races,Not Hispanic or Latino,,001-217-666-2047x196,,Estes-Mcdonald Hospital,2025-07-20 20:50:01.146933,EHR000236,MRN100236,Mary,Barbara,Thomas,,Mary Smith,1944-02-14,Female,Two or More Races,Not Hispanic or Latino,"88377 Roberts Courts, Richardsonview, MO 51071",001-217-666-2047x196,,2025-07-20 21:46:01.146933,0,1.0,1.0,0.7,month_day_match_year_differs,,T520,T520,TAN,TAN,1,1,1.0,1.0,1.0,1.0,,,1.0,1.0
P00207,1,person_00207,person_00207,EMS000207,,Cassanrda,,Medina,,,2023-08-24,Female,White,Not Hispanic or Latino,"9312 Ronald Motorway, Garciahaven, DC 95759",(427)536-5271x7272,,Morrison Group Hospital,2025-03-24 05:05:55.682615,EHR000207,MRN100207,Cassandra,Valerie,Medina,,,2023-08-24,Female,White,Not Hispanic or Latino,"649 Lisa Forges, Josephshire, SC 99184",(427)536-5271x7272,lharding@example.net,2025-03-24 05:39:55.682615,0,0.9777777777777777,1.0,1.0,exact,0.345679012345679,M350,M350,MADAN,MADAN,1,1,0.9777777777777777,0.9777777777777777,1.0,1.0,0.345679012345679,0.3157894736842105,1.0,1.0
P00212,1,person_00212,person_00212,EMS000212,,NNatasha,Nicole,Hale,,,1959-02-11,Female,White,Not Hispanic or Latino,"775 Wilcox Expressway, Port Nathanchester, ID 35879",598-843-6241x862,,Garcia LLC Hospital,2026-08-13 02:58:37.054155,EHR000212,MRN100212,Natasha,Nicole,Hale,,,1959-02-11,Female,White,Not Hispanic or Latino,"0412 Nicole Bypass Apt. 820, Wallmouth, OH 93746",598-843-6241x862,robinsonisaiah@example.net,2026-08-13 03:52:37.054155,0,0.9625,1.0,1.0,exact,0.34343434343434337,H400,H400,HAL,HAL,1,1,0.9625,0.9625,1.0,1.0,0.3232323232323232,0.3789473684210526,1.0,1.0
P00295,0,person_00295a,person_00295b,EMS000295,,David,,Lynch,,,2017-11-01,Male,White,Not Hispanic or Latino,"46996 Lewis Courts, South Jennifermouth, FL 97384",(996)808-4376x8550,,Moore-Robinson Hospital,2025-05-24 23:23:51.710420,EHR000295,MRN200045,Michele,Lindsay,Hale,,,1966-07-16,Female,White,Hispanic or Latino,"55643 Roach Light, Yushire, IA 85104",001-917-806-9556x076,kimmichael@example.com,2026-08-28 13:05:48.937984,0,0.4476190476190476,0.0,0.0,no_match,0.3294117647058824,L520,H400,LYNC,HAL,0,0,0.4476190476190476,0.4476190476190476,0.0,0.0,0.3294117647058824,0.345679012345679,0.5991582491582492,0.6240079365079364
P00457,0,person_00457a,person_00457b,EMS000457,,Dana,,Richardson,,,,Female,White,Unknown,"1186 Tina Mall Suite 099, Dakotafort, MI 25719",+1-389-213-7054x245,,"Mcguire, Logan and Torres Hospital",2025-11-17 22:08:46.150469,EHR000457,MRN200207,Alyssa,,Gonzalez,IV,,1967-01-29,Female,Black or African American,Not Hispanic or Latino,"992 Cynthia Extensions, South Patrick, MS 57226",001-869-322-9533,christopher18@example.org,2024-09-11 01:11:30.394540,0,0.611111111111111,0.40833333333333344,,missing,0.34408602150537637,R263,G524,RACARDSAN,GANSAL,0,0,0.4722222222222221,0.611111111111111,0.40833333333333344,0.40833333333333344,0.34408602150537637,0.3448275862068966,0.66457336523126,0.6456043956043956
P00251,0,person_00251a,person_00251b,EMS000251,,David,,Coleman,,,1947-05-26,Male,White,Not Hispanic or Latino,"USS Bailey, FPO AA 92883",(577)896-3044,,"Perez, Solis and Lozano Hospital",2026-05-04 10:27:40.749166,EHR000251,MRN200001,Evan,,Myers,,,1972-08-24,Male,Unknown,Not Hispanic or Latino,"7350 West Forges, New Jamie, SC 14960",+1-395-229-8006x155,michaelgonzalez@example.org,2025-06-15 02:36:41.359422,0,0.46666666666666656,0.4476190476190476,0.0,no_match,0.39344262295081966,C455,M620,CALANAN,MYAR,0,0,0.46666666666666656,0.46666666666666656,0.4476190476190476,0.4476190476190476,0.36065573770491793,0.3793103448275862,0.49277038750722957,0.5095238095238095
P00488,0,person_00488a,person_00488b,EMS000488,,Jennifer,,Zimmerman,,,2000-05-18,Female,Unknown,Not Hispanic or Latino,"9050 Cook Locks Apt. 672, North Timothyberg, VT 64500",(508)714-7237,,Gray-Robertson Hospital,2025-08-16 09:41:38.294875,EHR000488,MRN200238,Daniel,,Ramsey,,,2004-11-11,Male,American Indian or Alaska Native,Not Hispanic or Latino,"USNS Williams, FPO AA 79623",589.899.5145x498,qsnow@example.com,2025-10-16 09:26:51.196347,0,0.5138888888888888,0.5185185185185185,0.0,no_match,0.32499999999999996,Z565,R520,ZANARNAN,RANSY,0,0,0.5138888888888888,0.5138888888888888,0.5185185185185185,0.5185185185185185,0.275,0.26315789473684215,0.5192307692307693,0.5692307692307693
P00486,0,person_00486a,person_00486b,EMS000486,,Emily,,Hernandez,,,2002-09-08,Female,Unknown,Not Hispanic or Latino,"USS Schultz, FPO AP 49562",372.803.3505,,Huynh-Dickson Hospital,2026-01-15 04:20:58.695374,EHR000486,MRN200236,Anne,Alyssa,Erickson,,,1965-05-25,Female,White,,"94042 Paula Viaduct Suite 564, North Brittneyburgh, MN 49294",325-538-0781,rebecca53@example.net,2025-11-19 16:24:26.089047,0,0.0,0.5694444444444444,0.0,no_match,0.3294117647058824,H655,E625,HARNAND,ERACSAN,0,0,0.0,0.0,0.4907407407407407,0.5694444444444444,0.3058823529411765,0.345679012345679,0.5555555555555555,0.6222222222222222
P00303,0,person_00303a,person_00303b,EMS000303,,David,M.,Powers,,,2016-09-22,Male,White,Unknown,"1448 Charles Drives, Port Sharonbury, CA 99912",621-375-1887x817,,Johnson and Sons Hospital,2025-04-22 13:20:08.564540,EHR000303,MRN200053,Robert,Joshua,Wright,,,1932-05-23,Male,White,Not Hispanic or Latino,"PSC 1122, Box 5288, APO AE 63243",001-350-556-6186x32397,,2025-05-26 15:18:01.141391,0,0.0,0.4444444444444444,0.0,no_match,0.3076923076923077,P620,W623,PAOAR,WRAGT,0,0,0.0,0.0,0.0,0.4444444444444444,0.28205128205128205,0.32432432432432434,0.5598484848484849,0.5472120472120472
P00350,0,person_00350a,person_00350b,EMS000350,MRN300100,Wayne,James,Finley,,,2013-12-23,Male,Black or African American,Not Hispanic or Latino,"621 Cox Circle, Biancaview, ME 86487",8767634933,,"James, Walker and Castro Hospital",2024-10-31 00:13:17.271748,EHR000350,MRN200100,Jody,Beverly,Jackson,,,1943-06-16,Female,Black or African American,Hispanic or Latino,"42436 Samantha Streets, Shelleyside, UT 42517",821-488-0879x919,jennifersolomon@example.net,2025-11-12 01:06:39.671237,0,0.4833333333333334,0.0,0.0,no_match,0.3950617283950617,F540,J250,FANLY,JACSAN,0,0,0.4833333333333334,0.4833333333333334,0.0,0.0,0.3950617283950617,0.36363636363636365,0.46666666666666656,0.48589743589743595
P00269,0,person_00269a,person_00269b,EMS000269,,Christopher,C.,Mayer,,,2022-05-13,Male,White,Not Hispanic or Latino,"1207 Kevin Road, Reginaview, RI 42584",8054070260,,"Garza, Black and Huerta Hospital",2025-04-27 05:44:36.627466,EHR000269,MRN200019,Anna,,Mcneil,,,1941-05-04,Female,Two or More Races,Not Hispanic or Latino,"729 Larry Mountains Suite 258, Summerville, NJ 65093",001-393-523-8223x1164,johnblair@example.com,2026-08-11 15:22:35.744411,0,0.0,0.5777777777777778,0.0,no_match,0.3370786516853933,M600,M254,MAYAR,MCNAL,0,0,0.0,0.0,0.5777777777777778,0.5777777777777778,0.3146067415730337,0.3373493975903614,0.4468253968253968,0.5313725490196078
P00201,1,person_00201,person_00201,EMS000201,,Donna,,Weebb,,,1955-10-24,Female,White,Not Hispanic or Latino,"48079 Brown Avenue Suite 545, North Michaelburgh, MO 46970",8163731882,,Foster-Evans Hospital,2025-02-28 21:40:36.722448,EHR000201,MRN100201,Donna,,Webb,,,1955-10-24,Female,White,Not Hispanic or Latino,"48079 Brown Avenue Suite 545, North Michaelburgh, MO 46970",8163731882,xsmith@example.net,2025-02-28 22:44:36.722448,0,1.0,0.9466666666666665,1.0,exact,1.0,W100,W100,WAB,WAB,1,1,1.0,1.0,0.9466666666666665,0.9466666666666665,1.0,1.0,1.0,1.0
P00161,1,person_00161,person_00161,EMS000161,,Jessica,,Davis,,,1993-11-06,Female,White,Unknown,"4918 Daniel Shore Suite 226, North Robertport, MD 77467",001-877-294-5232x1941,,"Sullivan, Sandoval and Garner Hospital",2025-08-13 17:04:15.802811,EHR000161,MRN100161,Jessica,,Davis,,,1993-06-11,Female,White,Not Hispanic or Latino,"4918 Daniel Shore Suite 226, North Robertport, MD 77467",001-877-294-5232x1941,fosteralexander@example.net,2025-08-13 18:10:15.802811,0,1.0,1.0,0.85,month_day_transposed,1.0,D120,D120,DAV,DAV,1,1,1.0,1.0,1.0,1.0,1.0,1.0,1.0,1.0
P00043,1,person_00043,person_00043,EMS000043,,Shaorn,Melanie,Lara,,,1956-10-11,Female,Unknown,Not Hispanic or Latino,"421 John Skyway Apt. 301, Riverafort, CT 89786",341-798-6652x404,,Smith PLC Hospital,2025-02-02 11:56:54.419938,EHR000043,MRN100043,Sharon,Melanie,Lara,,,1955-10-11,Female,Two or More Races,Not Hispanic or Latino,"8434 Bush Spurs, Stewartstad, OH 95090",341-798-6652x404,,2025-02-02 12:53:54.419938,0,0.9611111111111111,1.0,0.7,month_day_match_year_differs,0.38095238095238093,L600,L600,LAR,LAR,1,1,0.9611111111111111,0.9611111111111111,1.0,1.0,0.30952380952380953,0.40506329113924056,1.0,1.0
P00217,1,person_00217,person_00217,EMS000217,,Antonio,,Stokes,,,2023-08-17,Male,Two or More Races,Not Hispanic or Latino,"64421 Chad Lodge, West Morganmouth, VI 55514",934.420.1654x23567,,Hoffman PLC Hospital,2025-06-10 10:36:52.190851,EHR000217,MRN100217,Antonio,,Stokes,,Antonio Clarke,2023-08-17,Male,Two or More Races,Not Hispanic or Latino,"64421 Chad Lodge, West Morganmouth, VI 55514",934.420.1654x23567,sgomez@example.net,2025-06-10 11:07:52.190851,0,1.0,1.0,1.0,exact,1.0,S322,S322,STAC,STAC,1,1,1.0,1.0,1.0,1.0,1.0,1.0,1.0,1.0
P00401,0,person_00401a,person_00401b,EMS000401,,Chloe,S.,Baker,,,1956-03-31,Female,,Not Hispanic or Latino,,+1-609-912-3753x028,,Yu and Sons Hospital,2025-06-18 10:11:42.226528,EHR000401,MRN200151,Danielle,,Bennett,,,2002-12-17,Female,White,Hispanic or Latino,"65240 Kelly Square Suite 481, Clarkeview, TX 02633",964.988.2159,,2024-12-19 09:57:42.517998,0,0.3833333333333333,0.5619047619047619,0.0,no_match,,B260,B530,BACAR,BANAT,0,0,0.3833333333333333,0.3833333333333333,0.5619047619047619,0.5619047619047619,,,0.5497076023391813,0.565079365079365
P00190,1,person_00190,person_00190,EMS000190,,Ricarod,G.,Thomas,,,2001-10-16,Male,Black or African American,Unknown,"23467 Miranda Expressway, West Christopherville, KY 08924",401.516.8646x2252,,Johnson-Young Hospital,2025-10-18 10:25:17.531077,EHR000190,MRN100190,Ricardo,Gregory,Thomas,,,2001-10-16,Male,Black or African American,Not Hispanic or Latino,"USCGC Hale, FPO AE 22573",401.516.8646x2252,,2025-10-18 11:16:17.531077,0,0.9714285714285714,1.0,1.0,exact,0.2716049382716049,T520,T520,TAN,TAN,1,1,0.9714285714285714,0.9714285714285714,1.0,1.0,0.2222222222222222,0.28205128205128205,1.0,1.0
P00309,0,person_00309a,person_00309b,EMS000309,,Lisa,Amanda,Swanson,,,1999-06-13,Female,Two or More Races,Hispanic or Latino,,423-612-6163,,"Tran, Morgan and Medina Hospital",2025-10-01 07:48:17.628430,EHR000309,MRN200059,Mary,Cindy,Cole,,,1947-01-05,Female,White,Not Hispanic or Latino,"5493 James Hill Suite 871, Port Heatherton, IN 97101",001-581-487-6920x828,rebeccaromero@example.net,2024-10-23 08:47:55.186698,0,0.0,0.0,0.0,no_match,,S525,C400,SWANSAN,CAL,0,0,0.0,0.0,0.0,0.0,,,0.5015873015873016,0.47083333333333344
P00259,0,person_00259a,person_00259b,EMS000259,,Eric,,Cruz,,,1944-12-24,Male,Unknown,Not Hispanic or Latino,"46226 Steven Corner Suite 160, West David, NY 50831",+1-770-976-6046x41978,,"Thomas, Snyder and Orozco Hospital",2024-10-30 13:54:13.117202,EHR000259,MRN200009,Veronica,Kim,Reyes,,,1994-10-05,Female,Two or More Races,Not Hispanic or Latino,"943 Graham Mountain Suite 017, Richardsonstad, KS 56298",340-784-2456x07540,schmidtrandy@example.org,2024-11-07 06:26:07.554095,0,0.8333333333333334,0.4833333333333334,0.0,no_match,0.41509433962264153,C620,R200,CR,RAY,0,0,0.7083333333333334,0.8333333333333334,0.0,0.4833333333333334,0.37735849056603776,0.4,0.5105820105820106,0.4918650793650794
P00105,1,person_00105,person_00105,EMS000105,,Alex,William,Campbell,,,1944-07-16,Male,Unknown,Not Hispanic or Latino,"183 Price Inlet Suite 208, West Timothyport, ID 47742",312-504-6187x23460,,Boyer and Sons Hospital,2026-02-20 00:01:00.895463,EHR000105,MRN100105,Alex,William,Campbell,,,1942-07-16,Male,White,Not Hispanic or Latino,"12073 Fisher Turnpike, Boltonmouth, UT 04660",312-504-6187x23460,cwise@example.org,2026-02-20 01:07:00.895463,0,1.0,1.0,0.7,month_day_match_year_differs,0.35051546391752575,C514,C514,CANPBAL,CANPBAL,1,1,1.0,1.0,1.0,1.0,0.3298969072164949,0.39130434782608686,1.0,1.0
P00053,1,person_00053,person_00053,EMS000053,MRN100053,Jamie,,Barton,,,1958-09-21,Female,White,Not Hispanic or Latino,,226-378-8861,,Evans-Patton Hospital,2026-05-23 02:43:36.996907,EHR000053,MRN100053,Jamie,,Barton,,,1958-09-21,Female,White,Not Hispanic or Latino,"42626 Ward Course, West Seanview, CT 17868",226-378-8861,angela99@example.com,2026-05-23 03:31:36.996907,1,1.0,1.0,1.0,exact,,B635,B635,BARTAN,BARTAN,1,1,1.0,1.0,1.0,1.0,,,1.0,1.0
P00389,0,person_00389a,person_00389b,EMS000389,,Jonathan,John,Williams,,,2015-10-10,Male,Asian,Not Hispanic or Latino,"869 Gregory Square Suite 534, West Kristinahaven, MP 79666",001-527-739-6159x76405,,Adams-Tran Hospital,2026-06-06 05:28:59.806995,EHR000389,MRN200139,Jonathan,Stephen,Porter,,,1962-11-12,Male,White,Not Hispanic or Latino,"90384 Megan Neck Apt. 627, East Brian, HI 23496",+1-327-811-1757x6917,brianphillips@example.net,2025-05-28 21:15:51.343247,0,1.0,0.0,0.0,no_match,0.4,W452,P636,WALAN,PARTAR,0,0,1.0,1.0,0.0,0.0,0.38095238095238093,0.43999999999999995,0.6835497835497836,0.6407407407407407
P00001,1,person_00001,person_00001,EMS000001,,Madison,H.,Wood,,,1950-07-25,Female,White,,"969 Cox Dam Suite 101, Lake Ernest, TX 55834",505.964.1395,,"Brown, James and Ferrell Hospital",2024-12-12 13:11:26.122961,EHR000001,MRN100001,Madison,Holly,Wood,,,1950-07-25,Female,Unknown,Not Hispanic or Latino,"283 Steven Groves, Lake Mark, WI 07832",505.964.1395,pwilkerson@example.com,2024-12-12 13:26:26.122961,0,1.0,1.0,1.0,exact,0.46341463414634143,W300,W300,WAD,WAD,1,1,1.0,1.0,1.0,1.0,0.46341463414634143,0.42105263157894735,1.0,1.0
P00441,0,person_00441a,person_00441b,EMS000441,,John,Roberto,Bates,,,2024-04-12,Male,White,Not Hispanic or Latino,"99716 Mckinney Mews Suite 667, Phillipsfurt, NC 31241",644.400.9522,,Browning-Harper Hospital,2025-01-29 19:22:51.474239,EHR000441,MRN200191,Richard,Marcus,Krueger,,,1947-12-24,Male,White,Not Hispanic or Latino,"3907 Michael Haven, Powerschester, AR 15445",279-211-5010x16260,,2025-03-09 07:37:47.896373,0,0.4642857142857142,0.4476190476190476,0.0,no_match,0.35416666666666663,B320,K626,BAT,CRAGAR,0,0,0.4642857142857142,0.4642857142857142,0.4476190476190476,0.4476190476190476,0.33333333333333337,0.3516483516483516,0.5,0.5555555555555555
P00482,0,person_00482a,person_00482b,EMS000482,,Walter,,Romero,,,2016-05-11,Male,White,Unknown,"8060 Michelle Isle, Levineberg, IN 18140",(271)348-5819x7015,,"Martin, Smith and Cobb Hospital",2025-12-15 00:28:18.362371,EHR000482,MRN200232,Brandi,Lisa,Bell,,,1984-12-12,Female,Black or African American,Not Hispanic or Latino,"523 Janet Port, Wilkinsonview, OK 85362",779.758.2915,,2024-10-30 00:29:35.218448,0,0.4444444444444444,0.4722222222222221,0.0,no_match,0.3291139240506329,R560,B400,RANAR,BAL,0,0,0.4444444444444444,0.4444444444444444,0.4722222222222221,0.4722222222222221,0.30379746835443033,0.31999999999999995,0.5145502645502645,0.5904761904761905
P00049,1,person_00049,person_00049,EMS000049,,Kristina,T.,Grnt,,,1943-05-26,Female,White,Unknown,,,,"Morris, Campbell and Owens Hospital",2026-06-29 15:59:32.184017,EHR000049,MRN100049,Kristina,Tracy,Grant,,,1943-05-26,Female,White,Not Hispanic or Latino,"1751 Brett Lane, Port Charlesshire, VA 88509",+1-337-935-4033,heatherpadilla@example.com,2026-06-29 16:57:32.184017,0,1.0,0.9466666666666665,1.0,exact,,G653,G653,GRD,GRAD,1,0,1.0,1.0,0.9466666666666665,0.9466666666666665,,,,
P00419,0,person_00419a,person_00419b,EMS000419,,Maria,Erica,Williams,,,1968-09-19,Female,Asian,Unknown,"Unit 1568 Box 9109, DPO AP 57898",697.680.2344x568,,Bond-Doyle Hospital,2025-02-11 17:45:47.359000,EHR000419,MRN200169,Allison,Pam,Hall,,,2004-01-06,Female,White,Not Hispanic or Latino,"0163 Christie Neck Apt. 783, West Brandifort, MN 59877",001-429-327-3186x830,,2025-04-06 09:23:47.229523,0,0.5619047619047619,0.5833333333333334,0.0,no_match,0.41860465116279066,W452,H400,WALAN,HAL,0,0,0.4476190476190476,0.5619047619047619,0.5833333333333334,0.5833333333333334,0.37209302325581395,0.3855421686746988,0.5750000000000001,0.640491452991453
P00080,1,person_00080,person_00080,EMS000080,,Jacqueline,Alexis,Morirs,,,2009-10-26,Female,Unknown,Not Hispanic or Latino,"50648 Brittney Causeway, Lake Maryton, UT 15677",889.285.6257x532,,Wallace-Martinez Hospital,2026-02-17 09:54:48.158772,EHR000080,MRN100080,Jacqueline,Alexis,Morris,,,2009-10-26,Female,White,Not Hispanic or Latino,"335 Anderson Lights, Garyton, ME 38620",889.285.6257x532,jeffreymercer@example.org,2026-02-17 10:45:48.158772,0,1.0,0.9611111111111111,1.0,exact,0.4,M662,M620,MARAR,MAR,0,0,1.0,1.0,0.9611111111111111,0.9611111111111111,0.3764705882352941,0.4,1.0,1.0
P00205,1,person_00205,person_00205,EMS000205,,Benjamin,Joshua,Coooper,,,1999-07-27,Male,White,Not Hispanic or Latino,"Unit 3820 Box 2368, DPO AP 33600",001-685-457-1617x68802,,Simpson-Patel Hospital,2025-01-16 02:46:13.102855,EHR000205,MRN100205,Benjamin,Joshua,Cooper,,,1999-07-27,Male,White,Not Hispanic or Latino,"Unit 3820 Box 2368, DPO AP 33600",001-685-457-1617x68802,brandon90@example.net,2025-01-16 03:53:13.102855,0,1.0,0.9666666666666667,1.0,exact,1.0,C160,C160,CAPAR,CAPAR,1,1,1.0,1.0,0.9666666666666667,0.9666666666666667,1.0,1.0,1.0,1.0
P00034,1,person_00034,person_00034,EMS000034,,Matt,,Tayloor,,,1957-11-30,Male,Unknown,,"246 Christina Garden, Lopezland, NC 47766",+1-986-314-3410x369,,Ashley PLC Hospital,2024-09-11 04:34:16.141257,EHR000034,MRN100034,Matthew,Rick,Taylor,,,1957-11-30,Male,White,Hispanic or Latino,"779 Rebecca Brook, Jasonberg, OH 95821",+1-986-314-3410x369,copelandvincent@example.net,2024-09-11 05:44:16.141257,0,0.9142857142857143,0.9714285714285714,1.0,exact,0.30379746835443033,T460,T460,TAYLAR,TAYLAR,1,1,0.9142857142857143,0.9142857142857143,0.9714285714285714,0.9714285714285714,0.2784810126582279,0.29333333333333333,1.0,1.0
P00263,0,person_00263a,person_00263b,EMS000263,,Karen,Molly,Carter,,,1968-07-04,Female,White,Hispanic or Latino,"6876 Dale Vista, Katherineshire, WV 15152",001-925-965-2373x4151,,Montgomery-Jackson Hospital,2026-05-27 20:56:02.290848,EHR000263,MRN200013,Jill,,Cobb,,Jill Lyons,1984-08-23,Female,Black or African American,Not Hispanic or Latino,"84035 Reeves Inlet, New Cynthia, NJ 93965",642.422.9464x303,greenjennifer@example.net,2025-09-11 17:02:19.859336,0,0.0,0.4722222222222221,0.0,no_match,0.36585365853658536,C636,C100,CARTAR,CAB,0,0,0.0,0.0,0.4722222222222221,0.4722222222222221,0.29268292682926833,0.3589743589743589,0.501984126984127,0.5548373195432018
P00427,0,person_00427a,person_00427b,EMS000427,,Alexandra,J.,Armstrong,,,1978-09-11,Female,White,Not Hispanic or Latino,"66497 Christine Mission, South Evelynside, IN 29133",539-610-1612x59016,,Moon-Kidd Hospital,2026-05-15 10:36:15.149310,EHR000427,MRN200177,Crystal,Valerie,Lewis,,,2017-11-02,Female,Black or African American,Not Hispanic or Latino,"348 Juan Views Suite 101, Snyderborough, AZ 10188",681-416-0499x100,hernandezanna@example.com,2026-07-07 11:38:05.331967,0,0.4179894179894179,0.4370370370370371,0.0,no_match,0.30000000000000004,A652,L200,ARNSTRANG,LAE,0,0,0.4179894179894179,0.4179894179894179,0.4370370370370371,0.4370370370370371,0.30000000000000004,0.276595744680851,0.6944444444444443,0.6529914529914529
P00366,0,person_00366a,person_00366b,EMS000366,,Jeffrey,,Avila,,,2019-05-08,Male,White,Hispanic or Latino,,385-518-6267,,Murray PLC Hospital,2025-11-16 08:47:11.692503,EHR000366,MRN200116,Aaron,,Jones,,,1945-05-23,Male,White,Not Hispanic or Latino,"39218 Michael Ferry, Mclaughlinland, NC 63005",306-677-6106x59208,kaylahowell@example.com,2026-07-29 21:43:39.399883,0,0.4476190476190476,0.0,0.0,no_match,,A140,J520,AVAL,JAN,0,0,0.4476190476190476,0.4476190476190476,0.0,0.0,,,0.5787037037037037,0.5555555555555555
P00091,1,person_00091,person_00091,EMS000091,,Sarah,,White,,,1990-04-07,Female,Unknown,Hispanic or Latino,"5257 Griffin Trail Suite 781, Lake Catherine, MP 37281",(623)414-9135x775,,Vance and Sons Hospital,2025-04-15 23:33:56.293860,EHR000091,MRN100091,Sarah,Brenda,White,,,1989-04-07,Female,Black or African American,Hispanic or Latino,"90878 Kelly Cliff, Coreyshire, NM 43866",(623)414-9135x775,lindsey62@example.org,2025-04-15 23:56:56.293860,0,1.0,1.0,0.7,month_day_match_year_differs,0.3655913978494624,W300,W300,WAT,WAT,1,1,1.0,1.0,1.0,1.0,0.34408602150537637,0.38636363636363635,1.0,1.0
P00339,0,person_00339a,person_00339b,EMS000339,,Joshua,,Johnson,,,2018-01-21,Male,Asian,Not Hispanic or Latino,"88098 Gary Crossing, Port Darylburgh, IN 23534",,,"Gray, Flowers and Rivera Hospital",2026-07-20 08:41:39.978781,EHR000339,MRN200089,Joshua,Robert,Lopez,III,Joshua Reyes,1939-06-28,Male,White,Not Hispanic or Latino,"453 Brittany Throughway, Port Timothychester, WY 98945",001-982-835-4695x10030,,2026-07-26 23:09:08.969178,0,1.0,0.4476190476190476,0.0,no_match,0.4,J525,L120,JANSAN,LAP,0,0,1.0,1.0,0.4476190476190476,0.4476190476190476,0.38,0.41666666666666663,,
P00473,0,person_00473a,person_00473b,EMS000473,,Amanda,Michelle,Porter,,,1957-08-01,Female,White,Not Hispanic or Latino,"17039 Garcia Club Suite 590, Port Danielton, MS 60795",001-749-707-8692,,Vasquez LLC Hospital,2025-08-07 02:51:38.308063,EHR000473,MRN200223,Paul,Jacob,Cochran,,,1953-02-11,Male,Two or More Races,Not Hispanic or Latino,"6353 Tucker Garden Suite 589, Williamston, NH 17289",(388)534-1335,jonesjake@example.net,2026-05-18 09:41:12.067102,0,0.4722222222222221,0.5396825396825397,0.0,no_match,0.42307692307692313,P636,C265,PARTAR,CACRAN,0,0,0.4722222222222221,0.4722222222222221,0.5396825396825397,0.5396825396825397,0.42307692307692313,0.4489795918367348,0.3616452991452992,0.2846153846153847
P00052,1,person_00052,person_00052,EMS000052,,Richard,,Hodge,,,1939-09-20,Male,,Not Hispanic or Latino,"16315 Novak Islands Apt. 477, West Angela, MS 57104",001-826-714-2939,,Frazier Ltd Hospital,2026-02-10 04:07:21.204568,EHR000052,MRN100052,Richard,Keith,Hodge,,,1939-09-20,Male,White,Not Hispanic or Latino,"39740 Gabrielle Harbors, East Sarahmouth, AK 27653",001-826-714-2939,icampos@example.net,2026-02-10 05:01:21.204568,0,1.0,1.0,1.0,exact,0.37623762376237624,H320,H320,HADG,HADG,1,1,1.0,1.0,1.0,1.0,0.3366336633663366,0.3789473684210526,1.0,1.0
P00345,0,person_00345a,person_00345b,EMS000345,,Cassandra,April,Miller,,,1943-07-05,Female,White,Not Hispanic or Latino,,+1-594-479-5074x0717,,"Howard, Wolf and Sanchez Hospital",2025-11-23 14:21:36.887791,EHR000345,MRN200095,Michael,Kevin,Diaz,,,1933-04-29,Male,White,Not Hispanic or Latino,"06493 Mejia Bridge, Lake Phyllis, DE 00894",652-303-6089x411,veronicarogers@example.net,2025-01-04 11:31:10.304974,0,0.5026455026455027,0.4722222222222221,0.0,no_match,,M460,D200,MALAR,D,0,0,0.4179894179894179,0.5026455026455027,0.4722222222222221,0.4722222222222221,,,0.5597222222222222,0.5094017094017094
P00264,0,person_00264a,person_00264b,EMS000264,,Gregory,Christopher,Farrell,,,1960-07-08,Male,White,Unknown,"287 Timothy Light Apt. 153, Jamieberg, KY 80276",001-313-757-7908x33506,,Garcia PLC Hospital,2024-11-23 05:12:55.554110,EHR000264,MRN200014,Kimberly,Angela,Yates,,,1973-02-02,Female,White,Not Hispanic or Latino,"2337 Billy Rest, Andrealand, WA 25406",001-312-284-0333x9977,kristy13@example.com,2024-10-30 02:19:17.146934,0,0.6011904761904762,0.5619047619047619,0.0,no_match,0.33333333333333337,F640,Y320,FARAL,YAT,0,0,0.6011904761904762,0.6011904761904762,0.5619047619047619,0.5619047619047619,0.30952380952380953,0.35,0.8576266870384518,0.8358471593765713
P00241,1,person_00241,person_00241,EMS000241,,Robert,Justin,Bishop,,,2009-12-26,Male,,Unknown,"69918 Potts Groves Apt. 107, Lake Michael, NJ 40270",900.203.8960,,Dunn-Wilson Hospital,2025-07-10 02:03:19.899593,EHR000241,MRN100241,Robert,Justin,Bishop,,,2009-12-26,Male,White,Not Hispanic or Latino,"69918 Potts Groves Apt. 107, Lake Michael, NJ 40270",900.203.8960,scannon@example.org,2025-07-10 02:28:19.899593,0,1.0,1.0,1.0,exact,1.0,B210,B210,BASAP,BASAP,1,1,1.0,1.0,1.0,1.0,1.0,1.0,1.0,1.0
P00013,1,person_00013,person_00013,EMS000013,,Miguel,Billy,Vuaghn,,,1990-04-01,Male,Unknown,Not Hispanic or Latino,"919 Michael Meadow Suite 185, Port Robertfort, CT 57323",(672)762-8498x776,,Hudson-Barnett Hospital,2025-02-24 07:43:52.341202,EHR000013,MRN100013,Miguel,Billy,Vaughn,,,1990-04-01,Male,White,Not Hispanic or Latino,"919 Michael Meadow Suite 185, Port Robertfort, CT 57323",(672)762-8498x776,mariahmiller@example.com,2025-02-24 08:40:52.341202,0,1.0,0.9500000000000001,1.0,exact,1.0,V250,V250,VAGN,VAGN,1,1,1.0,1.0,0.9500000000000001,0.9500000000000001,1.0,1.0,1.0,1.0
P00315,0,person_00315a,person_00315b,EMS000315,,Aaron,,Rose,,,1973-03-02,Male,Unknown,Unknown,"78826 Jason Rue Suite 910, Lake Mitchelltown, PA 06725",859.891.4492x07492,,"Kennedy, Sanders and Wilson Hospital",2025-11-27 16:51:34.053735,EHR000315,MRN200065,Ronald,Martin,Malone,,,2001-07-14,Male,Unknown,Not Hispanic or Latino,"84285 Walsh Port Apt. 259, West Andrewhaven, FM 41080",001-493-823-1234,delliott@example.com,2024-09-15 22:58:11.616908,0,0.6555555555555556,0.611111111111111,0.0,no_match,0.39252336448598135,R200,M450,RAS,MALAN,0,0,0.5888888888888889,0.6555555555555556,0.611111111111111,0.611111111111111,0.3551401869158879,0.4117647058823529,0.4659391534391535,0.5255189255189255
P00088,1,person_00088,person_00088,EMS000088,,Dawn,,Rivera,,,1998-01-30,Female,White,Not Hispanic or Latino,"015 Allen Row Apt. 056, South Jonathanport, AK 68247",(381)782-6886,,Robertson-Hicks Hospital,2025-05-20 17:46:07.404512,EHR000088,MRN100088,Dawn,,Rivera,,,1998-01-30,Female,White,Not Hispanic or Latino,"9094 Tyler Plaza, Charlesmouth, NC 29331",(381)782-6886,nicolealvarado@example.com,2025-05-20 18:37:07.404512,0,1.0,1.0,1.0,exact,0.34782608695652173,R160,R160,RAVAR,RAVAR,1,1,1.0,1.0,1.0,1.0,0.28260869565217395,0.36363636363636365,1.0,1.0
P00387,0,person_00387a,person_00387b,EMS000387,,Claudia,Helen,Krause,,,2021-05-21,Female,White,Not Hispanic or Latino,,+1-710-853-0215x167,,Green-Bennett Hospital,2025-08-28 18:45:28.730300,EHR000387,MRN200137,Sharon,Lisa,Rivera,,Sharon Collins,1939-04-12,Female,White,Unknown,"47642 Wagner Valley, Foleyville, MD 62427",985.751.2817,andersonbrittany@example.net,2024-11-10 02:37:46.383063,0,0.4365079365079365,0.5555555555555555,0.0,no_match,,K620,R160,CRAS,RAVAR,0,0,0.4365079365079365,0.4365079365079365,0.4444444444444444,0.5555555555555555,,,0.5077276524644946,0.6654761904761904
P00273,0,person_00273a,person_00273b,EMS000273,,Valerie,,Wright,,,1973-01-11,Female,White,Not Hispanic or Latino,"423 Yang Terrace Suite 271, Michaelside, WA 30329",741-916-5972x63475,,Simpson Ltd Hospital,2024-12-21 10:01:37.866863,EHR000273,MRN200023,Brian,Kevin,Stout,,,1997-03-08,Male,White,Not Hispanic or Latino,"9131 Jennifer Wells, Phelpsberg, VT 45086",+1-356-726-1499,,2026-08-25 07:34:33.770378,0,0.4476190476190476,0.4555555555555555,0.0,no_match,0.33333333333333337,W623,S330,WRAGT,STAT,0,0,0.4476190476190476,0.4476190476190476,0.4555555555555555,0.4555555555555555,0.33333333333333337,0.3571428571428571,0.62996632996633,0.6919191919191919
P00166,1,person_00166,person_00166,EMS000166,,Gloria,K.,Miller,,,2002-05-16,Female,White,Not Hispanic or Latino,"PSC 0489, Box 2673, APO AP 82337",001-481-215-5626x060,,"Pearson, Terry and Barron Hospital",2026-02-23 17:03:01.998818,EHR000166,MRN100166,Gloria,Kathy,Miller,,Gloria Watson,2002-05-16,Female,White,Not Hispanic or Latino,"86326 Hardin Mount, Sherrymouth, FL 01804",001-481-215-5626x060,robert84@example.net,2026-02-23 17:43:01.998818,0,1.0,1.0,1.0,exact,0.3561643835616438,M460,M460,MALAR,MALAR,1,1,1.0,1.0,1.0,1.0,0.3287671232876712,0.3768115942028986,1.0,1.0
P00328,0,person_00328a,person_00328b,EMS000328,,Austin,,Harmon,,,1992-11-25,Male,,Unknown,"995 Kimberly Prairie, Colonville, IN 59972",724-836-5858,,"Welch, Smith and Haynes Hospital",2025-03-08 21:14:44.032243,EHR000328,MRN200078,Deanna,,Jones,,,2001-03-19,Female,White,Not Hispanic or Latino,"0615 Timothy Point, Ramirezburgh, PA 81690",4714669063,,2026-05-23 08:38:05.954373,0,0.5555555555555555,0.0,0.0,no_match,0.33333333333333337,H655,J520,HARNAN,JAN,0,0,0.4444444444444444,0.5555555555555555,0.0,0.0,0.30952380952380953,0.32499999999999996,0.4111111111111112,0.4222222222222223
P00492,0,person_00492a,person_00492b,EMS000492,,Diana,C.,Jones,,,1940-07-04,Female,Black or African American,Not Hispanic or Latino,"USS Collins, FPO AA 11763",,,"Roberts, Lopez and Mccoy Hospital",2025-06-13 09:33:17.511209,EHR000492,MRN200242,Robert,Steven,Chavez,,,1958-10-09,Male,White,Hispanic or Latino,"310 Dan Valleys Suite 645, Martinezberg, NH 43508",+1-979-240-7403x37449,johnrodriguez@example.org,2026-08-08 12:13:55.753598,0,0.0,0.4555555555555555,0.0,no_match,0.32432432432432434,J520,C120,JAN,CAV,0,0,0.0,0.0,0.4555555555555555,0.4555555555555555,0.2702702702702703,0.28985507246376807,,
P00134,1,person_00134,person_00134,EMS000134,,Maark,,Jenkins,,,2019-10-12,Male,White,,"PSC 7220, Box 0543, APO AA 33450",918.519.5883,,Jensen-Wu Hospital,2026-05-08 13:12:36.352192,EHR000134,MRN100134,Mark,Joseph,Jenkins,,,2019-10-12,Male,White,Not Hispanic or Latino,"279 Courtney Tunnel, Michaeltown, OH 31386",918.519.5883,brian12@example.net,2026-05-08 14:00:36.352192,0,0.9466666666666665,1.0,1.0,exact,0.2702702702702703,J525,J525,JANCAN,JANCAN,1,1,0.9466666666666665,0.9466666666666665,1.0,1.0,0.2162162162162162,0.2857142857142857,1.0,1.0
P00306,0,person_00306a,person_00306b,EMS000306,,Jennifer,Laura,Adams,IV,,1989-03-20,Female,,Not Hispanic or Latino,"9701 Garza Summit Suite 292, Lake Johnton, IN 33268",001-801-362-3419x0310,,Kennedy PLC Hospital,2025-03-25 05:40:36.069744,EHR000306,MRN200056,Matthew,,Martinez,,,1965-09-10,Male,White,Not Hispanic or Latino,"Unit 6847 Box 3236, DPO AA 25142",+1-937-674-6040x67200,,2025-01-06 12:34:00.292799,0,0.42261904761904767,0.3833333333333333,0.0,no_match,0.43373493975903604,A352,M635,ADAN,MARTAN,0,0,0.42261904761904767,0.42261904761904767,0.44166666666666665,0.3833333333333333,0.36144578313253023,0.4810126582278481,0.6309523809523809,0.5861928104575163
P00480,0,person_00480a,person_00480b,EMS000480,MRN300230,Hailey,Bianca,Peterson,,,1981-09-28,Female,Unknown,,"412 Sanchez Stravenue, North Kristenview, KS 70108",+1-254-687-5311,,"Warren, Webb and Gillespie Hospital",2024-12-04 09:39:38.087888,EHR000480,MRN200230,Kendra,,Smith,II,,1954-03-07,Female,White,Not Hispanic or Latino,"55078 Pierce Route Suite 860, North Jeremy, OR 17548",(813)817-0195,stephanierowe@example.net,2026-04-14 16:25:31.387013,0,0.0,0.44166666666666665,0.0,no_match,0.43137254901960786,P362,S530,PATARSAN,SNAT,0,0,0.0,0.0,0.44166666666666665,0.44166666666666665,0.4509803921568627,0.41237113402061853,0.5094017094017094,0.5848484848484848
P00319,0,person_00319a,person_00319b,EMS000319,,Brian,C.,Ford,,,2005-10-19,Male,Unknown,Unknown,"10217 Curtis Fields, Aprilchester, GA 75542",+1-557-397-3638,,"Jones, Curtis and Giles Hospital",2025-03-11 16:41:05.971967,EHR000319,MRN200069,Allen,Darryl,Christensen,,Allen Moyer,1932-11-02,Male,White,Not Hispanic or Latino,"1770 Valencia Parks Apt. 682, West Kathyfurt, ND 19326",722-235-5216,amber71@example.net,2025-10-20 03:26:21.825734,0,0.46666666666666656,0.446969696969697,0.0,no_match,0.3711340206185567,F630,C623,FAD,CRASTANSAN,0,0,0.46666666666666656,0.46666666666666656,0.446969696969697,0.446969696969697,0.3711340206185567,0.3516483516483516,0.5880952380952381,0.5181818181818182
P00243,1,person_00243,person_00243,EMS000243,,Michael,Marco,Ramirez,,,1943-09-09,Male,Unknown,Not Hispanic or Latino,"Unit 3483 Box 1520, DPO AE 92034",,,Harris and Sons Hospital,2025-07-20 12:46:31.124386,EHR000243,MRN100243,Michael,Marco,Ramirez,,Michael Harris,1943-09-09,Male,White,Not Hispanic or Latino,"Unit 3483 Box 1520, DPO AE 92034",271.607.0449x641,ysimpson@example.com,2025-07-20 14:14:31.124386,0,1.0,1.0,1.0,exact,1.0,R562,R562,RANAR,RANAR,1,1,1.0,1.0,1.0,1.0,1.0,1.0,,
P00054,1,person_00054,person_00054,EMS000054,,Isaac,,Le,,,1977-10-05,Male,White,Not Hispanic or Latino,,752.365.4793x5646,,Benton Group Hospital,2026-03-13 21:56:35.327375,EHR000054,MRN100054,Isaac,Tony,Le,,,1977-10-05,Male,White,Not Hispanic or Latino,"24065 Brock Isle Suite 569, West Malik, UT 26827",752.365.4793x5646,brittanygardner@example.net,2026-03-13 22:25:35.327375,0,1.0,1.0,1.0,exact,,L000,L000,L,L,1,1,1.0,1.0,1.0,1.0,,,1.0,1.0
P00363,0,person_00363a,person_00363b,EMS000363,,Nancy,M.,Velasquez,,,1958-03-15,Female,White,Not Hispanic or Latino,"8878 Smith Mountain, Port Gabrielstad, RI 90038",(885)519-5377x4926,,"Burnett, Brewer and Jackson Hospital",2025-07-14 14:16:39.130933,EHR000363,MRN200113,Jason,Derrick,Chavez,,,1977-12-21,Male,Two or More Races,Not Hispanic or Latino,"59206 Norma Keys, East Lisaberg, AK 86237",(492)729-4115x630,katherine96@example.org,2025-08-03 14:18:10.681086,0,0.46666666666666656,0.6203703703703703,0.0,no_match,0.36363636363636365,V422,C120,VALASG,CAV,0,0,0.46666666666666656,0.46666666666666656,0.5,0.6203703703703703,0.34090909090909094,0.3373493975903614,0.6797385620915032,0.6039377289377289
P00050,1,person_00050,person_00050,EMS000050,,Matt,Eric,Wrad,,,2014-07-12,Male,White,Unknown,"3556 Anna Forges Apt. 048, Phillipsborough, MA 30650",(493)978-5477x7252,,"Johnson, Bradford and Landry Hospital",2026-07-30 10:15:07.901323,EHR000050,MRN100050,Matthew,Eric,Ward,,,2014-07-12,Male,White,Not Hispanic or Latino,"3556 Anna Forges Apt. 048, Phillipsborough, MA 30650",(493)978-5477x7252,sabrinaweaver@example.net,2026-07-30 11:04:07.901323,0,0.9142857142857143,0.9249999999999999,1.0,exact,1.0,W630,W630,WRAD,WAD,1,0,0.9142857142857143,0.9142857142857143,0.9249999999999999,0.9249999999999999,1.0,1.0,1.0,1.0
P00456,0,person_00456a,person_00456b,EMS000456,,David,,Jacobson,,,,Male,White,Unknown,"096 Cox Turnpike Suite 240, Lake Daniel, NJ 83869",,,Moore LLC Hospital,2024-12-21 15:06:11.083651,EHR000456,MRN200206,Mary,Michelle,Villegas,,,1997-10-06,Female,Two or More Races,Not Hispanic or Latino,"224 Haley Pine, Port Lisa, MT 88805",323.665.4018,joseph48@example.com,2026-08-19 21:21:36.843772,0,0.4833333333333334,0.41666666666666674,,missing,0.40476190476190477,J212,V422,JACABSAN,VALAG,0,0,0.4833333333333334,0.4833333333333334,0.41666666666666674,0.41666666666666674,0.40476190476190477,0.45569620253164556,,
P00174,1,person_00174,person_00174,EMS000174,,Megan,,hCambers,,,1964-03-12,Female,Black or African American,Not Hispanic or Latino,"2017 Mayer Mills Apt. 304, Jamesport, AS 94585",237.550.4793,,Arnold Ltd Hospital,2025-08-30 15:54:12.192524,EHR000174,MRN100174,Megan,,Chambers,,,1964-03-12,Female,Black or African American,Not Hispanic or Latino,"2017 Mayer Mills Apt. 304, Jamesport, AS 94585",237.550.4793,rrodriguez@example.net,2025-08-30 16:53:12.192524,0,1.0,0.9583333333333334,1.0,exact,1.0,H251,C516,HCANBAR,CANBAR,0,0,1.0,1.0,0.9583333333333334,0.9583333333333334,1.0,1.0,1.0,1.0
P00445,0,person_00445a,person_00445b,EMS000445,,Tyler,,Patel,,,1960-10-13,Male,White,Not Hispanic or Latino,"PSC 4171, Box 6578, APO AP 25204",001-912-395-6518,,Hernandez-White Hospital,2025-06-19 11:20:33.762003,EHR000445,MRN200195,Andrew,,Marks,,,1964-12-17,Male,Black or African American,Not Hispanic or Latino,"4928 Hoffman Overpass, Danielleton, SC 31029",+1-802-293-0112x5018,khill@example.org,2025-12-12 23:26:43.434579,0,0.4111111111111112,0.46666666666666656,0.0,no_match,0.34210526315789463,P340,M620,PATAL,MARC,0,0,0.4111111111111112,0.4111111111111112,0.46666666666666656,0.46666666666666656,0.2894736842105263,0.36111111111111116,0.6444444444444445,0.711965811965812
P00189,1,person_00189,person_00189,EMS000189,,Mnoica,,Sulilvan,,,1970-03-01,Male,White,Not Hispanic or Latino,"9183 Martin Meadow Suite 488, Willischester, WV 95875",950.466.3370x5024,,Rodriguez PLC Hospital,2024-11-23 10:54:00.205921,EHR000189,MRN100189,Monica,Jacqueline,Sullivan,,,1970-03-01,Female,White,Not Hispanic or Latino,"7491 Dyer Crossing Suite 923, Kruegerstad, NY 93447",950.466.3370x5024,john92@example.org,2024-11-23 11:08:00.205921,0,0.9500000000000001,0.9708333333333333,1.0,exact,0.40384615384615385,S441,S415,SALALVAN,SALAVAN,0,0,0.9500000000000001,0.9500000000000001,0.9708333333333333,0.9708333333333333,0.40384615384615385,0.40816326530612246,1.0,1.0
P00496,0,person_00496a,person_00496b,EMS000496,,Valerie,S.,Weber,,,2003-04-04,Female,Unknown,Hispanic or Latino,"2331 Joseph Greens Apt. 773, Chasestad, MD 95480",(819)622-1882x20631,,Aguilar-Jacobs Hospital,2025-06-04 03:46:45.224772,EHR000496,MRN200246,Mark,Mitchell,Poole,,,1945-06-09,Male,Two or More Races,Not Hispanic or Latino,"693 Hunter Island, South Melaniechester, KY 02460",423.491.9325,gtrujillo@example.org,2025-11-13 07:13:37.618724,0,0.5952380952380952,0.46666666666666656,0.0,no_match,0.3711340206185567,W160,P400,WABAR,PAL,0,0,0.5952380952380952,0.5952380952380952,0.46666666666666656,0.46666666666666656,0.35051546391752575,0.3695652173913043,0.4266081871345029,0.47777777777777763
P00187,1,person_00187,person_00187,EMS000187,,Brenda,Kathleen,Harris,,,1966-05-11,Female,White,Unknown,"21298 Joel Common, Hardyport, GA 95092",001-703-455-3380x33968,,Sanchez and Sons Hospital,2024-10-20 07:22:35.287431,EHR000187,MRN100187,Brenda,Kathleen,Harris,,,1966-05-11,Female,White,Not Hispanic or Latino,"975 Joshua Row, New Latoyachester, SD 38309",001-703-455-3380x33968,esoto@example.com,2024-10-20 08:42:35.287431,0,1.0,1.0,1.0,exact,0.345679012345679,H620,H620,HAR,HAR,1,1,1.0,1.0,1.0,1.0,0.32098765432098764,0.33766233766233766,1.0,1.0
P00169,1,person_00169,person_00169,EMS000169,,Travis,,Butlre,,,1945-02-17,Male,White,Not Hispanic or Latino,"728 Heather Motorway Suite 028, Sandraville, PA 54059",715-694-0821,,"Fisher, Zuniga and Torres Hospital",2024-12-12 00:21:40.649191,EHR000169,MRN100169,Travis,Nicholas,Butler,,,1946-02-17,Male,White,Not Hispanic or Latino,"728 Heather Motorway Suite 028, Sandraville, PA 54059",715-694-0821,kevin70@example.org,2024-12-12 00:48:40.649191,0,1.0,0.9666666666666667,0.7,month_day_match_year_differs,1.0,B346,B346,BATLR,BATLAR,1,0,1.0,1.0,0.9666666666666667,0.9666666666666667,1.0,1.0,1.0,1.0
P00058,1,person_00058,person_00058,EMS000058,,Victor,,Wgner,,,1977-09-06,Male,White,Not Hispanic or Latino,,001-778-281-9148,,"Potter, Evans and Kidd Hospital",2026-02-18 19:26:06.060419,EHR000058,MRN100058,Victor,,Wagner,III,,1977-09-06,Male,White,Unknown,"772 Ariana Underpass Apt. 404, New Keith, WI 60443",001-778-281-9148,bpayne@example.org,2026-02-18 20:42:06.060419,0,1.0,0.9500000000000001,1.0,exact,,W256,W256,WGNAR,WAGNAR,1,0,1.0,1.0,0.9500000000000001,0.9500000000000001,,,1.0,1.0
P00048,1,person_00048,person_00048,EMS000048,,Laurra,Laura,Barton,,,2008-05-29,Female,Unknown,Not Hispanic or Latino,,8564856624,,Shaffer Inc Hospital,2026-05-18 14:26:08.949524,EHR000048,MRN100048,Laura,Laura,Barton,,,2008-05-29,Female,,Not Hispanic or Latino,"836 Hill Point, Lake Erika, OH 65463",8564856624,oallen@example.com,2026-05-18 15:49:08.949524,0,0.9666666666666667,1.0,1.0,exact,,B635,B635,BARTAN,BARTAN,1,1,0.9666666666666667,0.9666666666666667,1.0,1.0,,,1.0,1.0
P00344,0,person_00344a,person_00344b,EMS000344,MRN300094,Kimberly,Erin,Brown,,,2008-03-17,Female,White,Not Hispanic or Latino,"PSC 0657, Box 9551, APO AA 52545",(739)320-9085,,Hale-Miller Hospital,2025-04-17 09:05:25.839975,EHR000344,MRN200094,Alyssa,Wanda,Garcia,,,1952-11-06,Female,Asian,Unknown,"USS Ford, FPO AP 51343",490-425-4760,sullivanchristine@example.org,2026-07-03 03:58:47.460081,0,0.0,0.4555555555555555,0.0,no_match,0.3703703703703704,B650,G620,BRAON,GARC,0,0,0.0,0.0,0.4555555555555555,0.4555555555555555,0.4074074074074075,0.3921568627450981,0.5337606837606838,0.5333333333333333
P00235,1,person_00235,person_00235,EMS000235,,Keli,,Hart,,,2022-07-21,Female,White,,"4079 Danny Alley, New Nichole, NC 13197",331.670.8760,,"Green, Salazar and Gonzales Hospital",2026-05-07 01:04:46.359576,EHR000235,MRN100235,Kelli,,Hart,III,,2022-07-21,Female,White,Hispanic or Latino,"4079 Danny Alley, New Nichole, NC 13197",331.670.8760,lwebb@example.org,2026-05-07 02:03:46.359576,0,0.9533333333333333,1.0,1.0,exact,1.0,H630,H630,HAD,HAD,1,1,0.9533333333333333,0.9533333333333333,1.0,1.0,1.0,1.0,1.0,1.0
P00252,0,person_00252a,person_00252b,EMS000252,,Gary,,Lewis,,,2000-04-29,Male,Two or More Races,Unknown,"USS Bruce, FPO AP 13938",867.402.4403x30416,,Walker-Hester Hospital,2026-03-10 07:43:53.264787,EHR000252,MRN200002,Miranda,Pamela,Perry,,,1932-01-23,Female,Unknown,Not Hispanic or Latino,"96394 Coleman Summit, West Joshuaborough, CT 35139",+1-597-864-6136x8474,kaiserjessica@example.com,2026-02-03 04:05:08.898336,0,0.4285714285714286,0.46666666666666656,0.0,no_match,0.3835616438356164,L200,P600,LAE,PARY,0,0,0.4285714285714286,0.4285714285714286,0.46666666666666656,0.46666666666666656,0.3013698630136986,0.37142857142857144,0.5518518518518518,0.6222222222222222
P00021,1,person_00021,person_00021,EMS000021,,Carolyn,A.,Pitts,,,1989-07-14,Female,White,Hispanic or Latino,"74740 Santana Springs, North Scott, MI 77515",664-674-3671x3695,,"Osborne, Beltran and Lozano Hospital",2024-09-05 02:24:14.735345,EHR000021,MRN100021,Carolyn,Angela,Pitts,,,1989-07-14,Female,White,Hispanic or Latino,"74740 Santana Springs, North Scott, MI 77515",664-674-3671x3695,spencedominique@example.com,2024-09-05 03:27:14.735345,0,1.0,1.0,1.0,exact,1.0,P320,P320,PAT,PAT,1,1,1.0,1.0,1.0,1.0,1.0,1.0,1.0,1.0
P00313,0,person_00313a,person_00313b,EMS000313,,Kyle,,Griffith,,,2005-06-18,Male,White,Not Hispanic or Latino,"91373 Richard Islands, North Nicole, PR 05056",001-211-298-7561x7868,,Avila Group Hospital,2025-05-07 16:52:27.571072,EHR000313,MRN200063,Laurie,Felicia,Perry,,,1982-11-20,Female,Black or African American,Unknown,"65774 Morrow Ranch, Lake Rebeccatown, FM 81904",+1-636-359-5201x49118,jeremiah68@example.com,2024-09-18 10:50:54.244694,0,0.611111111111111,0.44166666666666665,0.0,no_match,0.3516483516483516,G613,P600,GRAFAT,PARY,0,0,0.4722222222222221,0.611111111111111,0.44166666666666665,0.44166666666666665,0.3296703296703297,0.37209302325581395,0.6309523809523809,0.4735644257703082
P00459,0,person_00459a,person_00459b,EMS000459,,Kelli,,Hamilton,,,1973-05-29,Female,White,Not Hispanic or Latino,"0617 Monica Way Suite 901, Christineland, CO 03950",,,"Villarreal, Ryan and Savage Hospital",2026-05-09 01:31:50.121994,EHR000459,MRN200209,James,,Bates,,James Green,2014-11-28,Male,White,Hispanic or Latino,"3596 Smith Harbors, Katherinetown, SD 44426",(969)437-5402x42861,laurie14@example.org,2025-04-28 13:31:19.065261,0,0.0,0.5499999999999999,0.0,no_match,0.4086021505376344,H543,B320,HANALTAN,BAT,0,0,0.0,0.0,0.5499999999999999,0.5499999999999999,0.4086021505376344,0.3908045977011494,,
P00160,1,person_00160,person_00160,EMS000160,MRN100160,oBnnie,Mary,Colllier,,,1980-05-13,Female,,Not Hispanic or Latino,"4996 Katherine Valleys Suite 926, Davishaven, MA 61256",+1-432-678-8147x61742,,Palmer PLC Hospital,2025-10-06 16:12:09.201239,EHR000160,MRN100160,Bonnie,Mary,Collier,,,1979-05-13,Female,Unknown,Not Hispanic or Latino,"4996 Katherine Valleys Suite 926, Davishaven, MA 61256",+1-432-678-8147x61742,alexandraphillips@example.org,2025-10-06 17:04:09.201239,1,0.9444444444444445,0.975,0.7,month_day_match_year_differs,1.0,C460,C460,CALAR,CALAR,1,1,0.9444444444444445,0.9444444444444445,0.975,0.975,1.0,1.0,1.0,1.0
P00276,0,person_00276a,person_00276b,EMS000276,,Kyle,,Berry,,,2015-05-07,Male,Asian,Not Hispanic or Latino,"270 Savannah Underpass, Port Sarahport, CT 46252",+1-829-982-1739x29578,,"Adkins, Duncan and Thompson Hospital",2025-01-14 13:44:36.531910,EHR000276,MRN200026,Holly,Cynthia,Roth,,,1948-07-21,Female,White,Not Hispanic or Latino,"79181 Buck Port Suite 834, Derekborough, LA 82596",(666)961-7071x58796,kelli08@example.org,2024-11-03 08:01:36.638755,0,0.4833333333333334,0.0,0.0,no_match,0.3917525773195877,B600,R300,BARY,RAT,0,0,0.4833333333333334,0.4833333333333334,0.0,0.0,0.30927835051546393,0.39130434782608686,0.5008354218880534,0.5111111111111111
P00443,0,person_00443a,person_00443b,EMS000443,,Terry,,Brown,,,1934-03-30,Male,White,Not Hispanic or Latino,"87810 Nash Place, East Alisonbury, MA 92122",515-989-2909x304,,Burgess and Sons Hospital,2024-11-07 08:02:48.539142,EHR000443,MRN200193,Jennifer,,Ferguson,,,1991-09-19,Female,White,Not Hispanic or Latino,"26815 Chan Square, Kaylatown, VI 46046",001-931-510-5833x096,smontgomery@example.org,2025-10-31 04:07:33.310719,0,0.44166666666666665,0.5499999999999999,0.0,no_match,0.3703703703703704,B650,F622,BRAON,FARGASAN,0,0,0.44166666666666665,0.44166666666666665,0.5499999999999999,0.5499999999999999,0.32098765432098764,0.33766233766233766,0.6549242424242424,0.603454415954416
P00191,1,person_00191,person_00191,EMS000191,,Karina,,Hdges,Jr.,,1929-07-25,Female,Black or African American,Not Hispanic or Latino,"91843 Hayes Spur, Robertsonborough, AL 84134",001-759-765-5553x56690,,Smith-Ward Hospital,2026-02-10 22:38:47.983244,EHR000191,MRN100191,Karina,,Hodges,Jr.,,1931-07-25,Female,Black or African American,Not Hispanic or Latino,"901 Alexa Avenue, Morrisonview, NM 62528",001-759-765-5553x56690,smithmonica@example.com,2026-02-10 23:07:47.983244,0,1.0,0.9500000000000001,0.7,month_day_match_year_differs,0.4285714285714286,H322,H322,HDG,HADG,1,0,1.0,1.0,0.9500000000000001,0.9500000000000001,0.38095238095238093,0.42500000000000004,1.0,1.0
P00385,0,person_00385a,person_00385b,EMS000385,,Charles,Micheal,May,,,1978-08-29,Male,White,Unknown,"20319 Pierce Ramp, North Christopherview, AZ 02231",947.813.1719,,"Garner, Ruiz and Chan Hospital",2026-01-05 23:40:00.565971,EHR000385,MRN200135,Peter,Stephen,Moore,III,,2024-06-29,Male,Unknown,Not Hispanic or Latino,"841 Bruce Roads, Underwoodmouth, VI 48297",4113375358,kennedygarrett@example.net,2026-05-03 16:26:15.271761,0,0.39523809523809517,0.5111111111111111,0.0,no_match,0.3296703296703297,M000,M600,MY,MAR,0,0,0.39523809523809517,0.39523809523809517,0.5111111111111111,0.5111111111111111,0.2857142857142857,0.3448275862068966,0.5055555555555555,0.6
P00293,0,person_00293a,person_00293b,EMS000293,,Jacob,J.,Marshall,,,2007-04-23,Male,Black or African American,Not Hispanic or Latino,"PSC 4895, Box 4787, APO AA 99777",001-398-699-9275x175,,Obrien-King Hospital,2025-07-31 12:47:27.806193,EHR000293,MRN200043,Crystal,Tammy,Nguyen,,,1953-05-28,Female,White,Not Hispanic or Latino,"58644 Santiago Field Apt. 435, Jamesmouth, OR 68673",(714)533-9527,rwashington@example.net,2025-05-06 13:41:07.512478,0,0.4476190476190476,0.0,0.0,no_match,0.36144578313253023,M624,N250,MARSAL,NGAYAN,0,0,0.0,0.4476190476190476,0.0,0.0,0.3132530120481928,0.3291139240506329,0.5342490842490842,0.6027777777777777
P00413,0,person_00413a,person_00413b,EMS000413,,Jessica,Melissa,Calhoun,,,1946-03-07,Female,White,,,987.218.8822x378,,Barnes LLC Hospital,2025-06-06 19:53:17.217247,EHR000413,MRN200163,Joseph,James,Jones,,,2000-02-18,Male,White,Hispanic or Latino,"564 Adkins Ports Suite 605, Parksview, OK 51202",383.209.7236,berrydonald@example.org,2024-12-04 21:45:22.262052,0,0.5317460317460317,0.0,0.0,no_match,,C450,J520,CALAN,JAN,0,0,0.5317460317460317,0.5317460317460317,0.0,0.0,,,0.5972222222222222,0.5760683760683761
P00343,0,person_00343a,person_00343b,EMS000343,MRN300093,Victoria,Angelica,Gordon,,,2005-04-03,Female,White,Not Hispanic or Latino,"432 Gutierrez Point Apt. 652, Joshuafort, WI 15648",,,"Costa, Evans and Herman Hospital",2026-04-06 17:11:26.217214,EHR000343,MRN200093,Jennifer,,Cohen,,,1937-03-10,Female,White,Not Hispanic or Latino,"574 Matthew Drive, Morenofurt, VI 36284",+1-660-667-3983,amyponce@example.com,2025-06-05 16:26:01.276707,0,0.5,0.5777777777777778,0.0,no_match,0.449438202247191,G635,C500,GARDAN,CAHAN,0,0,0.5,0.5,0.5777777777777778,0.5777777777777778,0.4269662921348315,0.42352941176470593,,
P00257,0,person_00257a,person_00257b,EMS000257,,Raymond,J.,Gallegos,,,1946-11-09,Male,White,Not Hispanic or Latino,"USCGC Moore, FPO AP 28112",001-665-543-5884x183,,Hines PLC Hospital,2026-01-07 20:32:59.118885,EHR000257,MRN200007,Matthew,Cody,Taylor,,,1986-05-30,Male,Unknown,Not Hispanic or Latino,"905 Crystal Ways Apt. 267, Matthewville, HI 47425",927-582-0797x9966,jennifer95@example.com,2025-04-06 10:55:43.027327,0,0.4285714285714286,0.625,0.0,no_match,0.32432432432432434,G422,T460,GALAG,TAYLAR,0,0,0.4285714285714286,0.4285714285714286,0.625,0.625,0.2702702702702703,0.3098591549295775,0.4398692810457516,0.3561507936507937
P00308,0,person_00308a,person_00308b,EMS000308,MRN300058,Christine,,Gutierrez,,,2025-04-11,Female,Unknown,Not Hispanic or Latino,"233 Nathan Camp Suite 096, West Dawnmouth, MH 27906",553-291-1498,,Stanley and Sons Hospital,2025-01-21 13:26:45.145637,EHR000308,MRN200058,Matthew,Michael,Smith,,,2010-08-28,Male,White,Hispanic or Latino,"5118 Sandy Harbors, South Heatherstad, WV 59792",+1-420-519-0432,oconnorjames@example.org,2025-04-02 16:13:56.218405,0,0.47619047619047605,0.374074074074074,0.0,no_match,0.40816326530612246,G362,S530,GATAR,SNAT,0,0,0.47619047619047605,0.47619047619047605,0.374074074074074,0.374074074074074,0.40816326530612246,0.39130434782608686,0.6083333333333333,0.5181818181818182
P00149,1,person_00149,person_00149,EMS000149,MRN100149,William,James,Shelton,,,1945-03-03,Male,Two or More Races,Not Hispanic or Latino,"889 Alvarez Walk Apt. 806, Troyfurt, RI 89169",,,Miranda-Mitchell Hospital,2025-06-10 09:36:24.663335,EHR000149,MRN100149,William,James,Shelton,,,1945-03-03,Male,Unknown,Not Hispanic or Latino,"87734 Henry Green, Lisaside, ND 02817",001-606-416-7567x70028,tjordan@example.net,2025-06-10 10:14:24.663335,1,1.0,1.0,1.0,exact,0.29268292682926833,S435,S435,SALTAN,SALTAN,1,1,1.0,1.0,1.0,1.0,0.29268292682926833,0.33333333333333337,,
P00130,1,person_00130,person_00130,EMS000130,,Cathy,,Guerrero,,,1937-11-08,Female,White,,"00642 Conway Ports Apt. 877, Powellland, ND 30103",+1-662-371-2863x917,,Cruz Ltd Hospital,2026-03-20 22:35:00.070534,EHR000130,MRN100130,Cathy,Elizabeth,Guerrero,,,1937-11-08,Female,White,Not Hispanic or Latino,"5421 Waters Light Suite 504, Gregoryland, NM 26803",+1-662-371-2863x917,jonesashley@example.com,2026-03-20 23:32:00.070534,0,1.0,1.0,1.0,exact,0.34343434343434337,G660,G660,GARAR,GARAR,1,1,1.0,1.0,1.0,1.0,0.303030303030303,0.4086021505376344,1.0,1.0
P00151,1,person_00151,person_00151,EMS000151,,Luara,,Garica,,,1962-07-30,Female,Two or More Races,Not Hispanic or Latino,"94563 Reid Turnpike Apt. 834, Brandonshire, MO 30108",+1-519-719-5419x876,,"Edwards, Perry and King Hospital",2025-07-12 10:00:47.745048,EHR000151,MRN100151,Laura,Rhonda,Garcia,,Laura Leonard,1962-07-30,Female,Two or More Races,Not Hispanic or Latino,"94563 Reid Turnpike Apt. 834, Brandonshire, MO 30108",+1-519-719-5419x876,pearsonkevin@example.com,2025-07-12 11:02:47.745048,0,0.94,0.9611111111111111,1.0,exact,1.0,G620,G620,GARAC,GARC,1,0,0.94,0.94,0.9611111111111111,0.9611111111111111,1.0,1.0,1.0,1.0
P00359,0,person_00359a,person_00359b,EMS000359,,Amanda,,Ramirez,,,1971-10-13,Female,White,Not Hispanic or Latino,"93900 Phyllis Well, Danielville, IL 96686",256.858.9635x957,,"Foster, Underwood and Guerra Hospital",2025-09-02 15:56:29.024188,EHR000359,MRN200109,Dean,,Ward,,,1959-01-02,Male,White,Not Hispanic or Latino,"6311 Sarah Plaza Suite 034, East Maria, GA 88417",001-220-633-4742x4631,,2026-01-18 12:20:42.116237,0,0.611111111111111,0.4285714285714286,0.0,no_match,0.3146067415730337,R562,W630,RANAR,WAD,0,0,0.611111111111111,0.611111111111111,0.5952380952380952,0.4285714285714286,0.2921348314606742,0.30952380952380953,0.498015873015873,0.4929110105580694
P00099,1,person_00099,person_00099,EMS000099,,TTara,Cheryl,Mclaughlin,,,1954-12-21,Female,Two or More Races,Not Hispanic or Latino,"33395 Kimberly Crest Apt. 790, Port Timothymouth, NM 75804",,,Stewart-Smith Hospital,2026-01-22 05:43:22.997688,EHR000099,MRN100099,Tara,Cheryl,Mclaughlin,,,1952-12-21,Female,Two or More Races,Not Hispanic or Latino,"33395 Kimberly Crest Apt. 790, Port Timothymouth, NM 75804",972-284-6392x086,phillip27@example.org,2026-01-22 06:03:22.997688,0,0.94,1.0,0.7,month_day_match_year_differs,1.0,M242,M242,MCLAGLAN,MCLAGLAN,1,1,0.94,0.94,1.0,1.0,1.0,1.0,,
P00372,0,person_00372a,person_00372b,EMS000372,,Erin,C.,Burnett,,,2005-03-01,Female,White,Not Hispanic or Latino,"6734 Booth Parks, Lake Timothyfurt, GA 78159",(891)643-3629x9946,,Webster-Martinez Hospital,2025-04-27 05:10:35.314878,EHR000372,MRN200122,Rachel,Melissa,Rodriguez,,Rachel Patel,1983-04-20,Female,White,Hispanic or Latino,"352 Janet Plains, Alvaradoport, MH 38182",(946)748-8499,xjackson@example.com,2026-01-30 19:26:28.343245,0,0.4722222222222221,0.5026455026455027,0.0,no_match,0.38095238095238093,B653,R362,BARNAT,RADRAG,0,0,0.0,0.4722222222222221,0.5026455026455027,0.5026455026455027,0.38095238095238093,0.3846153846153846,0.6749287749287749,0.638095238095238
P00087,1,person_00087,person_00087,EMS000087,,Billy,,Thomas,III,,1936-07-21,Male,White,,"Unit 1228 Box 1606, DPO AA 73455",540.766.6580x04397,,Anderson-Silva Hospital,2025-07-24 00:50:32.038263,EHR000087,MRN100087,William,Michael,Thomas,III,,1936-07-21,Male,White,Not Hispanic or Latino,"057 Christina Spring, Lake Deborah, MS 31643",540.766.6580x04397,kimberlybrandt@example.com,2025-07-24 01:24:32.038263,0,0.6761904761904761,1.0,1.0,exact,0.3157894736842105,T520,T520,TAN,TAN,1,1,0.6761904761904761,0.6761904761904761,1.0,1.0,0.26315789473684215,0.3287671232876712,1.0,1.0
P00458,0,person_00458a,person_00458b,EMS000458,,Douglas,M.,Hernandez,,,1971-01-01,Female,Two or More Races,Not Hispanic or Latino,"6334 Stephanie Glens, South Nathan, WA 69551",(469)840-8654x2438,,"Blair, Newman and Estrada Hospital",2026-07-13 20:43:02.743579,EHR000458,MRN200208,Debra,Gina,Wall,,,1985-07-14,Female,White,Not Hispanic or Latino,"470 Ashley Valley Suite 453, Carolynfort, MO 43510",7476188300,andreaherring@example.org,2026-08-20 09:43:33.527884,0,0.5619047619047619,0.4537037037037037,0.0,no_match,0.4042553191489362,H655,W400,HARNAND,WAL,0,0,0.5619047619047619,0.5619047619047619,0.4537037037037037,0.4537037037037037,0.36170212765957444,0.36363636363636365,0.525925925925926,0.6206349206349207
P00330,0,person_00330a,person_00330b,EMS000330,,Ashley,C.,Smith,,,1971-12-30,Female,,,"6694 Johnson Crest Apt. 533, Mooremouth, KS 57841",(262)615-9183x2700,,"Martinez, Perry and Morrison Hospital",2025-01-22 07:18:45.046113,EHR000330,MRN200080,Traci,Lori,Johnson,Sr.,,1937-02-06,Female,Asian,Not Hispanic or Latino,"771 Johnson Summit Suite 938, Port Jenniferview, OK 00897",931-852-0499x80949,pfowler@example.org,2025-11-04 09:35:29.278116,0,0.4555555555555555,0.4476190476190476,0.0,no_match,0.45283018867924535,S530,J525,SNAT,JANSAN,0,0,0.0,0.4555555555555555,0.4476190476190476,0.4476190476190476,0.45283018867924535,0.5544554455445545,0.5185185185185185,0.5603174603174603
P00214,1,person_00214,person_00214,EMS000214,,Donna,Brittany,Ford,,,2014-10-03,Female,Unknown,Not Hispanic or Latino,"22889 West Curve, Kellychester, AZ 93924",001-363-939-9129x71024,,Ray-Gomez Hospital,2024-12-26 03:17:33.159383,EHR000214,MRN100214,Donna,Brittany,Ford,,,2014-10-03,Female,White,Not Hispanic or Latino,"22889 West Curve, Kellychester, AZ 93924",001-363-939-9129x71024,gibsongeoffrey@example.com,2024-12-26 03:43:33.159383,0,1.0,1.0,1.0,exact,1.0,F630,F630,FAD,FAD,1,1,1.0,1.0,1.0,1.0,1.0,1.0,1.0,1.0
P00466,0,person_00466a,person_00466b,EMS000466,,Amy,,Larsen,,,1997-05-19,Female,Unknown,Not Hispanic or Latino,"42168 Robert Parkway, East Gloria, SC 65934",(962)369-9620x834,,"Johnson, Spears and Mcintyre Hospital",2026-01-06 15:22:11.448450,EHR000466,MRN200216,Mary,Madison,Nielsen,,,2020-08-23,Female,Asian,Not Hispanic or Latino,"87032 Anthony Rue, Durhamview, OH 45013",+1-672-743-8712x951,rachelshepherd@example.com,2025-09-07 23:39:27.843801,0,0.8055555555555555,0.5317460317460317,0.0,no_match,0.36585365853658536,L625,N425,LARSAN,NALSAN,0,0,0.5277777777777778,0.8055555555555555,0.5317460317460317,0.5317460317460317,0.3414634146341463,0.3589743589743589,0.5195505102625846,0.5744810744810745
P00121,1,person_00121,person_00121,EMS000121,,Richard,E.,Hogde,,,1996-02-04,Male,Unknown,Unknown,"0915 Small Cove, Andrewport, SC 28005",480.378.2357x845,,Gonzalez-Mitchell Hospital,2026-02-02 12:17:01.996210,EHR000121,MRN100121,Richard,Eric,Hodge,,,1998-02-04,Male,White,Unknown,"3574 Alicia Extensions, West Kristenborough, PW 12638",480.378.2357x845,jamiejohnson@example.com,2026-02-02 13:23:01.996210,0,1.0,0.9466666666666665,0.7,month_day_match_year_differs,0.3555555555555555,H230,H320,HAGD,HADG,0,0,1.0,1.0,0.9466666666666665,0.9466666666666665,0.33333333333333337,0.3529411764705882,1.0,1.0
P00499,0,person_00499a,person_00499b,EMS000499,,April,Brandi,Brown,,,1973-05-02,Female,White,Unknown,"87416 Tracy Square Suite 365, East Colleenmouth, MI 44019",600-651-0819,,Acosta-Torres Hospital,2025-11-20 09:31:01.039176,EHR000499,MRN200249,Melissa,Alexandria,Barnes,,Melissa Ferrell,1943-06-14,Female,White,Not Hispanic or Latino,"83034 Natalie Route, Jamesmouth, MA 27332",001-816-892-8091,,2026-05-02 23:23:09.358109,0,0.39523809523809517,0.7300000000000001,0.0,no_match,0.4285714285714286,B650,B652,BRAON,BARN,0,0,0.39523809523809517,0.39523809523809517,0.7300000000000001,0.7300000000000001,0.4285714285714286,0.4301075268817204,0.6861111111111112,0.6801282051282053
P00020,1,person_00020,person_00020,EMS000020,,Michele,Roberta,Hguhes,,,2008-08-19,Female,White,Not Hispanic or Latino,"16117 Heather Burgs Apt. 504, Nicholasberg, IA 70122",702.862.1745x961,,Knight-Sparks Hospital,2025-11-24 05:26:14.440999,EHR000020,MRN100020,Michele,Roberta,Hughes,,Michele Alvarado,2008-08-19,Female,,Not Hispanic or Latino,"Unit 7028 Box 9517, DPO AE 69438",702.862.1745x961,courtney78@example.org,2025-11-24 06:16:14.440999,0,1.0,0.9500000000000001,1.0,exact,0.33333333333333337,H220,H220,HGAH,HAG,1,0,1.0,1.0,0.9500000000000001,0.9500000000000001,0.30952380952380953,0.4444444444444444,1.0,1.0
P00188,1,person_00188,person_00188,EMS000188,,Lia,Elizabeth,Ray,,,2022-08-06,Female,Unknown,Unknown,,,,Smith PLC Hospital,2026-06-30 09:37:11.381074,EHR000188,MRN100188,Lisa,Elizabeth,Ray,,,2022-08-06,Female,White,Not Hispanic or Latino,"56627 Henderson Ridge Suite 270, Simmonsland, WV 39852",+1-982-382-4674x746,derrick73@example.org,2026-06-30 10:04:11.381074,0,0.9333333333333333,1.0,1.0,exact,,R000,R000,RY,RY,1,1,0.9333333333333333,0.9333333333333333,1.0,1.0,,,,
P00071,1,person_00071,person_00071,EMS000071,,Ericca,V.,Oconnor,,,1970-02-29,Female,White,Hispanic or Latino,"0433 Michael Turnpike Apt. 006, Oconnorburgh, FM 54767",(390)529-5939x1725,,Macias-Bell Hospital,2026-01-01 14:59:01.008319,EHR000071,MRN100071,Erica,Vanessa,Oconnor,,,1972-02-29,Female,White,Hispanic or Latino,"528 Walker Radial Apt. 644, East Jessica, UT 75583",(390)529-5939x1725,toni21@example.net,2026-01-01 16:12:01.008319,0,0.9666666666666667,1.0,0.7,month_day_match_year_differs,0.3846153846153846,O256,O256,OCANAR,OCANAR,1,1,0.9666666666666667,0.9666666666666667,1.0,1.0,0.3653846153846154,0.36,1.0,1.0
P00106,1,person_00106,person_00106,EMS000106,,William,D.,Haamilton,,,1932-02-03,Male,White,,"306 Ramsey Glen Apt. 778, Amyfort, ID 74779",,,Stephens LLC Hospital,2026-03-05 22:29:31.943040,EHR000106,MRN100106,William,David,Hamilton,,,1932-02-03,Male,White,Not Hispanic or Latino,"3009 Barker Drives, Kellibury, GA 66026",495-900-5281,levigrant@example.net,2026-03-05 22:55:31.943040,0,1.0,0.9703703703703703,1.0,exact,0.36585365853658536,H543,H543,HANALTAN,HANALTAN,1,1,1.0,1.0,0.9703703703703703,0.9703703703703703,0.29268292682926833,0.3589743589743589,,
P00270,0,person_00270a,person_00270b,EMS000270,,Debra,,Murphy,,,1966-04-07,Female,White,Not Hispanic or Latino,"603 Alexis Roads, Port Lauraburgh, MO 42775",5979753967,,Hart PLC Hospital,2025-05-15 17:28:45.212917,EHR000270,MRN200020,Patricia,Tammy,Rogers,,,2015-06-14,Female,White,Not Hispanic or Latino,"715 Brown Lakes Suite 082, East Theresaville, DE 72651",001-542-454-7681x826,kimberlygonzalez@example.net,2025-11-12 03:45:40.306785,0,0.3833333333333333,0.4444444444444444,0.0,no_match,0.35051546391752575,M610,R262,MARFY,RAGAR,0,0,0.3833333333333333,0.3833333333333333,0.4444444444444444,0.4444444444444444,0.30927835051546393,0.3296703296703297,0.44999999999999996,0.46666666666666656
P00348,0,person_00348a,person_00348b,EMS000348,MRN300098,Monica,S.,Carroll,,,,Female,White,Not Hispanic or Latino,"Unit 2168 Box 8005, DPO AE 63251",+1-993-418-6928,,Irwin LLC Hospital,2024-09-08 17:08:47.613042,EHR000348,MRN200098,Brendan,,Palmer,,,1946-08-19,Male,White,Not Hispanic or Latino,"02839 Herrera Road, East Elaine, FL 08255",714-547-4328x116,nunezjill@example.net,2024-09-25 13:35:50.014525,0,0.5396825396825397,0.5396825396825397,,missing,0.3287671232876712,C640,P456,CARAL,PALNAR,0,0,0.5396825396825397,0.5396825396825397,0.5396825396825397,0.5396825396825397,0.3013698630136986,0.34285714285714286,0.6097222222222222,0.6297036297036297
P00435,0,person_00435a,person_00435b,EMS000435,,Matthew,,Woods,Sr.,,1935-11-18,Male,White,Unknown,"23116 Garrett Springs, Johnsonfort, SC 56544",753.422.3718,,Fischer-Nichols Hospital,2025-11-20 16:20:43.274813,EHR000435,MRN200185,Jose,Duane,Hunt,,,1969-12-31,Male,Two or More Races,Hispanic or Latino,"PSC 1142, Box 9430, APO AE 04291",001-637-853-9892x3132,carol86@example.com,2024-11-30 19:36:20.508014,0,0.4642857142857142,0.0,0.0,no_match,0.368421052631579,W320,H530,WAD,HAD,0,0,0.4642857142857142,0.4642857142857142,0.0,0.0,0.2894736842105263,0.38888888888888884,0.49603174603174605,0.5610644257703081
P00102,1,person_00102,person_00102,EMS000102,,Jennifer,Lisa,Sullivn,,,2016-10-31,Female,Unknown,Unknown,"55449 Nelson Mills Suite 987, Jacksontown, DC 95891",941.232.6111,,"Moore, Pena and Mcclure Hospital",2024-11-14 02:27:26.417225,EHR000102,MRN100102,Jennifer,Lisa,Sullivan,,,2016-10-31,Female,White,Not Hispanic or Latino,"55449 Nelson Mills Suite 987, Jacksontown, DC 95891",941.232.6111,wisealexandria@example.org,2024-11-14 03:27:26.417225,0,1.0,0.975,1.0,exact,1.0,S415,S415,SALAVN,SALAVAN,1,0,1.0,1.0,0.975,0.975,1.0,1.0,1.0,1.0
