pair_id,is_match,ems_person_id,ehr_person_id,ems_record_id,ems_patient_identifier_mrn,ems_first_name,ems_middle_name,ems_last_name,ems_suffix,ems_previous_name,ems_date_of_birth,ems_birth_sex,ems_race,ems_ethnicity,ems_address,ems_phone_number,ems_email_address,ems_destination_hospital,ems_incident_timestamp,ehr_record_id,ehr_patient_identifier_mrn,ehr_first_name,ehr_middle_name,ehr_last_name,ehr_suffix,ehr_previous_name,ehr_date_of_birth,ehr_birth_sex,ehr_race,ehr_ethnicity,ehr_address,ehr_phone_number,ehr_email_address,ehr_admit_timestamp,tier1_deterministic_match,first_name_similarity,last_name_similarity,dob_similarity,dob_match_type,address_similarity,ems_last_name_soundex,ehr_last_name_soundex,ems_last_name_nysiis,ehr_last_name_nysiis,last_name_soundex_match,last_name_nysiis_match
P00361,0,person_00361a,person_00361b,EMS000361,,Lynn,Cathy,Navarro,,,1964-04-07,Female,White,Not Hispanic or Latino,,280-946-7413,,"Morris, Payne and Howard Hospital",2025-05-31 19:39:04.767744,EHR000361,MRN200111,Matthew,Fred,Smith,,,1993-05-12,Male,White,Not Hispanic or Latino,"60846 Ashley Stravenue Suite 561, Jessicafort, AZ 47887",749-812-1516x41195,andre19@example.net,2026-08-19 12:40:37.702790,0,0.0,0.0,0.0,no_match,,N160,S530,NAVAR,SNAT,0,0
P00073,1,person_00073,person_00073,EMS000073,,Marria,Lauren,Green,,,2005-11-15,Female,White,Not Hispanic or Latino,"3838 Veronica Tunnel, Timothyfort, MI 74642",506.662.5324x4720,,"Morris, Nelson and Johnson Hospital",2024-10-13 17:17:20.759679,EHR000073,MRN100073,Maria,Lauren,Green,,,2007-11-15,Female,White,Not Hispanic or Latino,"72151 Sheri Causeway, New Ryan, VA 52274",506.662.5324x4720,jjenkins@example.com,2024-10-13 18:41:20.759679,0,0.9611111111111111,1.0,0.7,month_day_match_year_differs,0.36144578313253023,G650,G650,GRAN,GRAN,1,1
P00374,0,person_00374a,person_00374b,EMS000374,,Laura,Jennifer,Smith,,,1931-01-10,Female,Unknown,Not Hispanic or Latino,"7485 Sullivan Club Apt. 984, South Stevenport, MP 60575",,,Rivera LLC Hospital,2025-10-09 23:46:23.526260,EHR000374,MRN200124,Jose,,Foster,,,1931-08-08,Male,White,Not Hispanic or Latino,"Unit 1026 Box 2706, DPO AA 38495",+1-790-308-2484,,2026-05-31 07:09:25.408598,0,0.0,0.5777777777777778,0.25,year_match_only,0.3908045977011494,S530,F236,SNAT,FASTAR,0,0
P00155,1,person_00155,person_00155,EMS000155,,Antonio,Kevin,Anderson,,,1966-06-21,Male,White,Not Hispanic or Latino,"561 Reed Knolls, Bellbury, IA 31253",+1-949-811-4152x0850,,Gray-Myers Hospital,2025-11-02 16:34:42.031107,EHR000155,MRN100155,Antonio,Kevin,Anderson,Jr.,,1965-06-21,Male,White,Not Hispanic or Latino,"561 Reed Knolls, Bellbury, IA 31253",+1-949-811-4152x0850,sadams@example.com,2025-11-02 17:44:42.031107,0,1.0,1.0,0.7,month_day_match_year_differs,1.0,A536,A536,ANDARSAN,ANDARSAN,1,1
P00104,1,person_00104,person_00104,EMS000104,,John,,Morgan,,,2004-05-05,Male,White,Unknown,"1416 Erica Forks, Robertstad, NC 70709",4439416518,,"Conrad, Lee and Mclaughlin Hospital",2026-07-23 00:39:12.257071,EHR000104,MRN100104,John,David,Morgan,,,2004-05-05,Male,White,Not Hispanic or Latino,"1416 Erica Forks, Robertstad, NC 70709",4439416518,michael94@example.org,2026-07-23 00:49:12.257071,0,1.0,1.0,1.0,exact,1.0,M625,M625,MARGAN,MARGAN,1,1
P00394,0,person_00394a,person_00394b,EMS000394,,Karen,M.,Robinson,,,1976-11-23,Female,White,Not Hispanic or Latino,"027 Nicholson Ville, Wesleymouth, VT 60665",+1-426-602-9254x68627,,"Ingram, Wells and Lane Hospital",2026-03-28 22:41:46.984680,EHR000394,MRN200144,Adam,Matthew,Bennett,Sr.,,1950-04-25,Male,,Unknown,"353 Alvarez Square, West Cassandra, IL 69839",(287)790-6048x86932,kimberly40@example.com,2026-01-14 05:43:13.198410,0,0.4833333333333334,0.5119047619047619,0.0,no_match,0.37209302325581395,R152,B530,RABANSAN,BANAT,0,0
P00377,0,person_00377a,person_00377b,EMS000377,,Brian,Brian,Shaw,,,1977-02-20,Male,,Not Hispanic or Latino,"05080 Parker Course Suite 774, Thomasstad, SC 28658",(924)578-4171x594,,Decker-Lewis Hospital,2025-07-21 08:44:46.828189,EHR000377,MRN200127,Gavin,John,Ferguson,,,1951-10-10,Male,Two or More Races,Not Hispanic or Latino,"1133 Ronald Camp, Hunterburgh, AS 73484",852-478-7304,gabrielle52@example.org,2025-04-10 12:08:15.251733,0,0.6,0.0,0.0,no_match,0.33333333333333337,S000,F622,S,FARGASAN,0,0
P00124,1,person_00124,person_00124,EMS000124,,LLeon,Michael,Krause,,,1932-12-09,Female,Asian,Not Hispanic or Latino,,214-448-8501x556,,"Evans, Hardy and Stewart Hospital",2025-08-15 03:43:46.595572,EHR000124,MRN100124,Leon,Michael,Krause,,Leon Smith,1932-12-09,Male,Unknown,Not Hispanic or Latino,"396 Williams Keys, North Danielle, UT 37414",214-448-8501x556,markmorgan@example.net,2025-08-15 04:13:46.595572,0,0.94,1.0,1.0,exact,,K620,K620,CRAS,CRAS,1,1
P00068,1,person_00068,person_00068,EMS000068,,Denis,Andrew,Brown,,,2005-08-23,Male,Unknown,Unknown,,(230)431-6179x90421,,"Green, Watson and Brady Hospital",2025-09-11 23:56:09.384562,EHR000068,MRN100068,Dennis,Andrew,Brown,,,2005-08-23,Male,White,Unknown,"6188 Joshua Inlet Apt. 832, Peterland, ME 92077",(230)431-6179x90421,martinstephanie@example.net,2025-09-12 00:13:09.384562,0,0.9611111111111111,1.0,1.0,exact,,B650,B650,BRAON,BRAON,1,1
P00450,0,person_00450a,person_00450b,EMS000450,,Amanda,Kelsey,Haas,,,1952-07-28,Female,Unknown,Not Hispanic or Latino,"58929 Christy Forks Apt. 437, Colemanbury, WI 55221",(628)908-1226x8159,,Burnett-Simmons Hospital,2024-09-20 04:49:09.491310,EHR000450,MRN200200,Daniel,Wyatt,Roy,,,1939-01-18,Male,White,Hispanic or Latino,"Unit 8330 Box 9673, DPO AP 59203",+1-584-921-8914x269,wquinn@example.net,2026-02-13 07:28:38.750087,0,0.5555555555555555,0.0,0.0,no_match,0.3373493975903614,H200,R000,H,RY,0,0
P00009,1,person_00009,person_00009,EMS000009,,Timothhy,David,Martin,,,2006-08-26,Male,White,,"25634 Kristin Coves Suite 073, Port Samantha, MI 40502",730.836.5414,,Johnson-Carlson Hospital,2025-10-28 06:51:13.903805,EHR000009,MRN100009,Timothy,David,Martin,,,2006-08-26,Male,White,Hispanic or Latino,"25634 Kristin Coves Suite 073, Port Samantha, MI 40502",730.836.5414,sheila14@example.org,2025-10-28 08:11:13.903805,0,0.975,1.0,1.0,exact,1.0,M635,M635,MARTAN,MARTAN,1,1
P00194,1,person_00194,person_00194,EMS000194,,Chad,Jonathan,Harris,,,1967-05-11,Male,White,Not Hispanic or Latino,"21298 Joel Common, Hardyport, GA 95092",001-703-455-3380x33968,,Sanchez and Sons Hospital,2024-10-20 07:10:31.287431,EHR000194,MRN100194,Chad,Jonathan,Harris,,,1966-05-11,Male,White,Not Hispanic or Latino,"975 Joshua Row, New Latoyachester, SD 38309",001-703-455-3380x33968,esoto@example.com,2024-10-20 07:46:31.287431,0,1.0,1.0,0.7,month_day_match_year_differs,0.345679012345679,H620,H620,HAR,HAR,1,1
P00406,0,person_00406a,person_00406b,EMS000406,,Jerry,Anthony,Alvarez,,,2019-09-02,Male,White,Hispanic or Latino,,,,"James, Curtis and May Hospital",2025-03-14 21:53:02.153308,EHR000406,MRN200156,Mary,Alicia,Thomas,,,1978-11-20,Female,Two or More Races,Not Hispanic or Latino,"274 Charles Plains Apt. 691, Garrisonburgh, AS 62399",(262)408-0820x3917,qlee@example.com,2025-04-25 08:37:25.114901,0,0.6333333333333333,0.4365079365079365,0.0,no_match,,A416,T520,ALVAR,TAN,0,0
P00084,1,person_00084,person_00084,EMS000084,,Sarah,,Ruiz,IV,,2012-12-19,Female,Unknown,Not Hispanic or Latino,"3816 Gutierrez Ways, East Victoria, MA 54134",001-772-252-1752,,Burns Inc Hospital,2025-10-25 03:16:43.212539,EHR000084,MRN100084,Sarah,,Ruiz,IV,,2012-12-19,Female,Two or More Races,Not Hispanic or Latino,"3816 Gutierrez Ways, East Victoria, MA 54134",001-772-252-1752,hayesjason@example.org,2025-10-25 04:24:43.212539,0,1.0,1.0,1.0,exact,1.0,R200,R200,R,R,1,1
P00371,0,person_00371a,person_00371b,EMS000371,,Anthony,Eric,Torres,,,1943-05-08,Male,White,Not Hispanic or Latino,"62987 Little Neck, Port Lee, MD 97068",(464)864-1962x3421,,Brown LLC Hospital,2026-01-14 21:13:51.472248,EHR000371,MRN200121,Eric,Austin,Mitchell,IV,Eric Carr,1981-03-11,Male,Black or African American,Hispanic or Latino,"7891 Thomas Ridges, Hernandezchester, OR 80377",+1-294-598-1283x180,bhenderson@example.net,2024-12-30 23:07:59.404455,0,0.0,0.5277777777777778,0.0,no_match,0.36144578313253023,T620,M324,TAR,MATCAL,0,0
P00388,0,person_00388a,person_00388b,EMS000388,,Erika,B.,Perez,,,2017-05-16,Female,White,Not Hispanic or Latino,"4235 Smith Hill, East Christineside, DC 72808",001-651-881-6125x590,,Reyes-Burch Hospital,2026-08-21 13:56:15.363621,EHR000388,MRN200138,Carrie,Amy,Simmons,,Carrie Johnson,1938-10-05,Female,White,Hispanic or Latino,"1012 Tonya Crossroad, Jonesland, DC 04349",+1-248-650-7665x3446,patriciagood@example.com,2026-05-14 15:22:18.507055,0,0.5777777777777778,0.0,0.0,no_match,0.48837209302325574,P620,S552,PAR,SANAN,0,0
P00495,0,person_00495a,person_00495b,EMS000495,,Kelly,Kristin,Medina,,,1950-05-03,Female,Asian,Hispanic or Latino,"163 Rickey Pass Suite 851, Sarahton, MI 82776",9964568826,,Snow-Green Hospital,2025-11-16 23:46:09.450715,EHR000495,MRN200245,John,,Holloway,,,1999-06-11,Male,White,Not Hispanic or Latino,"Unit 1472 Box 3735, DPO AA 37557",9787308306,,2025-01-26 12:01:08.475524,0,0.0,0.4305555555555556,0.0,no_match,0.3896103896103897,M350,H400,MADAN,HALAOY,0,0
P00030,1,person_00030,person_00030,EMS000030,,Jenny,,Pugh,,,1970-11-03,Female,,Not Hispanic or Latino,"96120 Julie Forge, Barnesmouth, GA 49004",+1-273-615-8514x93689,,Griffith-Frank Hospital,2026-07-04 08:11:12.530677,EHR000030,MRN100030,Jennifer,Shelly,Pugh,,,1970-11-03,Female,Unknown,Not Hispanic or Latino,"PSC 0494, Box 5198, APO AE 20781",+1-273-615-8514x93689,whitejacqueline@example.com,2026-07-04 09:40:12.530677,0,0.86,1.0,1.0,exact,0.36111111111111116,P200,P200,PAG,PAG,1,1
P00316,0,person_00316a,person_00316b,EMS000316,MRN300066,Jessica,Melissa,Martin,,,1998-06-18,Female,Unknown,Not Hispanic or Latino,"2989 Stephanie Manors Apt. 974, Jorgeborough, VA 03126",464.268.7191,,"Ramos, Henderson and Schultz Hospital",2025-12-07 22:39:08.836104,EHR000316,MRN200066,Kristin,Jennifer,Banks,,,1998-05-06,Female,Black or African American,Hispanic or Latino,"283 John Causeway, East Amberland, MA 69323",+1-814-945-8220,donaldtyler@example.net,2025-09-12 12:46:23.547355,0,0.3571428571428572,0.4555555555555555,0.25,year_match_only,0.3917525773195877,M635,B520,MARTAN,BANC,0,0
P00408,0,person_00408a,person_00408b,EMS000408,,Kendra,Diane,Jones,,,,Female,,Hispanic or Latino,"220 Lopez Pine Suite 226, North Patrick, MO 10026",599.562.3569x992,,"Hale, Spears and Thomas Hospital",2025-04-04 11:42:00.990598,EHR000408,MRN200158,Jose,Michael,Hayes,,,1948-06-14,Male,White,Hispanic or Latino,"PSC 6041, Box 3482, APO AE 69085",493-815-3983x912,,2025-12-19 17:17:47.842453,0,0.4722222222222221,0.6,,missing,0.345679012345679,J520,H200,JAN,HAY,0,0
P00490,0,person_00490a,person_00490b,EMS000490,,Barbara,,Dunn,,,1999-02-22,Female,White,Hispanic or Latino,"297 Marie Ports, Port Thomas, MA 66760",,,Stone-Martin Hospital,2026-05-20 08:04:39.411706,EHR000490,MRN200240,William,,Mckee,,,1974-12-29,Male,White,Not Hispanic or Latino,"1424 Serrano Prairie Suite 262, Carolynhaven, ND 31661",001-612-649-7736x772,cynthiagonzalez@example.com,2025-11-27 23:59:14.453776,0,0.4285714285714286,0.0,0.0,no_match,0.3695652173913043,D500,M200,DAN,MCY,0,0
P00491,0,person_00491a,person_00491b,EMS000491,,William,James,Woods,,,1969-03-29,Male,,Unknown,"80299 Kathryn Fork Suite 804, West Thomas, VI 55388",,,Koch Ltd Hospital,2025-07-03 18:49:47.535263,EHR000491,MRN200241,Jared,,Neal,,,2022-09-19,Male,White,Not Hispanic or Latino,"4920 Robert Rapid, North Caitlin, CO 94588",801-652-7311x722,greensusan@example.com,2026-08-08 11:49:10.408329,0,0.0,0.0,0.0,no_match,0.34408602150537637,W320,N400,WAD,NAL,0,0
P00280,0,person_00280a,person_00280b,EMS000280,,William,,Baker,,,1965-10-31,Male,White,Not Hispanic or Latino,"PSC 3585, Box 1253, APO AP 76386",(718)578-5193,,Rivera-Hudson Hospital,2025-04-13 11:56:29.842549,EHR000280,MRN200030,Lisa,,Crawford,,,1972-02-06,Female,White,Unknown,"USNS Johnson, FPO AA 73769",+1-905-872-1514x9409,valerielewis@example.com,2026-01-21 11:18:50.669547,0,0.6150793650793651,0.3833333333333333,0.0,no_match,0.41379310344827597,B260,C616,BACAR,CRAFAD,0,0
P00356,0,person_00356a,person_00356b,EMS000356,MRN300106,Andrew,,Long,,,1945-03-11,Male,White,Not Hispanic or Latino,"5049 Maxwell Tunnel Suite 407, Myersborough, TX 40631",+1-533-496-5049x627,,Cortez LLC Hospital,2025-05-04 16:32:04.350870,EHR000356,MRN200106,Brandon,Wayne,Scott,,Brandon Floyd,1993-11-17,Male,Two or More Races,Not Hispanic or Latino,"PSC 5854, Box 2188, APO AP 05650",+1-679-391-9623,mbaker@example.net,2025-02-21 01:39:50.937980,0,0.5793650793650794,0.4833333333333334,0.0,no_match,0.3294117647058824,L520,S300,LANG,SCAT,0,0
P00076,1,person_00076,person_00076,EMS000076,,Michaela,Laura,Rosales,,,2003-11-22,Female,White,,"593 Sharon Divide, Juliebury, MI 42380",(715)670-4331,,Wilkerson Group Hospital,2026-02-16 07:33:10.981182,EHR000076,MRN100076,Michaela,Laura,Rosales,,,2003-11-22,Female,White,Not Hispanic or Latino,"593 Sharon Divide, Juliebury, MI 42380",(715)670-4331,lebrandon@example.com,2026-02-16 07:56:10.981182,0,1.0,1.0,1.0,exact,1.0,R242,R242,RASAL,RASAL,1,1
P00461,0,person_00461a,person_00461b,EMS000461,,Charles,,Davis,,,1982-04-08,Male,White,Not Hispanic or Latino,"7183 Christopher Crescent, Hortonfurt, SD 07503",257.789.8497x4997,,"Jones, Berry and Snow Hospital",2025-02-05 08:40:40.509723,EHR000461,MRN200211,Caleb,,Ramirez,,,2011-10-05,Male,Black or African American,Not Hispanic or Latino,"8189 Wanda Branch Suite 173, Richardbury, CT 53969",812.397.5572,mcarlson@example.com,2026-06-28 17:31:03.021580,0,0.8114285714285714,0.5619047619047619,0.0,no_match,0.4329896907216495,D120,R562,DAV,RANAR,0,0
P00497,0,person_00497a,person_00497b,EMS000497,,Lynn,Cynthia,Hicks,,,1943-06-30,Female,Two or More Races,Unknown,"03438 Kelsey Circle Apt. 091, Jeffreyburgh, RI 40768",+1-830-874-1799x654,,Robinson and Sons Hospital,2026-01-30 13:15:51.745042,EHR000497,MRN200247,Heather,Kelly,Lindsey,,Heather Moore,1962-08-29,Female,White,Not Hispanic or Latino,"600 David Camp Apt. 340, Patrickmouth, NV 13881",(451)258-9041,chad66@example.org,2026-04-07 07:38:56.832272,0,0.0,0.5619047619047619,0.0,no_match,0.4040404040404041,H200,L532,HAC,LANDSY,0,0
P00211,1,person_00211,person_00211,EMS000211,,Sophia,,Fletcher,,,1941-03-04,Female,Asian,Not Hispanic or Latino,"7163 Jessica Ferry Apt. 414, Lake Lori, ID 62615",+1-225-568-6211x02258,,"Patton, Garcia and Cross Hospital",2026-02-19 20:31:45.864440,EHR000211,MRN100211,Sophia,,Fletcher,,,1941-03-04,Female,Unknown,Not Hispanic or Latino,"6502 Stacy Shores, Davidfort, OH 65456",+1-225-568-6211x02258,,2026-02-19 21:36:45.864440,0,1.0,1.0,1.0,exact,0.34883720930232553,F432,F432,FLATCAR,FLATCAR,1,1
P00101,1,person_00101,person_00101,EMS000101,,Kevin,P.,Juarez,,,1939-12-11,Male,Unknown,Hispanic or Latino,"14986 Lopez Station Apt. 981, South Diamondmouth, MT 47984",726-694-4869,,White-Hansen Hospital,2026-03-25 17:14:08.307953,EHR000101,MRN100101,Kevin,Patrick,Juarez,,Kevin Horton,1939-12-11,Male,White,Hispanic or Latino,"14986 Lopez Station Apt. 981, South Diamondmouth, MT 47984",726-694-4869,afischer@example.net,2026-03-25 18:07:08.307953,0,1.0,1.0,1.0,exact,1.0,J620,J620,JAR,JAR,1,1
P00334,0,person_00334a,person_00334b,EMS000334,,Adam,Christopher,Curtis,,,1993-11-06,Male,,Unknown,"42114 Kristine Springs, Garrettberg, MA 01646",001-552-729-4620,,"Harvey, Ramos and Griffith Hospital",2025-08-26 15:49:50.081227,EHR000334,MRN200084,Mike,Keith,Reed,,,2004-09-08,Male,White,Not Hispanic or Latino,"37124 Rodney Knolls, Amberfurt, ME 17584",804.312.0270,christina73@example.net,2024-10-13 05:32:29.129684,0,0.0,0.4722222222222221,0.0,no_match,0.44705882352941173,C632,R300,CART,RAD,0,0
P00475,0,person_00475a,person_00475b,EMS000475,,Stacey,,Gay,,,2006-08-08,Female,White,Not Hispanic or Latino,"47947 Karen Ridges Apt. 380, West David, VA 96219",,,Fox and Sons Hospital,2025-09-24 20:01:22.118056,EHR000475,MRN200225,Tyler,,Hall,,Tyler Alexander,1983-12-08,Male,White,Hispanic or Latino,"673 Lori Isle, East Diane, MO 65175",8844886865,michaelalvarado@example.net,2025-01-12 17:34:50.330871,0,0.5777777777777778,0.5277777777777778,0.0,no_match,0.33333333333333337,G000,H400,GY,HAL,0,0
P00336,0,person_00336a,person_00336b,EMS000336,,Jennifer,,Brown,,,1998-05-12,Female,White,Not Hispanic or Latino,"5847 Gonzalez Locks, North Jane, AK 02785",001-862-658-8576,,"Jones, Espinoza and Todd Hospital",2025-02-18 12:49:49.152266,EHR000336,MRN200086,Aaron,Cristian,Lambert,,,2013-07-08,Male,,Not Hispanic or Latino,"74666 Christian Prairie Apt. 832, Smithton, KY 53320",(361)645-9011x07977,,2026-03-14 09:13:18.381370,0,0.44166666666666665,0.0,0.0,no_match,0.32258064516129037,B650,L516,BRAON,LANBAD,0,0
P00440,0,person_00440a,person_00440b,EMS000440,,Brooke,Amber,Schmidt,,,2019-09-26,Female,White,Not Hispanic or Latino,"06190 Barbara Row, East Nathaniel, IN 64648",+1-371-890-0002x956,,Morgan-Cooper Hospital,2025-07-08 18:06:52.998306,EHR000440,MRN200190,Mitchell,,Campbell,,,1977-06-03,Male,White,Not Hispanic or Latino,"9407 Jeremy Heights Suite 323, South Debramouth, NH 70555",001-714-556-4743x70194,moraelizabeth@example.com,2025-07-03 12:05:51.843269,0,0.4305555555555556,0.5119047619047619,0.0,no_match,0.34,S530,C514,SNAD,CANPBAL,0,0
P00173,1,person_00173,person_00173,EMS000173,,Molly,,Rodriguez,,,1936-05-10,Female,Unknown,Not Hispanic or Latino,"01749 Shawn Freeway Apt. 544, Lake Nicholas, WA 32958",858-893-5712,,Miller-Rhodes Hospital,2025-08-13 01:40:24.895396,EHR000173,MRN100173,Molly,Victoria,Rodriguez,,,1936-05-10,Female,White,Not Hispanic or Latino,"01749 Shawn Freeway Apt. 544, Lake Nicholas, WA 32958",858-893-5712,,2025-08-13 02:05:24.895396,0,1.0,1.0,1.0,exact,1.0,R362,R362,RADRAG,RADRAG,1,1
P00002,1,person_00002,person_00002,EMS000002,,Shreri,,Edwards,,,1992-12-05,Female,Unknown,Not Hispanic or Latino,,(626)291-6697,,Rodriguez-Graham Hospital,2026-03-14 14:56:14.592811,EHR000002,MRN100002,Sherri,,Edwards,,,1992-12-05,Female,White,Not Hispanic or Latino,"42388 Burgess Meadow Suite 532, Daviston, VI 14872",(626)291-6697,maldonadoamanda@example.com,2026-03-14 15:52:14.592811,0,0.9555555555555556,1.0,1.0,exact,,E363,E363,EDWARD,EDWARD,1,1
P00333,0,person_00333a,person_00333b,EMS000333,,Thomas,,Tyler,III,,1934-07-03,Male,White,Not Hispanic or Latino,"61995 Steve Key Apt. 391, Port Edwardshire, GA 96152",001-550-214-3748,,James-Clark Hospital,2024-09-26 05:18:12.649071,EHR000333,MRN200083,Bradley,Michael,Porter,,,1988-06-27,Male,White,Not Hispanic or Latino,"22132 Michelle Squares Suite 672, North Catherineland, DE 15274",(961)522-0190x7258,sarafrancis@example.org,2025-10-21 22:13:35.961843,0,0.4365079365079365,0.4111111111111112,0.0,no_match,0.43478260869565216,T460,P636,TYLAR,PARTAR,0,0
P00409,0,person_00409a,person_00409b,EMS000409,,Lisa,Nicole,Jones,,,2001-01-27,Female,Two or More Races,Not Hispanic or Latino,"9134 Alvin Path, Morrisside, NJ 17854",4996865642,,"Herman, May and Wise Hospital",2026-08-14 17:03:13.156343,EHR000409,MRN200159,Brittany,Kelly,Hall,,,2009-09-01,Female,Two or More Races,Not Hispanic or Latino,"6919 Hansen River Suite 298, Lake Vanessastad, MO 70486",(801)875-3079,,2024-12-19 21:25:12.313702,0,0.5833333333333334,0.0,0.0,no_match,0.4565217391304348,J520,H400,JAN,HAL,0,0
P00070,1,person_00070,person_00070,EMS000070,,Cassie,Regina,Jarvis,,,1937-03-17,Female,Unknown,Not Hispanic or Latino,"5187 Miguel Highway Suite 937, Brittanyfort, WI 26115",001-883-620-6038x5050,,Kaufman and Sons Hospital,2025-08-24 14:14:50.742257,EHR000070,MRN100070,Cassie,Regina,Jarvis,,Cassie Finley,1937-03-17,Female,White,Not Hispanic or Latino,"5187 Miguel Highway Suite 937, Brittanyfort, WI 26115",001-883-620-6038x5050,harristonya@example.com,2025-08-24 14:35:50.742257,0,1.0,1.0,1.0,exact,1.0,J612,J612,JARV,JARV,1,1
P00209,1,person_00209,person_00209,EMS000209,,Megan,Tara,Taylor,,,1995-10-01,Female,Two or More Races,Not Hispanic or Latino,"144 Carter Forest, Lake Crystalfurt, IL 40454",4977283215,,"Robertson, Barry and Walls Hospital",2026-08-08 13:02:46.450552,EHR000209,MRN100209,Megan,Tara,Taylor,,Megan Jimenez,1995-10-01,Female,Unknown,Not Hispanic or Latino,"0930 Park Summit, Johnhaven, TX 80349",4977283215,hendersonnicholas@example.com,2026-08-08 13:22:46.450552,0,1.0,1.0,1.0,exact,0.3414634146341463,T460,T460,TAYLAR,TAYLAR,1,1
P00063,1,person_00063,person_00063,EMS000063,,Joon,Michael,Perry,,,2010-06-14,Female,Unknown,Not Hispanic or Latino,"034 Joshua Plain, Garymouth, OK 97824",001-578-881-9148x58078,,Cole LLC Hospital,2025-04-04 15:31:24.539766,EHR000063,MRN100063,Jon,Michael,Perry,,,2010-06-14,Male,White,Not Hispanic or Latino,"034 Joshua Plain, Garymouth, OK 97824",001-578-881-9148x58078,fitzgeralddesiree@example.org,2025-04-04 15:45:24.539766,0,0.9333333333333333,1.0,1.0,exact,1.0,P600,P600,PARY,PARY,1,1
P00384,0,person_00384a,person_00384b,EMS000384,,Amy,,Taylor,,,,Female,Unknown,Not Hispanic or Latino,"73971 Karen Bypass, Jacksonland, CT 27265",+1-469-408-7167,,Harmon-Griffin Hospital,2026-02-14 17:42:01.847009,EHR000384,MRN200134,Sergio,Michael,Ramirez,,,1969-05-17,Male,White,Not Hispanic or Latino,"92817 Shawn Inlet Apt. 602, Port Kevin, PR 17769",(552)616-0252,thomasjessica@example.net,2025-10-30 07:05:19.504356,0,0.0,0.5396825396825397,,missing,0.35955056179775285,T460,R562,TAYLAR,RANAR,0,0
P00093,1,person_00093,person_00093,EMS000093,,Diana,Deborah,Martin,,,2011-01-12,Female,White,Hispanic or Latino,"202 Carlson Trail Suite 798, Charlesmouth, NC 29331",,,Clements PLC Hospital,2025-05-20 17:34:03.404512,EHR000093,MRN100093,Diana,Deborah,Martin,,,2011-01-12,Female,White,Hispanic or Latino,"202 Carlson Trail Suite 798, Charlesmouth, NC 29331",(381)782-6886,,2025-05-20 18:02:03.404512,0,1.0,1.0,1.0,exact,1.0,M635,M635,MARTAN,MARTAN,1,1
P00485,0,person_00485a,person_00485b,EMS000485,,Michelle,B.,Liu,,,,Female,Asian,Not Hispanic or Latino,"83319 Richardson Roads, Knighttown, IN 44917",001-997-217-7170x30568,,"Campbell, Ferguson and Williams Hospital",2024-11-23 03:19:53.773405,EHR000485,MRN200235,Gary,Victor,King,,,2007-07-13,Male,White,Not Hispanic or Latino,"37684 Katelyn Motorway Suite 776, North Paulbury, ME 43046",+1-897-931-7303x3249,rita74@example.com,2024-08-30 09:53:01.968153,0,0.0,0.5277777777777778,,missing,0.33333333333333337,L000,K520,L,CANG,0,0
P00185,1,person_00185,person_00185,EMS000185,,Chad,Matthew,Dyer,,,1962-10-22,Male,Two or More Races,Not Hispanic or Latino,"912 Potter Rue Suite 787, West Jennifer, NC 91531",+1-263-609-9384x253,,Baldwin-Simpson Hospital,2025-01-30 00:29:09.736391,EHR000185,MRN100185,Chad,Matthew,Dyer,,,1962-10-22,Male,Two or More Races,Not Hispanic or Latino,"55289 Johns Circles Apt. 223, New Nicholas, MN 42175",+1-263-609-9384x253,melissaschmitt@example.com,2025-01-30 01:55:09.736391,0,1.0,1.0,1.0,exact,0.3366336633663366,D600,D600,DYAR,DYAR,1,1
P00033,1,person_00033,person_00033,EMS000033,,Monia,,Briggs,,,1953-02-08,Female,Unknown,Not Hispanic or Latino,"92127 Webster Trace, Maldonadoshire, SD 83770",+1-755-327-1774x490,,Newman Inc Hospital,2026-04-29 17:08:22.074965,EHR000033,MRN100033,Monica,Sabrina,Briggs,,,1953-02-08,Female,White,Not Hispanic or Latino,"92127 Webster Trace, Maldonadoshire, SD 83770",+1-755-327-1774x490,steven00@example.com,2026-04-29 17:53:22.074965,0,0.9666666666666667,1.0,1.0,exact,1.0,B620,B620,BRAG,BRAG,1,1
P00077,1,person_00077,person_00077,EMS000077,,Stephen,G.,Bennett,,,2007-05-25,Male,Two or More Races,Unknown,"443 Brandon Ports Suite 205, South Christopherfort, ID 13213",481-859-9706,,Clark Ltd Hospital,2025-06-25 03:31:53.347217,EHR000077,MRN100077,Stephen,Gregory,Bennett,,,2009-05-25,Male,Two or More Races,Not Hispanic or Latino,"71040 Green Cove, West Georgefurt, GA 96443",481-859-9706,brianrivera@example.org,2025-06-25 04:27:53.347217,0,1.0,1.0,0.7,month_day_match_year_differs,0.38834951456310685,B530,B530,BANAT,BANAT,1,1
P00000,1,person_00000,person_00000,EMS000000,MRN100000,Mrak,Alexander,Hill,,,,Male,Black or African American,Not Hispanic or Latino,"600 Jeffery Parkways, New Jamesside, MT 29394",394.802.6542x351,,"Stevens, Martinez and Nielsen Hospital",2026-04-11 18:25:07.675711,EHR000000,MRN100000,Mark,Alexander,Hill,,,1951-11-13,Male,Black or African American,Not Hispanic or Latino,"600 Jeffery Parkways, New Jamesside, MT 29394",394.802.6542x351,howardmaurice@example.com,2026-04-11 19:44:07.675711,1,0.9249999999999999,1.0,,missing,1.0,H400,H400,HAL,HAL,1,1
P00011,1,person_00011,person_00011,EMS000011,,Daniel,John,Santana,,,2006-04-14,Male,White,Unknown,"8951 Emily Fork, East Andrew, IA 62778",+1-317-869-3676x320,,"Wright, Charles and Bryant Hospital",2025-08-04 12:29:56.132680,EHR000011,MRN100011,Daniel,John,Santana,,,2006-04-14,Male,Unknown,Not Hispanic or Latino,"8951 Emily Fork, East Andrew, IA 62778",+1-317-869-3676x320,gregoryrubio@example.net,2025-08-04 12:49:56.132680,0,1.0,1.0,1.0,exact,1.0,S535,S535,SANTAN,SANTAN,1,1
P00415,0,person_00415a,person_00415b,EMS000415,,Jessica,Meghan,Walters,,,1939-03-24,Female,Two or More Races,Not Hispanic or Latino,"6058 Armstrong Landing, East Jonathan, CA 27919",695.747.9406,,Solis-Davis Hospital,2026-08-26 03:24:51.166035,EHR000415,MRN200165,Teresa,Tabitha,Silva,,,1960-12-30,Female,Black or African American,Not Hispanic or Latino,"898 Graham Summit, Melaniefurt, OR 28656",(256)718-3359x74876,lwilliams@example.org,2026-01-19 04:14:51.106930,0,0.6428571428571429,0.4476190476190476,0.0,no_match,0.367816091954023,W436,S410,WALTAR,SALV,0,0
P00022,1,person_00022,person_00022,EMS000022,,Gregory,J.,Daniels,,,1973-12-02,Male,,Not Hispanic or Latino,"396 Melissa Loop, West Juliefurt, MS 87492",+1-227-402-8951x7187,,Morgan-Schwartz Hospital,2025-08-08 03:07:01.899513,EHR000022,MRN100022,Gregory,Juan,Daniels,,,1973-12-02,Male,White,Not Hispanic or Latino,"396 Melissa Loop, West Juliefurt, MS 87492",+1-227-402-8951x7187,jpitts@example.org,2025-08-08 04:08:01.899513,0,1.0,1.0,1.0,exact,1.0,D542,D542,DANAL,DANAL,1,1
P00072,1,person_00072,person_00072,EMS000072,,Eily,,Howard,,,2003-11-04,Female,Unknown,Not Hispanic or Latino,"1124 Jason Walks Suite 213, Randyton, TX 39670",320-267-8831x712,,Watson-Mccoy Hospital,2025-01-21 21:48:23.768141,EHR000072,MRN100072,Emily,Barbara,Howard,,,2003-11-04,Female,Unknown,Not Hispanic or Latino,"1124 Jason Walks Suite 213, Randyton, TX 39670",320-267-8831x712,greertoni@example.org,2025-01-21 23:13:23.768141,0,0.94,1.0,1.0,exact,1.0,H630,H630,HAOAD,HAOAD,1,1
P00182,1,person_00182,person_00182,EMS000182,,Jim,,Steele,,,2005-01-05,Male,White,Unknown,"49611 Anita Hill Suite 619, Halltown, NH 50822",369.391.5078x593,,Walsh LLC Hospital,2026-06-21 19:12:50.156256,EHR000182,MRN100182,James,Steve,Steele,,,2005-01-05,Male,White,Not Hispanic or Latino,"49611 Anita Hill Suite 619, Halltown, NH 50822",369.391.5078x593,larsoncarlos@example.org,2026-06-21 20:35:50.156256,0,0.6888888888888888,1.0,1.0,exact,1.0,S340,S340,STAL,STAL,1,1
P00131,1,person_00131,person_00131,EMS000131,,Renee,Shannon,English,,,2019-01-15,Female,Two or More Races,Not Hispanic or Latino,"687 Kelly Ferry Suite 909, Bradfordbury, VT 66263",968-395-0097x519,,Mills PLC Hospital,2025-08-04 19:16:25.875809,EHR000131,MRN100131,Renee,Shannon,English,,Renee Dominguez,2019-01-15,Female,Two or More Races,Not Hispanic or Latino,"687 Kelly Ferry Suite 909, Bradfordbury, VT 66263",968-395-0097x519,jessicafox@example.com,2025-08-04 20:16:25.875809,0,1.0,1.0,1.0,exact,1.0,E524,E524,ENGL,ENGL,1,1
P00410,0,person_00410a,person_00410b,EMS000410,,Sarah,,Smith,,,1954-03-19,Female,White,Unknown,"USCGC Scott, FPO AP 21913",531-437-9561x00777,,Jones-Sherman Hospital,2026-01-17 13:02:01.983436,EHR000410,MRN200160,Courtney,Angelica,Johnston,,Courtney Alvarado,2022-06-07,Female,White,Not Hispanic or Latino,"991 Zachary Fields Apt. 703, Jessicaport, PR 41200",874-489-0476x078,,2025-08-08 19:41:32.347137,0,0.44166666666666665,0.3833333333333333,0.0,no_match,0.42666666666666664,S530,J523,SNAT,JANSTAN,0,0
P00193,1,person_00193,person_00193,EMS000193,,Daniel,,Barrett,,,1957-02-11,Male,,Hispanic or Latino,"36497 Jennifer Turnpike, West Susan, PA 43014",+1-862-552-5715x0997,,"Patterson, Sanchez and Miller Hospital",2025-04-12 18:49:09.277987,EHR000193,MRN100193,Daniel,,Barrett,,,1957-02-11,Male,Two or More Races,Hispanic or Latino,"36497 Jennifer Turnpike, West Susan, PA 43014",+1-862-552-5715x0997,hallchristina@example.org,2025-04-12 20:12:09.277987,0,1.0,1.0,1.0,exact,1.0,B630,B630,BARAT,BARAT,1,1
P00055,1,person_00055,person_00055,EMS000055,,Kimberly,Donna,Shaw,,,1971-07-26,Female,White,Not Hispanic or Latino,"USNS Rodriguez, FPO AE 69233",(333)798-4546,,"Clayton, Miller and Frey Hospital",2025-02-11 03:51:15.389698,EHR000055,MRN100055,Kimberly,Donna,Shaw,,Kimberly Wolfe,1971-07-26,Female,White,Not Hispanic or Latino,"USNS Rodriguez, FPO AE 69233",(333)798-4546,pstevens@example.net,2025-02-11 04:25:15.389698,0,1.0,1.0,1.0,exact,1.0,S000,S000,S,S,1,1
P00148,1,person_00148,person_00148,EMS000148,,Jaclyn,,Watson,,,1958-09-14,Female,White,Unknown,,519-461-0646x28792,,Wilson LLC Hospital,2026-04-23 05:09:15.494380,EHR000148,MRN100148,Jaclyn,,Watson,,,1957-09-14,Female,White,Not Hispanic or Latino,"137 Lara Heights Apt. 662, East Jaredfort, VI 69353",519-461-0646x28792,froberts@example.org,2026-04-23 06:38:15.494380,0,1.0,1.0,0.7,month_day_match_year_differs,,W325,W325,WATSAN,WATSAN,1,1
P00018,1,person_00018,person_00018,EMS000018,MRN100018,Tiffany,Angela,Wright,,,1983-09-05,Female,White,Unknown,,333-441-2328,,Roberts LLC Hospital,2025-03-30 22:27:04.983000,EHR000018,MRN100018,Tiffany,Angela,Wright,,,1983-09-05,Female,White,Hispanic or Latino,"677 Dalton Meadow, Ashleyton, RI 97505",333-441-2328,ortizhannah@example.com,2025-03-30 22:58:04.983000,1,1.0,1.0,1.0,exact,,W623,W623,WRAGT,WRAGT,1,1
P00204,1,person_00204,person_00204,EMS000204,,John,Michael,Hicks,,,1932-11-06,Male,Two or More Races,Not Hispanic or Latino,"1926 Cooke Squares Suite 492, West Bryanside, HI 53628",001-506-388-8718x981,,Martinez-Anderson Hospital,2025-10-09 09:20:56.807317,EHR000204,MRN100204,John,Michael,Hicks,,,1932-11-06,Male,Two or More Races,Not Hispanic or Latino,"1926 Cooke Squares Suite 492, West Bryanside, HI 53628",001-506-388-8718x981,michelleneal@example.org,2025-10-09 09:42:56.807317,0,1.0,1.0,1.0,exact,1.0,H200,H200,HAC,HAC,1,1
P00078,1,person_00078,person_00078,EMS000078,,Dorothy,A.,Anthony,,,1959-12-15,Female,,Not Hispanic or Latino,"418 Lopez Light Suite 270, Scottview, IN 35701",001-502-211-5869,,Armstrong-Young Hospital,2026-01-14 01:34:42.712924,EHR000078,MRN100078,Dorothy,Angela,Anthony,,,1959-12-15,Female,White,Not Hispanic or Latino,"418 Lopez Light Suite 270, Scottview, IN 35701",001-502-211-5869,acardenas@example.net,2026-01-14 02:44:42.712924,0,1.0,1.0,1.0,exact,1.0,A535,A535,ANTANY,ANTANY,1,1
P00494,0,person_00494a,person_00494b,EMS000494,,Anna,D.,Rowland,,,2023-03-02,Female,White,Not Hispanic or Latino,"3494 Christina Well, Rodriguezfort, PR 99650",857-316-6328x24630,,"Robinson, Hernandez and Guerra Hospital",2026-02-16 10:10:38.319859,EHR000494,MRN200244,Mckenzie,Kimberly,Diaz,,,2020-10-07,Female,Black or African American,Not Hispanic or Latino,"00761 Williams Drives Apt. 598, Masonstad, TN 85977",(397)271-4336x08090,hendrickskathy@example.com,2026-05-12 18:38:49.381577,0,0.45833333333333326,0.4642857142857142,0.0,no_match,0.3789473684210526,R453,D200,RAOLAD,D,0,0
P00262,0,person_00262a,person_00262b,EMS000262,,Raymond,,Gallegos,,,1995-12-06,Male,Black or African American,Not Hispanic or Latino,"89365 Clark Squares Suite 183, Jefferyview, AZ 15613",727.227.9559x69051,,"Walton, Anderson and Cook Hospital",2026-07-19 21:45:45.570241,EHR000262,MRN200012,Steven,Cody,Howard,,,1946-02-14,Male,Two or More Races,Hispanic or Latino,"9799 Simon Mountains, West Jennifer, PA 44787",264.403.8166x4969,sandratanner@example.net,2025-01-22 03:34:34.916587,0,0.4365079365079365,0.4305555555555556,0.0,no_match,0.3711340206185567,G422,H630,GALAG,HAOAD,0,0
P00323,0,person_00323a,person_00323b,EMS000323,,Stacy,Autumn,Thomas,,,1996-09-12,Female,White,Unknown,"82695 Ryan Grove Apt. 869, Cooperland, MP 28895",7873612385,,"Jones, Rojas and Brown Hospital",2025-03-22 03:51:33.506914,EHR000323,MRN200073,Chase,Kevin,Mejia,,Chase Atkinson,1956-06-28,Male,Unknown,Not Hispanic or Latino,"PSC 0273, Box 0086, APO AP 51707",(210)316-8311x3950,nrose@example.net,2025-04-01 05:34:30.795989,0,0.46666666666666656,0.4555555555555555,0.0,no_match,0.3291139240506329,T520,M200,TAN,MAJ,0,0
P00483,0,person_00483a,person_00483b,EMS000483,,Bobby,James,Taylor,,,1937-09-27,Male,White,Not Hispanic or Latino,"35401 Jack Extension, South Alexander, AL 67106",,,"Mullins, Lynch and Smith Hospital",2024-09-26 04:59:13.290684,EHR000483,MRN200233,Aaron,Jason,Webb,II,,2010-04-21,Male,White,Hispanic or Latino,"72048 Hoffman Shoals, Dakotafurt, GU 75776",803.926.4564,daniel91@example.com,2026-02-05 14:31:59.975744,0,0.0,0.0,0.0,no_match,0.3370786516853933,T460,W100,TAYLAR,WAB,0,0
P00079,1,person_00079,person_00079,EMS000079,,Edwin,,Nash,,,1932-12-17,Male,White,Hispanic or Latino,"Unit 1191 Box 4856, DPO AA 50707",251-816-8685x487,,"Washington, Lynch and Johnson Hospital",2025-10-29 19:26:54.007694,EHR000079,MRN100079,Edwin,James,Nash,,,1933-12-17,Male,White,Hispanic or Latino,"72233 Brad Common, Harrisberg, MP 78495",251-816-8685x487,,2025-10-29 19:54:54.007694,0,1.0,1.0,0.7,month_day_match_year_differs,0.2816901408450704,N200,N200,N,N,1,1
P00039,1,person_00039,person_00039,EMS000039,MRN100039,Jose,David,Thomas,,,1971-10-06,Male,Unknown,Unknown,"70430 Nina Island, Zacharyside, NJ 33703",(740)751-5319x520,,Mullins and Sons Hospital,2025-08-14 17:36:43.701035,EHR000039,MRN100039,Jose,David,Thomas,II,,1971-06-10,Male,White,Not Hispanic or Latino,"621 Jones Pine, South Morganton, SC 51210",(740)751-5319x520,mariacohen@example.net,2025-08-14 18:58:43.701035,1,1.0,1.0,0.85,month_day_transposed,0.32098765432098764,T520,T520,TAN,TAN,1,1
P00451,0,person_00451a,person_00451b,EMS000451,,Michael,,Garcia,Sr.,,1977-09-16,Male,White,Unknown,"883 Mcintosh Meadows, Angelfurt, FM 84371",(876)929-2266,,Rivera-Arnold Hospital,2026-03-17 23:43:19.889852,EHR000451,MRN200201,Mason,Bradley,Foster,,,2008-04-11,Male,Two or More Races,Hispanic or Latino,"4993 Cunningham Coves, West Matthew, NJ 63451",726.259.7640x838,anthony14@example.org,2024-11-18 01:29:18.586072,0,0.4476190476190476,0.0,0.0,no_match,0.39534883720930236,G620,F236,GARC,FASTAR,0,0
P00046,1,person_00046,person_00046,EMS000046,,Jeenna,Lisa,Kirby,,,1986-01-24,Female,Two or More Races,Not Hispanic or Latino,"947 Micheal Spring Apt. 694, New Thomasshire, OK 30325",001-509-272-8962x3091,,Shaw-Carr Hospital,2026-01-16 13:45:08.883474,EHR000046,MRN100046,Jenna,Lisa,Kirby,,,1987-01-24,Female,Two or More Races,Not Hispanic or Latino,"947 Micheal Spring Apt. 694, New Thomasshire, OK 30325",001-509-272-8962x3091,jedwards@example.com,2026-01-16 14:37:08.883474,0,0.9555555555555556,1.0,0.7,month_day_match_year_differs,1.0,K610,K610,CARBY,CARBY,1,1
P00238,1,person_00238,person_00238,EMS000238,,Debra,C.,Floyd,,,1963-09-08,Female,Two or More Races,Not Hispanic or Latino,"012 Stevenson Walk Apt. 251, East Martin, NH 19091",2767502412,,Fuentes PLC Hospital,2025-08-10 09:04:22.670936,EHR000238,MRN100238,Debra,Christine,Floyd,,,1963-09-08,Female,Two or More Races,Not Hispanic or Latino,"012 Stevenson Walk Apt. 251, East Martin, NH 19091",2767502412,faguilar@example.org,2025-08-10 10:00:22.670936,0,1.0,1.0,1.0,exact,1.0,F430,F430,FLAYD,FLAYD,1,1
P00391,0,person_00391a,person_00391b,EMS000391,MRN300141,Nicole,Kathleen,Garcia,,,2008-10-23,Female,,Unknown,"16259 Jennifer Green Apt. 947, Michelletown, SC 16292",237-953-5821,,"Dunn, Mueller and Owens Hospital",2025-10-03 18:29:56.190039,EHR000391,MRN200141,Joseph,,Smith,,,1943-09-25,Male,Black or African American,Not Hispanic or Latino,"371 Rodriguez Burgs, Port Christinaberg, DC 27082",+1-999-864-7718x37530,yoderadam@example.com,2026-01-04 07:51:25.283839,0,0.5555555555555555,0.4555555555555555,0.0,no_match,0.27450980392156865,G620,S530,GARC,SNAT,0,0
P00352,0,person_00352a,person_00352b,EMS000352,,Amy,Kimberly,Love,,,1976-01-09,Female,Unknown,Not Hispanic or Latino,"8423 Ashley Heights, Biancastad, VI 29995",2065776255,,Norton PLC Hospital,2024-11-02 17:46:43.984111,EHR000352,MRN200102,Johnny,William,Edwards,,,1943-01-05,Male,Two or More Races,Not Hispanic or Latino,"78429 Courtney Shore Apt. 334, Melissaland, AL 97131",8906605308,alexistanner@example.org,2025-06-12 22:47:38.931782,0,0.0,0.0,0.0,no_match,0.4086021505376344,L100,E363,LAV,EDWARD,0,0
P00341,0,person_00341a,person_00341b,EMS000341,,Tanya,Stacy,Williams,,,1941-06-07,Female,Unknown,Not Hispanic or Latino,"039 Clark Island Apt. 621, Markton, MS 64137",,,Brown-Sanders Hospital,2026-03-15 22:56:59.008832,EHR000341,MRN200091,Michael,Donald,Leach,,Michael Hensley,1988-12-07,Male,Two or More Races,Not Hispanic or Latino,"56420 Edwards Way Suite 775, New Shannonport, WI 42304",638.890.6235,ologan@example.org,2025-05-02 23:43:07.143792,0,0.4476190476190476,0.5499999999999999,0.0,no_match,0.36734693877551017,W452,L200,WALAN,LAC,0,0
P00277,0,person_00277a,person_00277b,EMS000277,,Sandra,A.,Richmond,,,1956-11-25,Female,White,,"923 Thomas Harbor, Alexville, NC 41285",,,"Harrell, Contreras and Williams Hospital",2026-05-03 21:20:21.472353,EHR000277,MRN200027,Mark,Jeffery,Jackson,Jr.,,1998-02-01,Male,Unknown,Not Hispanic or Latino,"3811 Allen Vista Suite 660, Port Kaylaview, MH 33487",+1-585-864-5101x7397,dalton78@example.net,2025-05-31 16:58:13.732651,0,0.611111111111111,0.6011904761904762,0.0,no_match,0.4444444444444444,R255,J250,RACNAD,JACSAN,0,0
P00290,0,person_00290a,person_00290b,EMS000290,,Spencer,,Nguyen,,,2020-06-15,Male,Unknown,Not Hispanic or Latino,"2266 Morgan Turnpike Suite 626, Alexisburgh, FL 78218",(531)206-7245,,Blackburn Ltd Hospital,2025-07-22 18:11:38.987781,EHR000290,MRN200040,Diamond,,Lee,,,1988-04-23,Female,White,Not Hispanic or Latino,"70511 Mccarthy Rest Suite 238, Larachester, NM 02200",725-449-6919x2845,annette71@example.org,2025-06-30 18:53:15.346972,0,0.4285714285714286,0.5,0.0,no_match,0.4761904761904761,N250,L000,NGAYAN,LY,0,0
P00317,0,person_00317a,person_00317b,EMS000317,,Angela,P.,Murray,,,,Female,White,Not Hispanic or Latino,"00015 Katherine Valley, North Haileyfort, AS 13380",685.609.0255x618,,"Perez, Morris and Stanley Hospital",2025-06-27 20:16:02.954594,EHR000317,MRN200067,Mary,Kimberly,Mitchell,,,1980-04-09,Female,White,Not Hispanic or Latino,"48905 Harrison Parkways, Mcdonaldton, PA 06904",6434655158,hgray@example.org,2026-04-04 21:07:45.911084,0,0.4722222222222221,0.4305555555555556,,missing,0.41666666666666663,M600,M324,MARY,MATCAL,0,0
P00304,0,person_00304a,person_00304b,EMS000304,,Angel,,Vang,,,2010-08-24,Female,White,,"6450 Freeman Terrace Apt. 362, Grimesberg, SD 40081",(932)403-7476x7753,,Richardson-Solis Hospital,2025-08-01 09:50:02.310246,EHR000304,MRN200054,Steven,Thomas,Phillips,,,1935-09-16,Male,White,Not Hispanic or Latino,"619 Kelly Passage Suite 071, Markport, NY 22251",7122840083,zpowell@example.net,2025-11-27 08:51:13.104989,0,0.4555555555555555,0.0,0.0,no_match,0.36734693877551017,V520,P412,VANG,FALAP,0,0
P00268,0,person_00268a,person_00268b,EMS000268,,Jorge,,Banks,,,1971-05-18,Male,White,Not Hispanic or Latino,"9125 Douglas Divide, Port Timothy, KS 13231",217-473-4547x57494,,Webb Group Hospital,2024-12-31 17:10:45.736319,EHR000268,MRN200018,Kristy,,Reeves,II,,1959-10-17,Female,Two or More Races,Not Hispanic or Latino,"7422 Catherine Walks Suite 430, New Kevin, OR 02082",758-786-7925x298,fgrimes@example.net,2025-09-17 20:26:02.548688,0,0.4555555555555555,0.4555555555555555,0.0,no_match,0.34042553191489366,B520,R120,BANC,RAAF,0,0
P00069,1,person_00069,person_00069,EMS000069,,Shane,,Wilson,,,2016-02-25,Male,Unknown,Not Hispanic or Latino,,001-913-780-0030,,Shaw Inc Hospital,2025-10-08 00:47:36.348520,EHR000069,MRN100069,Shane,Nicholas,Wilson,,,2016-02-25,Male,Black or African American,Not Hispanic or Latino,"8149 Tyler Pass Suite 079, West Eric, WI 13988",001-913-780-0030,lmora@example.org,2025-10-08 02:04:36.348520,0,1.0,1.0,1.0,exact,,W425,W425,WALSAN,WALSAN,1,1
P00455,0,person_00455a,person_00455b,EMS000455,,Susan,Linda,Ingram,,,1995-11-23,Female,White,Hispanic or Latino,,(752)974-2866x2510,,Richmond-Ball Hospital,2025-12-30 23:47:44.887689,EHR000455,MRN200205,Hayley,Ebony,Blevins,,,1955-04-26,Female,White,Not Hispanic or Latino,"193 Davis Neck, Mauricestad, MD 99565",+1-937-606-2728x16733,idavis@example.org,2026-04-28 19:22:40.629852,0,0.4555555555555555,0.0,0.0,no_match,,I526,B415,INGRAN,BLAFAN,0,0
P00465,0,person_00465a,person_00465b,EMS000465,,Jessica,Carrie,Jackson,,,1952-09-03,Female,White,Not Hispanic or Latino,"18390 Krista Inlet Apt. 424, South Rogerburgh, NY 98107",546.533.4889,,Clark-Burke Hospital,2026-05-30 08:11:57.098763,EHR000465,MRN200215,Kelsey,Jessica,Salazar,,,2000-03-02,Female,Unknown,Not Hispanic or Latino,"2438 Patrick River Apt. 855, South Josephmouth, GU 03346",001-952-288-9594,ashleyroman@example.net,2025-07-04 09:38:54.751033,0,0.5396825396825397,0.4285714285714286,0.0,no_match,0.4864864864864865,J250,S426,JACSAN,SALASAR,0,0
P00154,1,person_00154,person_00154,EMS000154,,Valreie,,Shelton,,,,Female,Two or More Races,Not Hispanic or Latino,"889 Alvarez Walk Apt. 806, Troyfurt, RI 89169",,,Miranda-Mitchell Hospital,2025-06-10 09:24:20.663335,EHR000154,MRN100154,Valerie,Janet,Shelton,,,1945-03-03,Female,Two or More Races,Unknown,"87734 Henry Green, Lisaside, ND 02817",001-606-416-7567x70028,tjordan@example.net,2025-06-10 09:58:20.663335,0,0.9666666666666667,1.0,,missing,0.29268292682926833,S435,S435,SALTAN,SALTAN,1,1
P00082,1,person_00082,person_00082,EMS000082,,Saarah,,Chan,,,1951-08-01,Male,White,Not Hispanic or Latino,"346 Michelle Trafficway, South Rhondaburgh, PA 01610",649.544.6657,,Smith Ltd Hospital,2025-06-16 06:55:15.711259,EHR000082,MRN100082,Sarah,,Chan,,,1951-01-08,Female,White,Not Hispanic or Latino,"346 Michelle Trafficway, South Rhondaburgh, PA 01610",649.544.6657,hturner@example.net,2025-06-16 07:36:15.711259,0,0.9022222222222223,1.0,0.85,month_day_transposed,1.0,C500,C500,CAN,CAN,1,1
P00477,0,person_00477a,person_00477b,EMS000477,,Stephen,,Alexander,,,1987-07-21,Male,White,Hispanic or Latino,"93582 Mary Locks, Port Benjamin, WV 97023",,,Gilbert Group Hospital,2025-11-01 01:40:54.113652,EHR000477,MRN200227,Mark,,Miranda,,,1972-01-27,Male,White,Not Hispanic or Latino,"804 Laura Flat, Angelaland, MP 44232",773.758.6671,joseph05@example.org,2026-06-13 03:02:56.894526,0,0.0,0.5886243386243386,0.0,no_match,0.4415584415584416,A425,M653,ALAXANDAR,MARAND,0,0
P00172,1,person_00172,person_00172,EMS000172,,Douglaas,Joseph,Knapp,,,1997-03-10,Male,,,"997 Barron Tunnel, Roweport, CO 05346",+1-656-728-8431,,Collier LLC Hospital,2025-11-05 23:43:19.478942,EHR000172,MRN100172,Douglas,Joseph,Knapp,,,1997-03-10,Male,White,Not Hispanic or Latino,"997 Barron Tunnel, Roweport, CO 05346",+1-656-728-8431,andrewzamora@example.net,2025-11-06 00:06:19.478942,0,0.975,1.0,1.0,exact,1.0,K510,K510,NAP,NAP,1,1
P00321,0,person_00321a,person_00321b,EMS000321,,Holly,,Smith,,,2005-11-26,Female,,Not Hispanic or Latino,"6081 Julie Meadow Apt. 030, West Peter, FM 80117",406-527-1531,,"Zimmerman, Pratt and Mitchell Hospital",2025-09-04 19:43:03.391459,EHR000321,MRN200071,Katrina,Catherine,Armstrong,,,1976-10-09,Female,Unknown,Not Hispanic or Latino,"293 Roberts Canyon Apt. 348, Port Allisonmouth, WI 25938",243-378-8260x33591,shannon09@example.org,2026-08-25 16:22:21.898599,0,0.0,0.5333333333333333,0.0,no_match,0.3653846153846154,S530,A652,SNAT,ARNSTRANG,0,0
P00090,1,person_00090,person_00090,EMS000090,,Daniel,,Gibson,,,1983-11-16,Male,Unknown,Not Hispanic or Latino,"9827 Alyssa Causeway Suite 978, Lake Beth, VA 17328",726.314.9331x6373,,Hughes PLC Hospital,2025-11-03 06:59:13.371603,EHR000090,MRN100090,Daniel,,Gibson,,,1983-11-16,Male,White,,"571 Katherine Forges Apt. 554, Jacquelineton, MH 22017",726.314.9331x6373,owilliams@example.net,2025-11-03 08:03:13.371603,0,1.0,1.0,1.0,exact,0.38095238095238093,G125,G125,GABSAN,GABSAN,1,1
P00180,1,person_00180,person_00180,EMS000180,,Michael,,Lee,,,1990-01-22,Male,Two or More Races,Not Hispanic or Latino,"75047 Adrian View, Rodriguezview, OK 66079",628.539.9921x9212,,"Ware, Smith and Simmons Hospital",2025-03-02 22:19:27.011642,EHR000180,MRN100180,Michael,Michael,Lee,,Michael Velasquez,1990-01-22,Male,Two or More Races,Not Hispanic or Latino,"75047 Adrian View, Rodriguezview, OK 66079",628.539.9921x9212,james08@example.net,2025-03-02 23:04:27.011642,0,1.0,1.0,1.0,exact,1.0,L000,L000,LY,LY,1,1
P00414,0,person_00414a,person_00414b,EMS000414,MRN300164,Marie,Chelsea,Long,,,1935-05-14,Female,White,Not Hispanic or Latino,"27574 Scott Groves Apt. 054, Heathermouth, IN 67845",718-708-1896,,Becker Inc Hospital,2025-05-23 22:08:50.491303,EHR000414,MRN200164,Philip,,Sanders,,Philip Sullivan,2013-01-08,Male,White,Not Hispanic or Latino,"17970 Lyons Light Apt. 361, Pittmanport, ND 55951",4705472660,lauren15@example.net,2024-10-21 01:04:52.359451,0,0.4555555555555555,0.4642857142857142,0.0,no_match,0.4,L520,S536,LANG,SANDAR,0,0
P00312,0,person_00312a,person_00312b,EMS000312,,Robert,,Daniel,,,1942-09-11,Male,White,Not Hispanic or Latino,"0849 Travis Freeway, South Jasonfurt, ID 69678",,,Ramos-Harris Hospital,2025-06-02 19:51:07.934654,EHR000312,MRN200062,Nicole,,Vazquez,,,1985-06-09,Female,Two or More Races,Hispanic or Latino,"320 Whitney Summit, Lake Charlesfurt, DC 29092",419-403-1061x537,meltonmark@example.com,2025-09-13 04:44:31.541887,0,0.5555555555555555,0.5396825396825397,0.0,no_match,0.39130434782608686,D540,V220,DANAL,VASG,0,0
P00278,0,person_00278a,person_00278b,EMS000278,,Brian,,Day,,,1939-09-05,Male,Unknown,Unknown,,398.606.6039x205,,Rogers-Kim Hospital,2025-03-11 12:28:59.507366,EHR000278,MRN200028,Samuel,,King,,,2008-05-28,Male,Two or More Races,Not Hispanic or Latino,"7057 Mack Estates, New Kelli, OH 85473",365-827-1559x83541,christy26@example.org,2026-01-28 21:57:44.079098,0,0.4555555555555555,0.0,0.0,no_match,,D000,K520,DY,CANG,0,0
P00381,0,person_00381a,person_00381b,EMS000381,,Thomas,J.,White,,,1933-05-03,Male,Black or African American,Not Hispanic or Latino,"660 Sloan Hill Apt. 816, Jonathanchester, CA 05083",697-253-5846,,Pitts-Webster Hospital,2026-07-16 17:17:34.924960,EHR000381,MRN200131,Kristina,April,Henry,,,1950-12-28,Female,Asian,Hispanic or Latino,"3628 Jose Green Suite 718, New Logan, IL 03333",001-269-406-7649,,2025-09-06 02:21:48.325643,0,0.36111111111111116,0.46666666666666656,0.0,no_match,0.4375,W300,H560,WAT,HANRY,0,0
P00472,0,person_00472a,person_00472b,EMS000472,,Joe,,Chang,,,,Male,White,Unknown,"348 Amy Stravenue, Lake Brianborough, ND 09024",,,"Tate, Flores and Russell Hospital",2025-05-20 13:26:36.038969,EHR000472,MRN200222,Carrie,Kayla,Moore,,,2016-08-06,Female,Two or More Races,Not Hispanic or Latino,"6133 Martin Row, Michaelton, CA 42539",303.304.4077,jensenpamela@example.com,2025-10-05 05:33:23.775601,0,0.0,0.0,,missing,0.3855421686746988,C520,M600,CANG,MAR,0,0
P00362,0,person_00362a,person_00362b,EMS000362,,Cathy,Karen,Smith,,,1954-10-03,Female,White,Not Hispanic or Latino,"019 Davis Stream, East Kyleborough, OK 32436",,,Wilkinson-Hampton Hospital,2024-12-23 23:40:21.942865,EHR000362,MRN200112,Angela,Lindsay,Townsend,,Angela Anderson,1992-08-08,Female,Black or African American,Not Hispanic or Latino,"5988 Wong Manor, Johnborough, SC 90277",001-543-219-1654,hunter12@example.org,2025-11-01 07:20:37.220620,0,0.4555555555555555,0.44166666666666665,0.0,no_match,0.3902439024390244,S530,T525,SNAT,TAONSAD,0,0
P00324,0,person_00324a,person_00324b,EMS000324,,Jason,Christopher,Soto,III,,1985-12-29,Male,White,Hispanic or Latino,"205 Dana Groves Apt. 777, Peterton, VT 59355",(366)929-2508,,"Berry, Cooper and Martinez Hospital",2025-04-19 06:58:41.531293,EHR000324,MRN200074,Krystal,Tara,Jones,,,2004-07-18,Female,White,Not Hispanic or Latino,"33373 Sharon Island Suite 235, Rodriguezside, CO 61351",3325119206,gyoung@example.net,2025-08-06 20:12:40.699040,0,0.4476190476190476,0.4833333333333334,0.0,no_match,0.40816326530612246,S300,J520,SAT,JAN,0,0
P00431,0,person_00431a,person_00431b,EMS000431,,Tammy,,Cortez,,,,Female,American Indian or Alaska Native,Not Hispanic or Latino,"98532 Harris Station Suite 792, Dakotafort, CO 21033",+1-876-538-3543x4685,,Hughes LLC Hospital,2026-06-21 09:51:06.401547,EHR000431,MRN200181,Joshua,Edward,Ruiz,,,1991-05-11,Male,Black or African American,Not Hispanic or Latino,"1538 Craig Tunnel, Lake Steven, AK 32593",2733726072,amanda67@example.net,2024-09-13 03:04:04.340667,0,0.0,0.611111111111111,,missing,0.4130434782608695,C632,R200,CART,R,0,0
P00347,0,person_00347a,person_00347b,EMS000347,,Kristen,A.,Acevedo,,,2015-11-28,Female,Asian,Not Hispanic or Latino,"75585 Steven Motorway, Janiceberg, NM 39402",(492)811-8824x1996,,Lewis and Sons Hospital,2025-03-19 03:18:44.236583,EHR000347,MRN200097,Felicia,Laurie,Cole,,,2007-09-21,Female,White,Hispanic or Latino,"542 Madeline Key Suite 570, Ryanhaven, DC 00879",001-322-857-0900,sararoach@example.com,2024-10-07 18:37:08.670475,0,0.4285714285714286,0.5952380952380952,0.0,no_match,0.37777777777777777,A213,C400,ACAFAD,CAL,0,0
P00086,1,person_00086,person_00086,EMS000086,,Ian,C.,Vaughan,,,2017-11-21,Male,Two or More Races,Hispanic or Latino,"23098 David Station, South Nancyview, WI 70589",+1-609-901-0016x761,,"Garcia, Meyer and Dean Hospital",2025-04-07 03:15:44.936032,EHR000086,MRN100086,Ian,Colin,Vaughan,,,2017-11-21,Male,Two or More Races,Hispanic or Latino,"23098 David Station, South Nancyview, WI 70589",+1-609-901-0016x761,jamiejennings@example.org,2025-04-07 04:04:44.936032,0,1.0,1.0,1.0,exact,1.0,V250,V250,VAGAN,VAGAN,1,1
P00075,1,person_00075,person_00075,EMS000075,,Alicia,,Woods,,,1962-05-03,Female,Two or More Races,Not Hispanic or Latino,"2500 Brenda Divide, Port Aliciastad, CA 49468",001-469-715-4522x675,,"Phillips, Thompson and Smith Hospital",2025-04-11 07:18:39.291246,EHR000075,MRN100075,Alicia,,Woods,,,1962-03-05,Female,Two or More Races,Unknown,"2500 Brenda Divide, Port Aliciastad, CA 49468",001-469-715-4522x675,elizabetholsen@example.com,2025-04-11 08:41:39.291246,0,1.0,1.0,0.85,month_day_transposed,1.0,W320,W320,WAD,WAD,1,1
P00438,0,person_00438a,person_00438b,EMS000438,,Cody,,Smith,,,1970-06-23,Male,,Unknown,"Unit 9045 Box 2898, DPO AA 02437",(210)365-6733x7457,,Parker Ltd Hospital,2025-03-18 06:14:01.547289,EHR000438,MRN200188,Anna,Courtney,Beck,,,1937-03-24,Female,White,Not Hispanic or Latino,"53084 Timothy Locks, Lake Chloe, MO 39266",647-472-5084x232,kevinsmith@example.org,2025-07-28 02:00:58.787628,0,0.0,0.0,0.0,no_match,0.3835616438356164,S530,B200,SNAT,BAC,0,0
P00015,1,person_00015,person_00015,EMS000015,,Migel,,Vaughn,,,1940-05-04,Male,Asian,Unknown,,965-972-6284,,Rivas Inc Hospital,2025-04-22 14:43:21.273450,EHR000015,MRN100015,Miguel,Billy,Vaughn,,Miguel Burton,1940-05-04,Male,Asian,Hispanic or Latino,"058 Stanley Cliff, Alexanderchester, GU 64752",965-972-6284,lpetersen@example.com,2025-04-22 15:21:21.273450,0,0.9611111111111111,1.0,1.0,exact,,V250,V250,VAGN,VAGN,1,1
P00249,1,person_00249,person_00249,EMS000249,,Kimberly,,Dalton,,,1995-06-12,Female,Asian,Not Hispanic or Latino,"66266 Darrell Crest Suite 535, Hullbury, IN 12558",001-203-368-9003,,"Rios, Sanchez and Carter Hospital",2025-04-16 15:20:15.134087,EHR000249,MRN100249,Kimberly,,Dalton,,,1995-06-12,Female,Asian,,"66266 Darrell Crest Suite 535, Hullbury, IN 12558",001-203-368-9003,martinezhenry@example.org,2025-04-16 16:04:15.134087,0,1.0,1.0,1.0,exact,1.0,D435,D435,DALTAN,DALTAN,1,1
P00433,0,person_00433a,person_00433b,EMS000433,,Jennifer,Karen,Mcbride,,,2021-07-29,Female,White,Not Hispanic or Latino,"0984 Jessica Cliffs, Snyderborough, AZ 10188",681-416-0499x100,,Wyatt Inc Hospital,2024-10-27 11:54:21.628633,EHR000433,MRN200183,Sarah,Tammy,Powell,,,1982-05-15,Female,White,Not Hispanic or Latino,"903 Thomas Vista, West Wayne, WA 43640",384-920-3531x6079,harrisamy@example.org,2026-03-28 05:07:26.416185,0,0.0,0.0,0.0,no_match,0.36585365853658536,M216,P400,MCBRAD,PAOAL,0,0
P00019,1,person_00019,person_00019,EMS000019,,Micheel,J.,Mcdaniel,,,2018-06-07,Female,Black or African American,Not Hispanic or Latino,"1832 Serrano Cliffs, East Laurashire, PW 38329",217.846.4887x719,,"Matthews, Smith and Hubbard Hospital",2026-08-02 19:59:49.414737,EHR000019,MRN100019,Michele,Jordan,Mcdaniel,,,2018-06-07,Female,Black or African American,Not Hispanic or Latino,"1832 Serrano Cliffs, East Laurashire, PW 38329",217.846.4887x719,cassandra01@example.org,2026-08-02 20:40:49.414737,0,0.9714285714285714,1.0,1.0,exact,1.0,M235,M235,MCDANAL,MCDANAL,1,1
P00322,0,person_00322a,person_00322b,EMS000322,,Christopher,,Cowan,,,2024-11-21,Male,Unknown,,"9996 Kane Shoals, Mariamouth, CO 68948",228-659-6932x5914,,Merritt Group Hospital,2026-05-02 20:04:49.065786,EHR000322,MRN200072,Cody,Richard,Weiss,,,1958-08-19,Male,White,Not Hispanic or Latino,"9806 Veronica Mountains Apt. 617, Comptontown, SD 58433",(734)583-8935,dianehoffman@example.org,2026-08-16 17:32:40.114793,0,0.446969696969697,0.0,0.0,no_match,0.3870967741935484,C500,W200,CAOAN,W,0,0
P00332,0,person_00332a,person_00332b,EMS000332,,Teresa,,Adams,,,1942-04-07,Female,,Not Hispanic or Latino,,+1-597-902-9271x205,,Glass-Lindsey Hospital,2025-01-12 01:32:15.195959,EHR000332,MRN200082,Michael,Robert,Taylor,,,2021-01-10,Male,Asian,Not Hispanic or Latino,"USNS Anderson, FPO AE 89003",001-912-956-0832x00487,frances58@example.com,2025-12-08 19:18:00.500373,0,0.373015873015873,0.4555555555555555,0.0,no_match,,A352,T460,ADAN,TAYLAR,0,0
P00056,1,person_00056,person_00056,EMS000056,,Marei,A.,Sullivan,,,1966-06-29,Female,,Not Hispanic or Latino,"217 Newman Isle, New Samanthabury, IL 91240",001-474-701-4890,,Evans PLC Hospital,2026-04-21 19:53:59.866210,EHR000056,MRN100056,Marie,Amanda,Sullivan,,,1966-06-29,Female,Two or More Races,Unknown,"217 Newman Isle, New Samanthabury, IL 91240",001-474-701-4890,alibrenda@example.net,2026-04-21 21:23:59.866210,0,0.9533333333333333,1.0,1.0,exact,1.0,S415,S415,SALAVAN,SALAVAN,1,1
P00301,0,person_00301a,person_00301b,EMS000301,,Barbara,P.,Gamble,,,1934-07-23,Female,White,Not Hispanic or Latino,"842 Sara Spur, Harrisshire, AR 01792",659-744-6333,,"Beasley, Jefferson and Christensen Hospital",2026-02-01 14:07:37.029620,EHR000301,MRN200051,Philip,Christopher,Burch,,,1967-01-27,Male,Unknown,Not Hispanic or Latino,"19947 Cody Vista, Walkermouth, RI 22212",(834)910-3469,jesseboone@example.com,2025-07-19 10:24:51.517972,0,0.0,0.0,0.0,no_match,0.4,G514,B620,GANBL,BARC,0,0
P00229,1,person_00229,person_00229,EMS000229,,Trevor,Gregory,Leon,,,1973-09-26,Male,,Not Hispanic or Latino,"62658 Samuel Courts Apt. 819, Cameronview, MP 72971",+1-830-560-0025x89552,,Fry and Sons Hospital,2026-04-27 09:58:20.885547,EHR000229,MRN100229,Trevor,Gregory,Leon,,,1974-09-26,Male,Unknown,Not Hispanic or Latino,"PSC 6053, Box 8444, APO AA 54858",+1-830-560-0025x89552,plee@example.com,2026-04-27 11:02:20.885547,0,1.0,1.0,0.7,month_day_match_year_differs,0.3855421686746988,L500,L500,LAN,LAN,1,1
P00331,0,person_00331a,person_00331b,EMS000331,,Caitlin,,Ford,,,1946-05-05,Female,Black or African American,Unknown,"722 Castillo Islands, Juliestad, OH 82779",972-862-9052x918,,"Foley, Fernandez and Flores Hospital",2026-01-25 07:36:17.464346,EHR000331,MRN200081,Sheila,Michelle,Horne,,,1991-12-23,Female,White,Unknown,"337 Sara Shoal Apt. 052, East Barbara, OK 81085",562.416.5914,,2025-02-24 19:03:41.441315,0,0.5396825396825397,0.6333333333333333,0.0,no_match,0.36363636363636365,F630,H650,FAD,HARN,0,0
P00132,1,person_00132,person_00132,EMS000132,,Brandon,John,Harmon,,,2021-11-25,Male,Native Hawaiian or Other Pacific Islander,Unknown,"94440 Cassandra Ramp Apt. 752, Kimberlybury, NM 24200",2946940792,,"Atkins, Cooper and Miller Hospital",2024-10-25 07:44:44.068645,EHR000132,MRN100132,Brandon,John,Harmon,,,2021-11-25,Male,Native Hawaiian or Other Pacific Islander,Unknown,"058 Taylor Passage Suite 956, Susanport, LA 22456",2946940792,,2024-10-25 09:14:44.068645,0,1.0,1.0,1.0,exact,0.3921568627450981,H655,H655,HARNAN,HARNAN,1,1
P00137,1,person_00137,person_00137,EMS000137,,John,Jared,Luna,,,2008-10-30,Male,,Not Hispanic or Latino,"67198 Cook Hollow, Brownland, MN 70575",,,"Davies, Allen and Price Hospital",2025-01-18 05:26:31.908293,EHR000137,MRN100137,John,Jared,Luna,,,2007-10-30,Male,White,Not Hispanic or Latino,"67198 Cook Hollow, Brownland, MN 70575",917-343-2806x34615,imoss@example.org,2025-01-18 06:20:31.908293,0,1.0,1.0,0.7,month_day_match_year_differs,1.0,L500,L500,LAN,LAN,1,1
P00423,0,person_00423a,person_00423b,EMS000423,,Darren,Michael,Berry,,,1934-01-27,Male,Black or African American,Not Hispanic or Latino,,718.989.0737x81591,,Banks Group Hospital,2025-09-07 06:20:40.163133,EHR000423,MRN200173,Victoria,Pamela,Burton,,,1946-08-03,Female,White,Not Hispanic or Latino,"488 Jenkins Pine, Port Erictown, TX 63282",(312)439-6121x9051,yboone@example.org,2024-12-05 22:12:56.624107,0,0.4305555555555556,0.5777777777777778,0.0,no_match,,B600,B635,BARY,BARTAN,0,0
P00335,0,person_00335a,person_00335b,EMS000335,,Bradley,Jeffery,Garza,,,1969-10-31,Male,White,Not Hispanic or Latino,"155 Benton Estate Apt. 340, North David, RI 48104",(779)675-6491x5795,,Miller-Romero Hospital,2026-08-11 19:27:39.119568,EHR000335,MRN200085,John,Brian,Copeland,,,1954-07-07,Male,Asian,Not Hispanic or Latino,"80181 Jared Valley, Spencerville, NV 52751",917-326-8080x815,brittanyoneill@example.org,2026-01-26 15:44:57.375340,0,0.0,0.44166666666666665,0.0,no_match,0.37362637362637363,G620,C145,GARS,CAPALAD,0,0
P00025,1,person_00025,person_00025,EMS000025,,Matthew,,Fuller,,,2016-06-26,Male,Unknown,Not Hispanic or Latino,"0952 Renee Islands Suite 232, Alyssaview, MP 22068",374-851-7123x685,,"Baker, James and Little Hospital",2026-01-03 15:56:15.240195,EHR000025,MRN100025,Matthew,Ryan,Fuller,,,2016-06-26,Male,White,Not Hispanic or Latino,"0952 Renee Islands Suite 232, Alyssaview, MP 22068",374-851-7123x685,bakerdavid@example.com,2026-01-03 17:18:15.240195,0,1.0,1.0,1.0,exact,1.0,F460,F460,FALAR,FALAR,1,1
P00464,0,person_00464a,person_00464b,EMS000464,,Debra,,Fox,,,2005-11-22,Female,White,,"3236 Parker Bridge, New Coryport, LA 35687",(748)242-0243,,Aguilar-Zuniga Hospital,2025-08-16 00:21:28.734661,EHR000464,MRN200214,Michael,Jose,Sandoval,,Michael Whitney,1970-03-26,Male,White,Not Hispanic or Latino,"47539 Phyllis Mountain Apt. 542, Maryland, TX 83526",+1-608-426-1103x565,austinfrye@example.org,2026-01-31 15:20:08.097739,0,0.4476190476190476,0.48611111111111116,0.0,no_match,0.3655913978494624,F200,S531,FAX,SANDAVAL,0,0
P00281,0,person_00281a,person_00281b,EMS000281,,Sherri,,Shah,,,1981-12-04,Female,,Not Hispanic or Latino,"90591 Christina Pines Suite 233, Port Howard, SD 65378",001-415-311-6966x6725,,Mccarthy-Hobbs Hospital,2025-05-30 11:58:21.740874,EHR000281,MRN200031,Ann,Debbie,Gonzalez,,Ann Bell,1992-02-24,Female,White,Not Hispanic or Latino,"84090 Felicia Court Apt. 080, West Paultown, AS 74960",001-551-723-9728,wigginsrita@example.net,2025-01-06 10:03:19.577568,0,0.0,0.45833333333333326,0.0,no_match,0.3738317757009347,S000,G524,S,GANSAL,0,0
P00247,1,person_00247,person_00247,EMS000247,,Robert,R.,Lee,,,1985-12-17,Male,Black or African American,Not Hispanic or Latino,"6512 Jones Ports Apt. 898, Reginaldton, ND 91926",655.398.2176x61912,,Aguilar LLC Hospital,2025-04-28 21:45:37.210061,EHR000247,MRN100247,Robert,Robert,Lee,,,1985-12-17,Male,Black or African American,Not Hispanic or Latino,"02056 Matthew Springs, Leeborough, OK 62594",655.398.2176x61912,jimenezbrett@example.net,2025-04-28 22:18:37.210061,0,1.0,1.0,1.0,exact,0.3296703296703297,L000,L000,LY,LY,1,1
P00237,1,person_00237,person_00237,EMS000237,,Jeffrey,,Alexander,,,1965-10-16,Male,White,Unknown,"634 Richard Ranch Suite 897, Rodriguezton, SD 33130",331-600-9431,,Robinson Ltd Hospital,2025-06-12 10:58:40.249866,EHR000237,MRN100237,Jeffrey,Gene,Alexander,,,1965-10-16,Male,White,Hispanic or Latino,"634 Richard Ranch Suite 897, Rodriguezton, SD 33130",331-600-9431,nicolelyons@example.com,2025-06-12 12:05:40.249866,0,1.0,1.0,1.0,exact,1.0,A425,A425,ALAXANDAR,ALAXANDAR,1,1
P00117,1,person_00117,person_00117,EMS000117,,Weendy,M.,Barnett,,,1966-06-09,Female,White,,,301.764.5104x636,,"Rasmussen, Castro and Marquez Hospital",2025-01-13 08:24:48.561089,EHR000117,MRN100117,Wendy,Melissa,Barnett,,,1966-06-09,Female,White,Hispanic or Latino,"PSC 8042, Box 0439, APO AA 07458",301.764.5104x636,idelacruz@example.org,2025-01-13 09:28:48.561089,0,0.9555555555555556,1.0,1.0,exact,,B653,B653,BARNAT,BARNAT,1,1
P00042,1,person_00042,person_00042,EMS000042,,Angela,,Reeves,,,2025-05-27,Female,Black or African American,Unknown,"125 Shannon Springs Suite 289, Port Tammy, NE 66412",470.358.9578,,Guerra PLC Hospital,2025-08-14 19:57:37.012013,EHR000042,MRN100042,Angela,Carrie,Reeves,,,2025-05-27,Female,Black or African American,Unknown,"518 Vance Vista Apt. 258, North Tracie, WY 18703",470.358.9578,parkeryvonne@example.net,2025-08-14 20:23:37.012013,0,1.0,1.0,1.0,exact,0.4444444444444444,R120,R120,RAAF,RAAF,1,1
P00220,1,person_00220,person_00220,EMS000220,,Thomas,,Dunn,,,1981-03-11,Male,White,Not Hispanic or Latino,"1968 Jacqueline Freeway, Aarontown, MN 73688",,,Quinn-Horton Hospital,2026-01-26 09:46:20.007951,EHR000220,MRN100220,Thomas,James,Dunn,,,1981-11-03,Male,White,Not Hispanic or Latino,"1968 Jacqueline Freeway, Aarontown, MN 73688",521.505.5247x2863,burgessdavid@example.net,2026-01-26 10:53:20.007951,0,1.0,1.0,0.85,month_day_transposed,1.0,D500,D500,DAN,DAN,1,1
P00176,1,person_00176,person_00176,EMS000176,,Catherine,,Smith,,,2005-05-27,Female,White,Unknown,"89569 Travis Brooks Suite 626, Port Allisonfurt, KS 12431",418-624-2241,,Johnson Inc Hospital,2026-08-02 06:11:10.679753,EHR000176,MRN100176,Catherine,,Smith,,,2005-05-27,Female,White,Not Hispanic or Latino,"89569 Travis Brooks Suite 626, Port Allisonfurt, KS 12431",418-624-2241,,2026-08-02 06:29:10.679753,0,1.0,1.0,1.0,exact,1.0,S530,S530,SNAT,SNAT,1,1
P00320,0,person_00320a,person_00320b,EMS000320,,Tyler,Scott,Maxwell,,,1999-02-02,Male,White,Not Hispanic or Latino,"23009 Matthew Mall, New Davidhaven, AL 32533",001-565-877-4491x609,,"Herrera, Shepard and Williams Hospital",2026-05-18 09:36:26.580763,EHR000320,MRN200070,Billy,Larry,Stokes,,Billy Pitts,1991-05-24,Male,Two or More Races,Hispanic or Latino,"433 Moreno Junctions, New Donaldchester, ID 22861",001-823-399-8213x7455,scottbenjamin@example.net,2025-04-01 21:35:44.046743,0,0.46666666666666656,0.4365079365079365,0.0,no_match,0.4301075268817204,M240,S322,MAXWAL,STAC,0,0
P00153,1,person_00153,person_00153,EMS000153,,Colin,B.,Randall,,,1975-11-07,Male,Unknown,Not Hispanic or Latino,"7967 Hernandez Motorway Apt. 147, Hallberg, AK 13556",,,"Brown, Jones and Gregory Hospital",2026-03-05 15:22:24.663721,EHR000153,MRN100153,Colin,Benjamin,Randall,,,1975-11-07,Male,Black or African American,Not Hispanic or Latino,"71678 David Locks, Nealville, WA 22615",853-953-9613,kathy99@example.com,2026-03-05 15:34:24.663721,0,1.0,1.0,1.0,exact,0.4,R534,R534,RANDAL,RANDAL,1,1
P00231,1,person_00231,person_00231,EMS000231,,Kathleen,Heather,Massey,,,1967-10-15,Female,White,Not Hispanic or Latino,"51305 Jeffrey Stream, West Joshua, ID 12555",(299)401-5579,,Erickson-Pearson Hospital,2025-09-25 16:19:28.978164,EHR000231,MRN100231,Kathleen,Heather,Massey,,,1967-10-15,Female,White,Not Hispanic or Latino,"1713 Brooks Island, Stokesburgh, ME 01830",(299)401-5579,sara39@example.org,2025-09-25 16:54:28.978164,0,1.0,1.0,1.0,exact,0.38095238095238093,M200,M200,MASY,MASY,1,1
P00227,1,person_00227,person_00227,EMS000227,MRN100227,Craig,N.,Lane,,,1944-05-26,Male,White,Not Hispanic or Latino,"27275 Laura Spring Suite 480, Hardingberg, SC 59395",+1-591-503-3682x9635,,"Fuentes, Martinez and Porter Hospital",2026-06-16 03:57:24.784819,EHR000227,MRN100227,Craig,Nathan,Lane,,,1944-05-26,Male,White,Not Hispanic or Latino,"27275 Laura Spring Suite 480, Hardingberg, SC 59395",+1-591-503-3682x9635,woodmichael@example.com,2026-06-16 05:05:24.784819,1,1.0,1.0,1.0,exact,1.0,L500,L500,LAN,LAN,1,1
P00417,0,person_00417a,person_00417b,EMS000417,,Rebecca,K.,Wilkins,,,2012-07-21,Female,,Not Hispanic or Latino,,4649332262,,Taylor-Carroll Hospital,2025-09-04 01:08:08.091104,EHR000417,MRN200167,Teresa,,Perry,,,1999-08-18,Female,White,Hispanic or Latino,"6470 Smith Point, Brianfurt, AS 05029",495-929-8424x10740,,2025-07-08 20:12:31.045133,0,0.6626984126984127,0.0,0.0,no_match,,W425,P600,WALCAN,PARY,0,0
P00203,1,person_00203,person_00203,EMS000203,,Michael,Joshua,Davis,,,1961-05-21,Male,White,Unknown,"63013 Burns Spurs Apt. 617, Hillmouth, MN 02021",,,Wilson Inc Hospital,2026-08-16 05:58:29.833711,EHR000203,MRN100203,Michael,Joshua,Davis,,,1961-05-21,Male,White,Not Hispanic or Latino,"472 Scott Orchard, Phyllisborough, IL 98592",205.391.2662,terri20@example.org,2026-08-16 06:55:29.833711,0,1.0,1.0,1.0,exact,0.3555555555555555,D120,D120,DAV,DAV,1,1
P00126,1,person_00126,person_00126,EMS000126,,Reginald,Charles,Wiggins,,,2008-10-06,Male,White,Not Hispanic or Latino,"USNS Harris, FPO AE 60711",(681)204-0915x7018,,Patel-Mejia Hospital,2025-01-17 19:51:03.835097,EHR000126,MRN100126,Reginald,Charles,Wiggins,,,2008-10-06,Male,White,Not Hispanic or Latino,"USNS Harris, FPO AE 60711",(681)204-0915x7018,,2025-01-17 21:04:03.835097,0,1.0,1.0,1.0,exact,1.0,W252,W252,WAGAN,WAGAN,1,1
P00329,0,person_00329a,person_00329b,EMS000329,,Monica,T.,Davis,,,2006-07-19,Female,Asian,Not Hispanic or Latino,"09421 Clements Turnpike Apt. 052, Reyeshaven, DE 91737",001-687-780-9270,,Duke-Johnson Hospital,2026-08-07 00:20:07.319250,EHR000329,MRN200079,Selena,,Bailey,III,,1946-02-15,Female,Black or African American,Not Hispanic or Latino,"660 Shields Prairie Suite 787, Kennethburgh, DC 65081",001-658-454-8596x559,kevinmendez@example.org,2026-04-15 15:09:14.428743,0,0.5555555555555555,0.5777777777777778,0.0,no_match,0.39252336448598135,D120,B400,DAV,BALY,0,0
P00031,1,person_00031,person_00031,EMS000031,,Keith,B.,Williams,,,1945-08-12,Male,White,Not Hispanic or Latino,"7679 Perry Forge, West Russellport, TX 89431",001-278-540-3690,,Jimenez Group Hospital,2025-04-26 20:43:01.124057,EHR000031,MRN100031,Keith,Bradley,Williams,,,1945-08-12,Male,White,Not Hispanic or Latino,"7679 Perry Forge, West Russellport, TX 89431",001-278-540-3690,sierra24@example.com,2025-04-26 21:29:01.124057,0,1.0,1.0,1.0,exact,1.0,W452,W452,WALAN,WALAN,1,1
P00113,1,person_00113,person_00113,EMS000113,,Michelle,Samantha,Baker,,,1938-05-07,Female,Asian,Not Hispanic or Latino,"113 Lopez Pine, New Colleen, HI 73694",,,Kirk-Gutierrez Hospital,2026-08-24 10:05:11.697413,EHR000113,MRN100113,Michelle,Samantha,Baker,,Michelle Williams,1937-05-07,Female,Asian,Not Hispanic or Latino,"113 Lopez Pine, New Colleen, HI 73694",001-786-419-5761x2286,umahoney@example.net,2026-08-24 10:53:11.697413,0,1.0,1.0,0.7,month_day_match_year_differs,1.0,B260,B260,BACAR,BACAR,1,1
P00470,0,person_00470a,person_00470b,EMS000470,,Emily,Angela,Kelley,,,1995-07-14,Female,Black or African American,Not Hispanic or Latino,"746 Jones Stream, Thomaschester, CO 67442",+1-268-770-4796x6682,,King Ltd Hospital,2025-02-01 22:11:58.650078,EHR000470,MRN200220,Laurie,Alice,May,II,,1937-02-06,Female,Two or More Races,Not Hispanic or Latino,"302 Tyler Heights, West Joshuafort, TX 32216",+1-886-822-1405x131,parkerkyle@example.org,2025-11-04 17:31:07.122782,0,0.4555555555555555,0.0,0.0,no_match,0.3529411764705882,K400,M000,CALY,MY,0,0
P00271,0,person_00271a,person_00271b,EMS000271,,Elizabeth,Kristine,Farmer,,,1931-03-14,Female,Unknown,Hispanic or Latino,"USS Schmitt, FPO AA 85146",(274)703-3445,,Lawrence PLC Hospital,2025-06-28 10:22:48.078831,EHR000271,MRN200021,Kristin,Christina,Lewis,,,1978-06-10,Female,Unknown,Hispanic or Latino,"32579 Crane Cape, Wattsfort, IA 37219",+1-396-901-0548x574,nicolejones@example.net,2024-12-19 01:02:15.954849,0,0.5026455026455027,0.0,0.0,no_match,0.3548387096774194,F656,L200,FARNAR,LAE,0,0
P00140,1,person_00140,person_00140,EMS000140,,Meg,Kelly,Jenkins,Sr.,,2019-10-12,Female,Two or More Races,Unknown,"PSC 7220, Box 0543, APO AA 33450",918.519.5883,,Jensen-Wu Hospital,2026-05-08 13:00:32.352192,EHR000140,MRN100140,Margaret,Kelly,Jenkins,Sr.,,2019-10-12,Female,Two or More Races,Not Hispanic or Latino,"279 Courtney Tunnel, Michaeltown, OH 31386",918.519.5883,brian12@example.net,2026-05-08 13:24:32.352192,0,0.6388888888888888,1.0,1.0,exact,0.2702702702702703,J525,J525,JANCAN,JANCAN,1,1
P00057,1,person_00057,person_00057,EMS000057,,Cynthia,Sandra,Price,,,2015-10-31,Female,Two or More Races,Not Hispanic or Latino,,,,Adams Group Hospital,2026-02-02 02:06:35.410158,EHR000057,MRN100057,Cynthia,Sandra,Price,,,2015-10-31,Female,Two or More Races,Not Hispanic or Latino,"185 Connor Fort, West Cassiefurt, WI 43279",4478735866,bartonkenneth@example.org,2026-02-02 03:29:35.410158,0,1.0,1.0,1.0,exact,,P620,P620,PRAC,PRAC,1,1
P00192,1,person_00192,person_00192,EMS000192,,Stephanie,Kim,Ramos,,,1936-03-14,Female,Black or African American,Hispanic or Latino,"661 Jason Knolls, Glennfurt, SD 41951",306-400-5313,,Price Group Hospital,2025-04-22 21:17:48.384533,EHR000192,MRN100192,Stephanie,Kim,Ramos,,,1935-03-14,Female,Black or African American,Hispanic or Latino,"4709 Brandon Lane, East Nicholas, IA 26713",306-400-5313,bradleyhunt@example.com,2025-04-22 21:51:48.384533,0,1.0,1.0,0.7,month_day_match_year_differs,0.379746835443038,R520,R520,RAN,RAN,1,1
P00024,1,person_00024,person_00024,EMS000024,,Briana,,King,,,1954-12-01,Female,Black or African American,Not Hispanic or Latino,"8217 Huerta Hills Suite 474, South Melissa, CT 31592",(995)694-4064x0909,,Byrd-Le Hospital,2025-01-16 01:32:09.981544,EHR000024,MRN100024,Briana,Julia,King,,,1954-12-01,Female,Black or African American,Not Hispanic or Latino,"8217 Huerta Hills Suite 474, South Melissa, CT 31592",(995)694-4064x0909,catherinegomez@example.net,2025-01-16 02:03:09.981544,0,1.0,1.0,1.0,exact,1.0,K520,K520,CANG,CANG,1,1
P00017,1,person_00017,person_00017,EMS000017,,Nathan,Ethan,Newton,,,2020-12-29,Male,Unknown,Not Hispanic or Latino,"Unit 4711 Box 6719, DPO AP 90475",9823400842,,Hernandez PLC Hospital,2025-05-06 01:19:34.334878,EHR000017,MRN100017,Nathan,Ethan,Newton,II,,2020-12-29,Male,Black or African American,Not Hispanic or Latino,"74989 Hooper Village, West Jeremy, HI 40119",9823400842,andrewstaylor@example.com,2025-05-06 02:07:34.334878,0,1.0,1.0,1.0,exact,0.3733333333333333,N350,N350,NAETAN,NAETAN,1,1
P00265,0,person_00265a,person_00265b,EMS000265,,Luis,Thomas,Berger,,,2019-03-24,Male,Unknown,Not Hispanic or Latino,"15502 Patrick Stream Apt. 546, Johnsonview, VA 86077",001-716-913-9449x8830,,Hernandez-Dickerson Hospital,2025-05-07 16:40:50.610602,EHR000265,MRN200015,Melissa,Charlene,Mason,,,1935-01-03,Female,Two or More Races,Not Hispanic or Latino,"440 Clark Tunnel, Sandovalview, KY 61114",+1-951-833-0531x949,,2025-04-20 16:03:27.358664,0,0.7261904761904763,0.0,0.0,no_match,0.34782608695652173,B626,M250,BARGAR,MASAN,0,0
P00066,1,person_00066,person_00066,EMS000066,,Chris,,Torres,,,1952-11-26,Male,White,Unknown,"37129 April Mills, North Heatherville, VI 55854",001-427-813-6111x554,,Bishop and Sons Hospital,2025-09-21 16:50:59.257597,EHR000066,MRN100066,Christopher,James,Torres,,Christopher Lyons,1952-11-26,Male,White,Not Hispanic or Latino,"37129 April Mills, North Heatherville, VI 55854",001-427-813-6111x554,darlenebyrd@example.org,2025-09-21 17:05:59.257597,0,0.890909090909091,1.0,1.0,exact,1.0,T620,T620,TAR,TAR,1,1
P00208,1,person_00208,person_00208,EMS000208,,Nancy,Amy,Swanson,,,2021-03-29,Female,White,Not Hispanic or Latino,"967 Scott Knoll, Shawview, NE 68736",001-434-214-6511x131,,Hayden Group Hospital,2026-04-12 15:47:00.624661,EHR000208,MRN100208,Nancy,Amy,Swanson,,,2023-03-29,Female,White,Not Hispanic or Latino,"967 Scott Knoll, Shawview, NE 68736",001-434-214-6511x131,paulangela@example.com,2026-04-12 16:49:00.624661,0,1.0,1.0,0.7,month_day_match_year_differs,1.0,S525,S525,SWANSAN,SWANSAN,1,1
P00479,0,person_00479a,person_00479b,EMS000479,,Larry,Christopher,Harris,,,2017-11-02,Male,White,Not Hispanic or Latino,"385 Nelson Mills, Bellmouth, OR 05311",905.354.9434x3687,,Bender-Mcdonald Hospital,2025-09-26 02:56:21.718164,EHR000479,MRN200229,Molly,Sandra,Baker,,,1988-11-05,Female,White,Not Hispanic or Latino,"PSC 7634, Box 1535, APO AP 61293",610.501.1547x734,cardenasdonna@example.net,2024-12-05 16:32:56.716916,0,0.46666666666666656,0.5777777777777778,0.0,no_match,0.3188405797101449,H620,B260,HAR,BACAR,0,0
P00094,1,person_00094,person_00094,EMS000094,,Kerry,,Colon,,,1931-07-01,Male,White,Unknown,"99305 Moon Crescent Suite 484, New Lynnstad, NY 67181",270.343.5811x288,,Harris Ltd Hospital,2025-07-06 01:16:11.367223,EHR000094,MRN100094,Kerry,Yesenia,Colon,,Kerry Zavala,1931-07-01,Female,White,Not Hispanic or Latino,"99305 Moon Crescent Suite 484, New Lynnstad, NY 67181",270.343.5811x288,ellenayala@example.net,2025-07-06 02:41:11.367223,0,1.0,1.0,1.0,exact,1.0,C450,C450,CALAN,CALAN,1,1
P00253,0,person_00253a,person_00253b,EMS000253,,Patricia,H.,Bryant,,,2001-09-27,Female,Asian,,"6515 Robin Shoal, Jacobsmouth, WY 55400",692.683.6929,,Jones LLC Hospital,2025-11-23 14:41:14.607545,EHR000253,MRN200003,Jonathan,Charles,Snyder,,,2014-05-26,Male,Unknown,Not Hispanic or Latino,"0216 Cannon Station, Newtonberg, VI 04967",(602)312-8866x52683,phyllis59@example.net,2026-08-26 08:54:54.916351,0,0.5833333333333334,0.4444444444444444,0.0,no_match,0.35,B653,S536,BRYAD,SNYDAR,0,0
P00266,0,person_00266a,person_00266b,EMS000266,,Jonathan,Joseph,Jackson,,,1967-09-19,Male,Two or More Races,Unknown,"785 Jared Pines, Kevinmouth, NV 88909",,,"Solomon, Reyes and Delgado Hospital",2026-03-10 11:38:30.718940,EHR000266,MRN200016,Lisa,,Atkinson,,,1939-11-16,Female,Two or More Races,Not Hispanic or Latino,"422 Pierce Knoll, South Rachel, KY 42365",001-451-458-8863x67747,iroberts@example.com,2025-12-22 12:15:07.861656,0,0.45833333333333326,0.7130952380952381,0.0,no_match,0.3116883116883117,J250,A325,JACSAN,ATCANSAN,0,0
P00023,1,person_00023,person_00023,EMS000023,,Marie,,Phelps,,,2012-04-19,Female,,,"780 Jimmy Spur Suite 316, Port Cynthiaville, NV 22306",001-840-405-0455x623,,Jimenez PLC Hospital,2025-11-25 20:41:52.992796,EHR000023,MRN100023,Marie,Sarah,Phelps,,,2012-04-19,Female,Black or African American,Hispanic or Latino,"780 Jimmy Spur Suite 316, Port Cynthiaville, NV 22306",001-840-405-0455x623,gregorylynch@example.com,2025-11-25 21:23:52.992796,0,1.0,1.0,1.0,exact,1.0,P412,P412,FALP,FALP,1,1
P00222,1,person_00222,person_00222,EMS000222,MRN100222,Melanie,S.,Spencer,,,2009-06-19,Female,Unknown,Unknown,"PSC 8436, Box 2418, APO AA 16902",001-736-890-3628x9177,,Nelson Inc Hospital,2025-12-15 12:56:29.679595,EHR000222,MRN100222,Melanie,Sherri,Spencer,,,2009-06-19,Female,,Not Hispanic or Latino,"PSC 8436, Box 2418, APO AA 16902",001-736-890-3628x9177,zmartin@example.com,2025-12-15 13:16:29.679595,1,1.0,1.0,1.0,exact,1.0,S152,S152,SPANCAR,SPANCAR,1,1
P00261,0,person_00261a,person_00261b,EMS000261,,Michael,,Hodge,,,1957-01-08,Male,White,Not Hispanic or Latino,"5295 Shelia Lodge, Monroeton, CA 25790",001-282-641-2704x93862,,Kelly-Cox Hospital,2026-01-21 17:29:17.426117,EHR000261,MRN200011,Keith,Michael,Knight,,,1974-08-24,Male,White,Not Hispanic or Latino,"12590 Kristina Forge, Stevenbury, ME 89746",+1-532-540-6424x2956,nicole24@example.com,2025-03-11 10:06:42.496870,0,0.5619047619047619,0.4555555555555555,0.0,no_match,0.44999999999999996,H320,K523,HADG,NAGT,0,0
P00426,0,person_00426a,person_00426b,EMS000426,,Theresa,,Lozano,,,1959-02-24,Female,Unknown,Not Hispanic or Latino,,,,"Gray, Perry and Graham Hospital",2025-07-26 15:50:30.928972,EHR000426,MRN200176,Mary,,Hughes,,Mary Preston,1997-08-28,Female,Black or African American,Not Hispanic or Latino,"774 Jill Crossroad, New Richard, TN 83983",830.426.5099,grantjacob@example.com,2024-11-28 02:36:50.971031,0,0.4642857142857142,0.0,0.0,no_match,,L250,H220,LASAN,HAG,0,0
P00005,1,person_00005,person_00005,EMS000005,,Kayla,,Ramirez,,,1976-10-10,Female,Unknown,Not Hispanic or Latino,"76311 Gomez Loop Suite 010, Chandlerville, IA 25613",387.926.2473,,Martin Group Hospital,2026-08-08 00:12:38.152246,EHR000005,MRN100005,Kayla,,Ramirez,,,1976-10-10,Female,White,Not Hispanic or Latino,"76311 Gomez Loop Suite 010, Chandlerville, IA 25613",387.926.2473,williamsyvette@example.org,2026-08-08 00:55:38.152246,0,1.0,1.0,1.0,exact,1.0,R562,R562,RANAR,RANAR,1,1
P00116,1,person_00116,person_00116,EMS000116,,Brian,Jason,Diaz,,,1948-10-03,Male,White,Not Hispanic or Latino,"2597 Scott Viaduct, East Gina, FL 99818",001-911-203-9240x5147,,Dunn-Dean Hospital,2025-10-03 07:52:49.328530,EHR000116,MRN100116,Brian,Jason,Diaz,,,1948-10-03,Male,Unknown,Not Hispanic or Latino,"2597 Scott Viaduct, East Gina, FL 99818",001-911-203-9240x5147,jason83@example.org,2025-10-03 09:10:49.328530,0,1.0,1.0,1.0,exact,1.0,D200,D200,D,D,1,1
P00045,1,person_00045,person_00045,EMS000045,,Jeffrey,,Khan,,,1999-10-10,Male,White,Hispanic or Latino,,(255)485-2398x6800,,"Taylor, Velazquez and Flores Hospital",2025-11-16 00:54:06.505438,EHR000045,MRN100045,Jeffrey,,Khan,,,1999-10-10,Male,White,Hispanic or Latino,"60983 Tran Cliffs Suite 878, Marciaville, DC 13173",(255)485-2398x6800,linda87@example.org,2025-11-16 01:39:06.505438,0,1.0,1.0,1.0,exact,,K500,K500,CAN,CAN,1,1
P00016,1,person_00016,person_00016,EMS000016,,Douglas,Jerry,Christensen,,,1984-10-18,Male,,Not Hispanic or Latino,"75273 Salinas Junctions Suite 948, New Stacyland, IA 94882",,,Parker-Hall Hospital,2026-01-25 14:20:55.713703,EHR000016,MRN100016,Douglas,Jerry,Christensen,,,1984-10-18,Male,Two or More Races,Not Hispanic or Latino,"75273 Salinas Junctions Suite 948, New Stacyland, IA 94882",(778)937-7701x43634,ronald85@example.com,2026-01-25 14:43:55.713703,0,1.0,1.0,1.0,exact,1.0,C623,C623,CRASTANSAN,CRASTANSAN,1,1
P00462,0,person_00462a,person_00462b,EMS000462,,Joseph,,Norris,,,1986-09-16,Male,Black or African American,Not Hispanic or Latino,"8201 Dawn Bridge, Jonesfort, MI 25211",+1-621-263-3613x17985,,Conway Inc Hospital,2026-04-29 23:42:37.723071,EHR000462,MRN200212,Dana,Megan,Guzman,,Dana Brady,1965-12-17,Female,White,Not Hispanic or Latino,"6399 Eric Vista, Yvetteborough, PA 83353",(425)751-7419,sotomegan@example.com,2026-05-25 23:23:32.085123,0,0.0,0.0,0.0,no_match,0.3116883116883117,N620,G255,NAR,GASNAN,0,0
P00357,0,person_00357a,person_00357b,EMS000357,,Theresa,,Lopez,,,1965-05-25,Female,White,Not Hispanic or Latino,"34303 Christian Village, Melindahaven, NM 53672",,,"James, Turner and Griffin Hospital",2025-04-23 04:36:23.203129,EHR000357,MRN200107,Mindy,Terri,Hendricks,,,1962-07-14,Female,White,Not Hispanic or Latino,"5974 Hughes Stream, Riversland, NE 27845",621-325-4508x095,jacob69@example.org,2026-07-17 19:00:36.440219,0,0.0,0.4370370370370371,0.0,no_match,0.3908045977011494,L120,H536,LAP,HANDRAC,0,0
P00003,1,person_00003,person_00003,EMS000003,,Joddy,,Mckay,,,2013-11-13,Female,Unknown,Not Hispanic or Latino,"148 Eric Track, New Stephanie, NC 00575",+1-357-901-5430x391,,Arroyo-Martin Hospital,2024-12-01 23:07:51.099745,EHR000003,MRN100003,Jody,,Mckay,,,2013-11-13,Female,White,Not Hispanic or Latino,"148 Eric Track, New Stephanie, NC 00575",+1-357-901-5430x391,spenceamanda@example.org,2024-12-01 23:51:51.099745,0,0.9533333333333333,1.0,1.0,exact,1.0,M200,M200,MCY,MCY,1,1
P00218,1,person_00218,person_00218,EMS000218,,Christopher,A.,Holt,,,1941-05-09,Male,,Unknown,"418 Thomas Fork, East Ronaldberg, MI 86400",736-317-2131x4519,,Moreno-Greene Hospital,2024-12-18 13:17:52.995966,EHR000218,MRN100218,Christopher,Anthony,Holt,,Christopher Burton,1942-05-09,Male,White,Unknown,"418 Thomas Fork, East Ronaldberg, MI 86400",736-317-2131x4519,sandra10@example.net,2024-12-18 14:13:52.995966,0,1.0,1.0,0.7,month_day_match_year_differs,1.0,H430,H430,HALT,HALT,1,1
P00405,0,person_00405a,person_00405b,EMS000405,,Randy,Raymond,Hall,,,1939-04-03,Male,Asian,Not Hispanic or Latino,"649 Jackson Radial, Ericborough, VT 91655",001-383-613-5490,,"Dixon, Murphy and Gonzalez Hospital",2026-07-03 22:54:18.083636,EHR000405,MRN200155,Alexander,James,White,,,1989-04-08,Male,White,Not Hispanic or Latino,"05498 Susan Groves Apt. 884, Port Brian, FL 91430",+1-717-281-6780x66431,graymelissa@example.net,2025-12-23 22:57:00.808258,0,0.6444444444444445,0.4833333333333334,0.0,no_match,0.33333333333333337,H400,W300,HAL,WAT,0,0
P00060,1,person_00060,person_00060,EMS000060,,Christopher,,Saunders,,,1933-03-20,Male,Unknown,Not Hispanic or Latino,"656 Alex Green, New Julie, OH 76590",,,"Johnston, Griffin and Myers Hospital",2025-05-16 12:04:39.186015,EHR000060,MRN100060,Christopher,,Saunders,,,1933-03-20,Male,Black or African American,Not Hispanic or Latino,"4167 Cynthia Garden, Donnachester, WY 49913",279-779-6886,rodriguezjohn@example.net,2025-05-16 13:23:39.186015,0,1.0,1.0,1.0,exact,0.3589743589743589,S536,S536,SANDAR,SANDAR,1,1
P00110,1,person_00110,person_00110,EMS000110,,Johnny,Glenn,Collins,,,2008-08-11,Male,Unknown,Unknown,"Unit 7051 Box 2046, DPO AE 71698",923.346.0136x7303,,Soto Inc Hospital,2026-07-15 01:30:34.754826,EHR000110,MRN100110,Johnny,Glenn,Collins,,,2006-08-11,Male,White,Not Hispanic or Latino,"Unit 7051 Box 2046, DPO AE 71698",923.346.0136x7303,thomasmaldonado@example.com,2026-07-15 02:58:34.754826,0,1.0,1.0,0.7,month_day_match_year_differs,1.0,C452,C452,CALAN,CALAN,1,1
P00318,0,person_00318a,person_00318b,EMS000318,,Jacob,R.,Glover,,,1966-04-26,Male,White,Not Hispanic or Latino,"706 John Rapids, Montgomerytown, WI 82342",001-282-621-0401x64818,,Moore-Shah Hospital,2025-03-31 04:52:07.500183,EHR000318,MRN200068,Kathleen,Tara,Black,,,1966-07-31,Female,White,Not Hispanic or Latino,"4321 Heather River, Jessicahaven, OK 85066",+1-646-642-0362x58631,murraybilly@example.com,2026-08-17 15:50:22.769002,0,0.44166666666666665,0.4555555555555555,0.25,year_match_only,0.3132530120481928,G416,B420,GLAVAR,BLAC,0,0
P00428,0,person_00428a,person_00428b,EMS000428,,William,Ronald,Casey,,,1958-01-27,Male,White,Unknown,"2288 Ashley Hills Suite 331, Saraview, MS 96342",001-915-974-9325x1149,,"Sullivan, Warren and Henderson Hospital",2025-07-29 08:29:35.383496,EHR000428,MRN200178,Alexis,Erica,Sanchez,,,1977-09-26,Female,White,Not Hispanic or Latino,"308 Shaw Circle, Lake Heatherfort, IA 11743",439-315-1143x6786,tuckeramy@example.net,2024-10-02 07:03:56.455898,0,0.5396825396825397,0.565079365079365,0.0,no_match,0.3111111111111111,C200,S522,CASY,SANC,0,0
P00029,1,person_00029,person_00029,EMS000029,,LLee,,Jones,,,1956-10-14,Male,Unknown,,"9847 Garcia Squares Apt. 836, Beasleychester, MA 59942",(361)856-5452x7111,,"Frye, Hoffman and Santiago Hospital",2025-10-10 14:15:28.843879,EHR000029,MRN100029,Lee,,Jones,,,1956-10-14,Male,White,Hispanic or Latino,"9847 Garcia Squares Apt. 836, Beasleychester, MA 59942",(361)856-5452x7111,garnernathan@example.org,2025-10-10 15:27:28.843879,0,0.9249999999999999,1.0,1.0,exact,1.0,J520,J520,JAN,JAN,1,1
P00437,0,person_00437a,person_00437b,EMS000437,,Peter,,Warren,,,1933-06-08,Male,Two or More Races,Unknown,"PSC 0104, Box 1945, APO AE 39990",895-928-1447,,Gardner LLC Hospital,2025-11-05 21:08:35.425081,EHR000437,MRN200187,Casey,,May,,,1994-09-14,Female,White,Hispanic or Latino,"PSC 3063, Box 5780, APO AP 30299",289.712.1397x436,angela57@example.com,2025-04-10 17:56:56.950345,0,0.46666666666666656,0.5,0.0,no_match,0.625,W650,M000,WARAN,MY,0,0
P00471,0,person_00471a,person_00471b,EMS000471,,Patrick,,Green,,,1959-02-02,Male,White,Not Hispanic or Latino,"35944 Alvin Summit, Lake Jeremy, NY 63527",,,"Franco, Dudley and Rodriguez Hospital",2026-08-15 11:12:18.898136,EHR000471,MRN200221,Henry,,Brooks,,,1956-01-29,Male,White,Not Hispanic or Latino,"USCGC Barton, FPO AP 10794",(739)288-5217x895,janice12@example.net,2025-04-28 10:45:20.852153,0,0.4476190476190476,0.4555555555555555,0.0,no_match,0.29850746268656714,G650,B620,GRAN,BRAC,0,0
P00026,1,person_00026,person_00026,EMS000026,,Jacuqeline,M.,Ruiz,,,1989-07-08,Female,Unknown,Hispanic or Latino,"USNV Herman, FPO AE 85390",974-361-2004,,"Avery, Horton and Fernandez Hospital",2025-07-27 13:17:52.548382,EHR000026,MRN100026,Jacqueline,Megan,Ruiz,,,1989-07-08,Female,White,Hispanic or Latino,"USNV Herman, FPO AE 85390",974-361-2004,youngamanda@example.com,2025-07-27 14:42:52.548382,0,0.9766666666666667,1.0,1.0,exact,1.0,R200,R200,R,R,1,1
P00007,1,person_00007,person_00007,EMS000007,MRN100007,Dvaid,James,Powers,,,1959-02-28,Male,White,Hispanic or Latino,"79911 William Curve, Nicolebury, MN 37854",,,"Clark, Cooper and Watts Hospital",2025-03-17 02:54:41.272181,EHR000007,MRN100007,David,James,Powers,,,1959-02-28,Male,White,Hispanic or Latino,"79911 William Curve, Nicolebury, MN 37854",(378)449-8084,darrell18@example.org,2025-03-17 04:01:41.272181,1,0.94,1.0,1.0,exact,1.0,P620,P620,PAOAR,PAOAR,1,1
P00453,0,person_00453a,person_00453b,EMS000453,,Mark,,Smith,,,1943-08-04,Female,White,Not Hispanic or Latino,"6249 Cox Mountains, Virginiamouth, NM 90990",244-869-5674,,"Shepherd, Kennedy and Warren Hospital",2025-04-15 22:55:38.954346,EHR000453,MRN200203,Elizabeth,,Case,,,1951-06-15,Female,White,Hispanic or Latino,"6688 Gomez Well, Lake Julie, KY 66912",948.535.8626,tirwin@example.net,2024-12-20 20:36:05.456677,0,0.4537037037037037,0.0,0.0,no_match,0.32499999999999996,S530,C200,SNAT,CAS,0,0
P00108,1,person_00108,person_00108,EMS000108,,Jim,Phillip,Miller,,,1955-08-05,Male,,Unknown,"40082 Mitchell Place Apt. 774, Port Russellport, PA 30806",687-728-2997x968,,Kelley and Sons Hospital,2025-07-18 22:42:58.023916,EHR000108,MRN100108,James,Phillip,Miller,Jr.,,1955-08-05,Male,Two or More Races,Not Hispanic or Latino,"3347 David Villages Apt. 005, Michellemouth, VI 71356",687-728-2997x968,zfernandez@example.org,2025-07-18 23:10:58.023916,0,0.6888888888888888,1.0,1.0,exact,0.4545454545454546,M460,M460,MALAR,MALAR,1,1
P00037,1,person_00037,person_00037,EMS000037,,Shelley,Amy,Castillo,,,1963-12-04,Female,Asian,Unknown,"USS Mitchell, FPO AE 36256",782.561.3750x606,,Combs Ltd Hospital,2024-09-19 18:24:13.865440,EHR000037,MRN100037,Shelley,Amy,Castillo,,,1965-12-04,Female,Asian,Not Hispanic or Latino,"USS Mitchell, FPO AE 36256",782.561.3750x606,xvang@example.org,2024-09-19 18:53:13.865440,0,1.0,1.0,0.7,month_day_match_year_differs,1.0,C234,C234,CASTAL,CASTAL,1,1
P00157,1,person_00157,person_00157,EMS000157,,Todd,Derek,Little,,,2007-07-06,Male,Unknown,Not Hispanic or Latino,"083 Ford Garden Apt. 466, Michelleland, SC 27181",(644)924-9363x12303,,Harris LLC Hospital,2025-12-15 17:45:36.764825,EHR000157,MRN100157,Todd,Derek,Little,,,2007-07-06,Male,White,Not Hispanic or Latino,"083 Ford Garden Apt. 466, Michelleland, SC 27181",(644)924-9363x12303,bcastro@example.com,2025-12-15 18:00:36.764825,0,1.0,1.0,1.0,exact,1.0,L340,L340,LATL,LATL,1,1
P00489,0,person_00489a,person_00489b,EMS000489,,Monica,Mary,Smith,,,1999-05-12,Female,White,Not Hispanic or Latino,"4164 Harvey Shoals Apt. 046, Andersonmouth, MD 85728",001-801-252-6974x4203,,Jones-Anderson Hospital,2024-12-04 18:30:17.003006,EHR000489,MRN200239,Eduardo,Joshua,Mcmillan,,,1948-07-31,Male,Two or More Races,Not Hispanic or Latino,"723 Raymond Station Apt. 601, Matthewberg, IN 18140",(271)348-5819x7015,ecrawford@example.net,2025-11-24 04:38:06.991603,0,0.4365079365079365,0.5499999999999999,0.0,no_match,0.4077669902912622,S530,M254,SNAT,MCNALAN,0,0
P00118,1,person_00118,person_00118,EMS000118,,Anrdew,Thomas,Torres,III,,2001-05-18,Male,White,Unknown,,(416)889-3639,,"Taylor, Weaver and Mcbride Hospital",2024-12-04 10:23:56.780291,EHR000118,MRN100118,Andrew,Thomas,Torres,III,Andrew Burns,2001-05-18,Male,White,Not Hispanic or Latino,"4384 Connie Wells Suite 084, East Matthew, MO 86606",(416)889-3639,renee57@example.net,2024-12-04 11:29:56.780291,0,0.9555555555555556,1.0,1.0,exact,,T620,T620,TAR,TAR,1,1
P00114,1,person_00114,person_00114,EMS000114,,Mak,,Mckenzie,,,1961-05-22,Male,White,Not Hispanic or Latino,"4196 Jessica Stream, Lauraburgh, NM 90887",4433350488,,"Johnston, Velez and Larson Hospital",2025-05-25 07:45:15.890679,EHR000114,MRN100114,Mark,,Mckenzie,,,1961-05-22,Male,White,Not Hispanic or Latino,"8457 Moyer Alley, West Caitlinhaven, DC 40063",4433350488,stevenseric@example.com,2025-05-25 08:16:15.890679,0,0.9333333333333333,1.0,1.0,exact,0.39534883720930236,M252,M252,MCANSY,MCANSY,1,1
P00175,1,person_00175,person_00175,EMS000175,,Dick,,Zuniga,,,1959-08-26,Male,White,Not Hispanic or Latino,"120 Hoffman Crossing Apt. 398, New Aimeefort, NY 02947",867-892-2877x72519,,Barrett PLC Hospital,2026-07-31 00:49:23.197199,EHR000175,MRN100175,Richard,Javier,Zuniga,,,1959-08-26,Male,Unknown,Unknown,"701 Jones Cape, Olsonport, OK 59794",867-892-2877x72519,rachelmorgan@example.org,2026-07-31 02:04:23.197199,0,0.5952380952380952,1.0,1.0,exact,0.3370786516853933,Z520,Z520,ZANAG,ZANAG,1,1
P00373,0,person_00373a,person_00373b,EMS000373,,Nathaniel,Roger,Jackson,,,1990-12-20,Male,White,Not Hispanic or Latino,"USS Chase, FPO AA 32923",001-819-527-9761x78159,,"Hinton, Torres and Duran Hospital",2026-03-11 20:54:15.431890,EHR000373,MRN200123,Megan,Wanda,Short,,,1944-12-22,Female,,Not Hispanic or Latino,"686 Cheryl Knoll Apt. 257, West Christina, OR 74622",(655)439-4607,wallacecourtney@example.org,2025-06-27 03:19:13.301443,0,0.5407407407407407,0.0,0.0,no_match,0.3513513513513513,J250,S630,JACSAN,SAD,0,0
P00181,1,person_00181,person_00181,EMS000181,,Meagn,,Santos,,,1961-06-05,Female,American Indian or Alaska Native,Not Hispanic or Latino,"3173 Wall View Suite 831, Duranmouth, OR 16862",790-636-1332,,Villegas Inc Hospital,2025-07-11 16:57:17.550776,EHR000181,MRN100181,Megan,,Santos,,Megan Nash,1961-05-06,Female,American Indian or Alaska Native,Not Hispanic or Latino,"1877 Holmes Cape Apt. 046, Stewartfurt, ID 44371",790-636-1332,garrettcolin@example.com,2025-07-11 17:36:17.550776,0,0.9466666666666665,1.0,0.85,month_day_transposed,0.3829787234042554,S532,S532,SANT,SANT,1,1
P00144,1,person_00144,person_00144,EMS000144,,Stephanie,Faith,Johnson,,,1972-02-14,Female,White,Not Hispanic or Latino,"5486 Brown Landing, Shaunhaven, NC 16584",,,Mckinney-Gregory Hospital,2026-05-28 12:29:26.122651,EHR000144,MRN100144,Stephanie,Faith,Johnson,,,1971-02-14,Female,White,Not Hispanic or Latino,"195 Zachary Spring, Pamelaville, MS 48419",590.355.2818x325,wmclaughlin@example.net,2026-05-28 13:13:26.122651,0,1.0,1.0,0.7,month_day_match_year_differs,0.419753086419753,J525,J525,JANSAN,JANSAN,1,1
P00369,0,person_00369a,person_00369b,EMS000369,,Christopher,Michael,Cohen,,,1955-06-05,Male,White,Unknown,"30833 Phillips Mills Apt. 488, Romeroshire, MA 02040",770-520-5968x519,,Hernandez LLC Hospital,2025-12-20 23:56:54.550211,EHR000369,MRN200119,Stephanie,Jennifer,Walters,,,1950-07-15,Female,White,Hispanic or Latino,"USNV Gutierrez, FPO AA 24747",877.752.2592x061,thomascassandra@example.org,2025-10-22 12:36:57.911001,0,0.6262626262626262,0.4476190476190476,0.0,no_match,0.35,C500,W436,CAHAN,WALTAR,0,0
P00390,0,person_00390a,person_00390b,EMS000390,MRN300140,Nicole,C.,Scott,,,2005-04-19,Female,White,Not Hispanic or Latino,"441 Craig Station Suite 388, New Dwaynebury, AL 88147",(834)235-9488x21884,,Li-Allen Hospital,2026-07-16 15:04:57.376533,EHR000390,MRN200140,Gregory,Brett,Garcia,,,1934-10-25,Male,White,Hispanic or Latino,"3412 Michelle Crest Suite 049, Smithbury, NM 19149",386-900-3203,millerlindsey@example.org,2025-01-30 11:20:19.760975,0,0.4365079365079365,0.4555555555555555,0.0,no_match,0.44660194174757284,S300,G620,SCAT,GARC,0,0
P00195,1,person_00195,person_00195,EMS000195,,Larry,,Turner,,,1985-06-03,Male,Black or African American,Not Hispanic or Latino,"2732 Adam Wall, Travischester, MO 97781",(489)662-7066x14982,,Cruz-Parker Hospital,2025-05-31 05:07:42.418180,EHR000195,MRN100195,Larry,,Turner,,,1985-06-03,Male,Black or African American,Not Hispanic or Latino,"Unit 3471 Box 5662, DPO AA 58353",(489)662-7066x14982,dford@example.com,2025-05-31 06:28:42.418180,0,1.0,1.0,1.0,exact,0.3380281690140845,T656,T656,TARNAR,TARNAR,1,1
P00404,0,person_00404a,person_00404b,EMS000404,,Amanda,,Perez,,,1956-01-10,Female,Two or More Races,,"06773 Lisa Mountains, New Sarahburgh, WA 24540",(567)794-1908x78865,,"Moore, Park and Church Hospital",2026-07-10 21:06:55.355225,EHR000404,MRN200154,Jason,Eric,Li,,Jason Horton,1996-07-21,Male,White,Not Hispanic or Latino,"0550 Duncan Dam Apt. 704, Hubbardland, ND 53122",+1-570-466-3201x62907,chambersashley@example.net,2025-08-23 12:06:41.213150,0,0.5777777777777778,0.0,0.0,no_match,0.3870967741935484,P620,L000,PAR,L,0,0
P00275,0,person_00275a,person_00275b,EMS000275,MRN300025,Brandy,Lindsey,Walsh,,,1960-03-31,Female,White,Not Hispanic or Latino,"58591 Vasquez Village Apt. 238, Port Sheri, IN 86904",416-649-1334,,Barajas-Lopez Hospital,2026-03-14 13:24:01.843048,EHR000275,MRN200025,Jose,William,Adams,,,2016-02-12,Male,White,,"290 Welch Underpass Apt. 202, Port Lauraburgh, MO 42775",5979753967,amy14@example.net,2026-07-06 01:21:10.909285,0,0.0,0.6,0.0,no_match,0.44859813084112155,W420,A352,WAL,ADAN,0,0
P00454,0,person_00454a,person_00454b,EMS000454,,Abigail,,Lynch,,,1953-10-24,Female,Two or More Races,,"834 Sanchez Stream Suite 958, West Andrewport, MD 08309",(509)628-4672x007,,Dyer and Sons Hospital,2024-11-06 23:56:07.702692,EHR000454,MRN200204,Latoya,,Terry,,,1973-02-09,Female,White,Not Hispanic or Latino,"PSC 7295, Box 4503, APO AP 04246",462-258-5150,victoria02@example.net,2025-01-30 08:54:14.657755,0,0.5396825396825397,0.0,0.0,no_match,0.3448275862068966,L520,T600,LYNC,TARY,0,0
P00141,1,person_00141,person_00141,EMS000141,,Jessse,Brian,Williams,,,1981-09-16,Male,Two or More Races,Not Hispanic or Latino,"8113 Watkins Islands, Gonzalezmouth, IN 14936",431-536-3631x79706,,Chen LLC Hospital,2025-07-30 13:06:52.854688,EHR000141,MRN100141,Jesse,Brian,Williams,,,1981-09-16,Male,Two or More Races,Not Hispanic or Latino,"8113 Watkins Islands, Gonzalezmouth, IN 14936",431-536-3631x79706,xthompson@example.org,2025-07-30 14:26:52.854688,0,0.9666666666666667,1.0,1.0,exact,1.0,W452,W452,WALAN,WALAN,1,1
P00365,0,person_00365a,person_00365b,EMS000365,,Andrew,D.,Reynolds,,,1959-07-30,Male,Unknown,Unknown,"USNS Cummings, FPO AE 74762",7028512137,,"Hayes, Riley and Gordon Hospital",2024-11-16 21:48:21.435366,EHR000365,MRN200115,Gary,George,Byrd,,,1975-06-10,Male,Unknown,Not Hispanic or Latino,"99314 Tran Field Suite 566, North Charles, ND 72686",(603)942-3622x033,isaac63@example.net,2025-04-07 05:44:28.029370,0,0.611111111111111,0.5972222222222222,0.0,no_match,0.33333333333333337,R543,B630,RAYNALD,BYD,0,0
P00067,1,person_00067,person_00067,EMS000067,,Jessica,Miranda,Fuller,,,1945-01-15,Female,White,Unknown,"5269 Diaz Springs, Port Thomas, WI 10068",2435898364,,Matthews Inc Hospital,2025-12-09 06:47:11.260806,EHR000067,MRN100067,Jessica,Miranda,Fuller,,,1945-01-15,Female,White,Not Hispanic or Latino,"11219 Bell Meadow Suite 234, East Angelaport, WI 91003",2435898364,pcruz@example.com,2025-12-09 07:31:11.260806,0,1.0,1.0,1.0,exact,0.4042553191489362,F460,F460,FALAR,FALAR,1,1
P00210,1,person_00210,person_00210,EMS000210,,Steven,Ryan,Brown,,,1929-03-22,Male,White,Not Hispanic or Latino,"1052 Gomez Courts Suite 731, South David, NM 01406",(443)676-5456,,Burgess-Smith Hospital,2024-12-26 09:26:04.599968,EHR000210,MRN100210,Steven,Ryan,Brown,,,1931-03-22,Male,White,Not Hispanic or Latino,"1052 Gomez Courts Suite 731, South David, NM 01406",(443)676-5456,mayodiana@example.com,2024-12-26 10:48:04.599968,0,1.0,1.0,0.7,month_day_match_year_differs,1.0,B650,B650,BRAON,BRAON,1,1
P00168,1,person_00168,person_00168,EMS000168,,Shannon,,Richards,,,1949-10-15,Female,Asian,Unknown,"50166 Mclaughlin Ranch Suite 076, Palmerfort, IN 94124",8809695814,,Smith-Roberts Hospital,2025-07-23 16:03:32.158848,EHR000168,MRN100168,Shannon,,Richards,II,,1949-10-15,Female,Asian,Hispanic or Latino,"50166 Mclaughlin Ranch Suite 076, Palmerfort, IN 94124",8809695814,simpsonsheila@example.com,2025-07-23 17:09:32.158848,0,1.0,1.0,1.0,exact,1.0,R263,R263,RACARD,RACARD,1,1
P00493,0,person_00493a,person_00493b,EMS000493,,Patrick,M.,Grimes,,,2005-10-28,Male,White,Unknown,"783 Bryant Gateway, East Johnfort, IN 36838",233-702-3641x22474,,Townsend-Jones Hospital,2025-09-07 05:26:11.126080,EHR000493,MRN200243,David,Gregory,Nguyen,,,1937-07-23,Male,Unknown,Not Hispanic or Latino,"51071 Valentine Islands, Brownshire, KY 83607",001-404-722-4564x119,melissa25@example.org,2026-04-15 19:25:27.884856,0,0.5619047619047619,0.5555555555555555,0.0,no_match,0.36363636363636365,G652,N250,GRAN,NGAYAN,0,0
P00375,0,person_00375a,person_00375b,EMS000375,,Mary,,Fernandez,,,1953-03-04,Female,White,Not Hispanic or Latino,"1856 Alexis Mission Suite 000, North Erin, VA 51668",001-561-999-5305x64184,,Brennan-Taylor Hospital,2026-06-26 00:44:33.925673,EHR000375,MRN200125,Philip,,Sloan,,,2017-04-29,Male,White,Not Hispanic or Latino,"60013 Watson Spurs Apt. 034, Kevinview, DC 79334",+1-206-874-5686x524,,2025-11-19 16:55:59.759187,0,0.0,0.374074074074074,0.0,no_match,0.36363636363636365,F655,S450,FARNAND,SLAN,0,0
P00400,0,person_00400a,person_00400b,EMS000400,,Kimberly,,Roberts,,,1936-02-09,Female,White,Hispanic or Latino,"883 Teresa Islands Suite 726, North Jodi, KY 52654",,,"Ward, Lee and Jones Hospital",2026-04-27 00:52:46.584284,EHR000400,MRN200150,Joseph,Harold,Flynn,,,2019-05-17,Male,Two or More Races,Hispanic or Latino,"2863 Gilmore Rue Apt. 122, West Christopher, OK 75657",(290)409-6627,,2024-10-07 14:39:42.758272,0,0.4305555555555556,0.0,0.0,no_match,0.38834951456310685,R163,F450,RABART,FLYN,0,0
P00272,0,person_00272a,person_00272b,EMS000272,MRN300022,Christina,,Sanchez,,,1985-01-26,Female,White,Not Hispanic or Latino,"840 Kelsey Cliff Suite 573, West Taylor, NH 47975",234-749-0216x66708,,Foley-Silva Hospital,2025-02-10 16:51:24.275699,EHR000272,MRN200022,Shelley,Erin,Ryan,,,1957-07-06,Female,White,Not Hispanic or Latino,"191 Amanda Union, New Sandraborough, WV 10080",001-264-877-2512x95786,adam60@example.org,2025-07-08 04:48:58.292400,0,0.4179894179894179,0.5952380952380952,0.0,no_match,0.3191489361702128,S522,R500,SANC,RYAN,0,0
P00109,1,person_00109,person_00109,EMS000109,,Jasn,,Foster,,,1946-04-03,Male,White,Not Hispanic or Latino,,217-497-4973x5020,,Davis Inc Hospital,2026-02-12 07:31:31.731693,EHR000109,MRN100109,Jason,Justin,Foster,,,1946-03-04,Male,White,Not Hispanic or Latino,"3416 Zachary Union Suite 484, Lopezland, HI 18408",217-497-4973x5020,campbelldavid@example.com,2026-02-12 09:01:31.731693,0,0.9533333333333333,1.0,0.85,month_day_transposed,,F236,F236,FASTAR,FASTAR,1,1
P00248,1,person_00248,person_00248,EMS000248,,Martah,,Fisher,,,1949-09-16,Male,White,Not Hispanic or Latino,"38503 Jones Port, West Tinachester, PA 97401",+1-718-872-4010x783,,Ayala and Sons Hospital,2026-07-11 10:24:02.074100,EHR000248,MRN100248,Martha,Amanda,Fisher,,,1949-09-16,Female,Unknown,Not Hispanic or Latino,"38503 Jones Port, West Tinachester, PA 97401",+1-718-872-4010x783,oturner@example.org,2026-07-11 11:34:02.074100,0,0.9666666666666667,1.0,1.0,exact,1.0,F260,F260,FASAR,FASAR,1,1
P00145,1,person_00145,person_00145,EMS000145,,Joseph,,Oliver,,,2006-08-26,Male,,Unknown,"5670 Lopez Brooks, Port Stacey, SD 44525",,,Lane-Rios Hospital,2024-09-15 18:01:41.629122,EHR000145,MRN100145,Joseph,Eduardo,Oliver,,,2006-08-26,Male,White,Not Hispanic or Latino,"USS Lopez, FPO AA 11944",462-941-1241,nancymeyer@example.net,2024-09-15 18:58:41.629122,0,1.0,1.0,1.0,exact,0.4444444444444444,O416,O416,OLAVAR,OLAVAR,1,1
P00092,1,person_00092,person_00092,EMS000092,,Heather,,Chavez,,,1989-03-11,Female,White,Not Hispanic or Latino,"863 Schwartz Causeway, Hughesmouth, OH 07552",5435973598,,Bennett Group Hospital,2026-02-18 03:17:38.559090,EHR000092,MRN100092,Heather,,Chavez,,,1989-03-11,Female,White,Not Hispanic or Latino,"863 Schwartz Causeway, Hughesmouth, OH 07552",5435973598,shane12@example.org,2026-02-18 04:38:38.559090,0,1.0,1.0,1.0,exact,1.0,C120,C120,CAV,CAV,1,1
P00152,1,person_00152,person_00152,EMS000152,,aCitlyn,,Chandler,,,1953-08-19,Female,Unknown,Not Hispanic or Latino,"480 Mark Crescent Suite 479, Gloriamouth, IN 73103",001-575-892-7125x663,,Roberts-Wyatt Hospital,2024-11-18 18:14:35.951882,EHR000152,MRN100152,Caitlyn,Kathryn,Chandler,,,1953-08-19,Female,White,,"083 Tamara Extension, Lake Coreyborough, PW 66586",001-575-892-7125x663,juarezleon@example.com,2024-11-18 18:46:35.951882,0,0.9523809523809524,1.0,1.0,exact,0.4040404040404041,C534,C534,CANDLAR,CANDLAR,1,1
P00367,0,person_00367a,person_00367b,EMS000367,MRN300117,Karen,,Potter,,,1960-08-08,Female,White,,"PSC 0245, Box 3012, APO AE 96801",001-484-272-3034,,"Hernandez, Wagner and Velazquez Hospital",2024-12-20 17:35:53.769131,EHR000367,MRN200117,Rhonda,Rebecca,Lowery,,Rhonda Smith,1973-10-23,Female,Black or African American,Hispanic or Latino,"240 Brown Via, Hendricksview, TN 72127",217.875.4619x924,danielle38@example.com,2026-01-07 04:15:44.257455,0,0.5777777777777778,0.6666666666666666,0.0,no_match,0.2857142857142857,P360,L600,PATAR,LAOARY,0,0
P00467,0,person_00467a,person_00467b,EMS000467,MRN300217,Wayne,,Clay,,,2024-01-31,Male,,Not Hispanic or Latino,"45056 Vincent Ports Apt. 754, East Malloryview, MH 23824",+1-361-678-9257,,"Wong, Smith and Carter Hospital",2025-04-30 18:21:22.030412,EHR000467,MRN200217,Scott,Joshua,Savage,,,2025-07-26,Male,White,Hispanic or Latino,"4816 Zachary Heights, Port Kaitlyn, VI 73807",2633585301,scottlane@example.net,2026-08-06 10:22:25.500407,0,0.0,0.4722222222222221,0.0,no_match,0.4200000000000001,C400,S120,CLY,SAVAG,0,0
P00083,1,person_00083,person_00083,EMS000083,,Vincennt,,Franco,,,1984-01-01,Male,,Not Hispanic or Latino,"82417 Joyce Stream Apt. 513, Jeffreyport, MT 43927",+1-565-720-7446x660,,Green-Carter Hospital,2026-06-23 09:01:15.222451,EHR000083,MRN100083,Vincent,,Franco,,,1984-01-01,Male,White,Not Hispanic or Latino,"1715 Davidson Wall Suite 443, New Kathy, MH 07942",+1-565-720-7446x660,ginalittle@example.com,2026-06-23 10:24:15.222451,0,0.975,1.0,1.0,exact,0.38383838383838387,F652,F652,FRANC,FRANC,1,1
P00245,1,person_00245,person_00245,EMS000245,,Lisa,A.,Meadows,,,1975-02-10,Male,White,Unknown,"25883 Orr Pine Suite 812, West Diana, OK 44972",624.446.1767x929,,Jones-Johnson Hospital,2025-11-24 05:30:32.643501,EHR000245,MRN100245,Lisa,Amanda,Meadows,IV,Lisa Estes,1975-02-10,Female,White,Not Hispanic or Latino,"25883 Orr Pine Suite 812, West Diana, OK 44972",624.446.1767x929,brianna95@example.net,2025-11-24 05:49:32.643501,0,1.0,1.0,1.0,exact,1.0,M320,M320,MADAO,MADAO,1,1
P00165,1,person_00165,person_00165,EMS000165,,Nanncy,,Dorsey,,,2016-07-07,Female,White,Unknown,"158 Tracy Loaf Suite 499, Davischester, AS 48766",+1-326-661-0857x327,,Sutton LLC Hospital,2025-04-06 14:35:01.267733,EHR000165,MRN100165,Nancy,,Dorsey,,,2016-07-07,Female,White,Not Hispanic or Latino,"158 Tracy Loaf Suite 499, Davischester, AS 48766",+1-326-661-0857x327,zkim@example.com,2025-04-06 15:50:01.267733,0,0.9611111111111111,1.0,1.0,exact,1.0,D620,D620,DARSY,DARSY,1,1
P00163,1,person_00163,person_00163,EMS000163,,mAy,,Hall,,,1954-05-20,Female,Two or More Races,Not Hispanic or Latino,"70758 Ellis Creek Apt. 151, Port Justin, MP 22559",,,Long PLC Hospital,2026-08-17 00:31:05.928447,EHR000163,MRN100163,Amy,Brittany,Hall,,Amy Johnson,1955-05-20,Female,Two or More Races,Not Hispanic or Latino,"70758 Ellis Creek Apt. 151, Port Justin, MP 22559",001-584-999-3908x9261,clayanthony@example.net,2026-08-17 01:33:05.928447,0,0.5555555555555555,1.0,0.7,month_day_match_year_differs,1.0,H400,H400,HAL,HAL,1,1
P00199,1,person_00199,person_00199,EMS000199,,Ehtan,David,Ward,,,1968-07-07,Male,White,,"1076 Anthony Crossing Suite 357, Robertsonborough, AL 84134",905-305-7397x69156,,"Walter, Glover and Moran Hospital",2024-12-12 18:04:15.843322,EHR000199,MRN100199,Ethan,David,Ward,,,1968-07-07,Male,White,Not Hispanic or Latino,"1076 Anthony Crossing Suite 357, Robertsonborough, AL 84134",905-305-7397x69156,mcarter@example.net,2024-12-12 18:24:15.843322,0,0.94,1.0,1.0,exact,1.0,W630,W630,WAD,WAD,1,1
P00228,1,person_00228,person_00228,EMS000228,,Zachary,J.,Bell,,,,Male,White,Hispanic or Latino,"27652 Amy Light Suite 649, North Lindaville, CO 85648",2966179817,,Gonzalez Group Hospital,2025-10-07 02:24:28.258442,EHR000228,MRN100228,Zachary,Jason,Bell,,,2009-05-04,Male,White,Hispanic or Latino,"27652 Amy Light Suite 649, North Lindaville, CO 85648",2966179817,xlewis@example.com,2025-10-07 03:47:28.258442,0,1.0,1.0,,missing,1.0,B400,B400,BAL,BAL,1,1
P00074,1,person_00074,person_00074,EMS000074,,Linda,Alyssa,Cochran,,,1957-05-08,Female,Unknown,Not Hispanic or Latino,"593 Craig Shoals Apt. 480, New Meghan, AS 51412",(422)539-5590x599,,Hall and Sons Hospital,2024-09-26 21:47:43.517248,EHR000074,MRN100074,Linda,Alyssa,Cochran,Jr.,,1957-05-08,Female,Unknown,Not Hispanic or Latino,"593 Craig Shoals Apt. 480, New Meghan, AS 51412",(422)539-5590x599,lweaver@example.com,2024-09-26 22:40:43.517248,0,1.0,1.0,1.0,exact,1.0,C265,C265,CACRAN,CACRAN,1,1
P00478,0,person_00478a,person_00478b,EMS000478,,John,Derek,Adkins,,,2024-10-06,Male,Unknown,Not Hispanic or Latino,"2053 Schaefer Walk, Claireland, CT 79052",001-728-756-7285x021,,Evans-Leon Hospital,2024-12-20 01:39:16.678186,EHR000478,MRN200228,Kathleen,Gina,Flores,,,1943-11-04,Female,Black or African American,Hispanic or Latino,"PSC 6264, Box 3956, APO AA 84563",344.360.7890x75199,,2026-01-07 03:20:57.438607,0,0.45833333333333326,0.4444444444444444,0.0,no_match,0.3055555555555556,A325,F462,ADCAN,FLAR,0,0
P00358,0,person_00358a,person_00358b,EMS000358,,Ashley,Tammy,Smith,,,2013-04-28,Female,,Hispanic or Latino,"9142 Martinez Via, Brianview, SD 71864",001-533-226-1454,,"Johnson, Rice and Hogan Hospital",2026-05-27 11:17:05.835229,EHR000358,MRN200108,Patricia,,Perez,,,2021-12-17,Female,Two or More Races,Not Hispanic or Latino,"81785 Douglas Crest, West Jessicamouth, CO 73505",952-235-4268x744,crawforddawn@example.org,2026-07-13 06:26:42.844058,0,0.4305555555555556,0.0,0.0,no_match,0.34883720930232553,S530,P620,SNAT,PAR,0,0
P00250,0,person_00250a,person_00250b,EMS000250,,Larry,,Mendoza,Jr.,,1942-04-15,Male,Black or African American,Unknown,"375 Scott Hollow Suite 843, Luisside, NY 14182",5566974132,,"Robinson, Johnson and Swanson Hospital",2026-07-05 04:32:37.478583,EHR000250,MRN200000,Amanda,Cynthia,Alexander,IV,Amanda Duran,2021-03-14,Female,Two or More Races,Not Hispanic or Latino,"4964 Brian Walk, Simpsonfurt, MS 58699",2337626804,kentkaren@example.com,2026-06-24 01:12:13.828203,0,0.4555555555555555,0.5886243386243386,0.0,no_match,0.30952380952380953,M532,A425,MANDAS,ALAXANDAR,0,0
P00119,1,person_00119,person_00119,EMS000119,,Scott,Eric,Thornton,,,1982-06-03,Male,White,Unknown,"925 Angela Stravenue, East Lonnieberg, VA 04365",001-656-564-7423x12209,,Anderson-Mathis Hospital,2026-01-14 20:23:45.706022,EHR000119,MRN100119,Scott,Eric,Thornton,,,1980-06-03,Male,Unknown,Not Hispanic or Latino,"925 Angela Stravenue, East Lonnieberg, VA 04365",001-656-564-7423x12209,jerryjohnson@example.org,2026-01-14 21:00:45.706022,0,1.0,1.0,0.7,month_day_match_year_differs,1.0,T653,T653,TARNTAN,TARNTAN,1,1
P00310,0,person_00310a,person_00310b,EMS000310,,Jocelyn,,Miranda,,,2004-09-19,Female,Black or African American,Not Hispanic or Latino,"9415 Michael Loaf, New Sierra, VA 02890",,,Hartman Ltd Hospital,2026-03-09 11:57:30.603615,EHR000310,MRN200060,Renee,Patty,Powell,,,1946-07-29,Female,White,Not Hispanic or Latino,"137 Hughes Row Suite 300, Lopezshire, MI 02745",+1-455-960-5712x19881,jspencer@example.net,2024-11-25 15:41:11.454387,0,0.4476190476190476,0.0,0.0,no_match,0.4,M653,P400,MARAND,PAOAL,0,0
P00299,0,person_00299a,person_00299b,EMS000299,,Robin,,Flores,,,1953-10-23,Female,,Unknown,"77731 Paul Roads, East Elizabethhaven, FL 09413",,,"Jacobs, Guerrero and Berry Hospital",2025-11-03 20:08:09.135170,EHR000299,MRN200049,Timothy,James,Obrien,,,2013-01-07,Male,American Indian or Alaska Native,Not Hispanic or Latino,"9862 Carol Heights, Mejiachester, PA 04552",(718)612-0546x47548,ydixon@example.net,2025-10-13 09:10:30.578809,0,0.39523809523809517,0.6666666666666666,0.0,no_match,0.3820224719101124,F462,O165,FLAR,OBRAN,0,0
P00255,0,person_00255a,person_00255b,EMS000255,,Jordan,,Hardin,,,2017-12-25,Female,Black or African American,,"4124 Tanya Unions Apt. 315, New Matthew, NH 83158",001-581-450-6185x3800,,Barnes-West Hospital,2025-04-02 23:20:46.450338,EHR000255,MRN200005,Craig,John,Washington,,,1948-06-08,Male,Two or More Races,Hispanic or Latino,"18306 Travis Ridge, Lake Gregory, MT 90676",996-993-5782x434,iharper@example.com,2025-02-06 02:25:05.774438,0,0.5777777777777778,0.6055555555555555,0.0,no_match,0.3296703296703297,H635,W252,HARDAN,WASANGTAN,0,0
P00354,0,person_00354a,person_00354b,EMS000354,,Krista,Angela,Chapman,,,1960-05-22,Female,White,Unknown,"16880 Karen Trail Suite 378, North Amy, MS 80278",(289)372-8454,,Jefferson-Martinez Hospital,2024-12-03 13:34:42.567587,EHR000354,MRN200104,April,Cassandra,Lewis,,,1958-08-23,Female,White,Not Hispanic or Latino,"20414 Freeman Harbors, Lake David, WA 69300",001-511-265-9930x2020,sharon23@example.org,2025-07-16 18:56:05.978119,0,0.5777777777777778,0.0,0.0,no_match,0.39560439560439564,C155,L200,CAPNAN,LAE,0,0
P00399,0,person_00399a,person_00399b,EMS000399,,Emily,M.,Romero,,,2017-11-08,Female,Two or More Races,Hispanic or Latino,"09617 Anthony Ports, Lake Judy, ND 35704",324-603-2115x35505,,"Bender, Martin and Mcdonald Hospital",2025-07-10 06:45:31.597211,EHR000399,MRN200149,Margaret,Elizabeth,Wade,,,1935-05-09,Female,White,,"724 Jacobs Crossroad Suite 422, New Amyview, SC 89027",581-592-0487x70676,,2024-11-07 18:32:57.196576,0,0.44166666666666665,0.4722222222222221,0.0,no_match,0.30107526881720426,R560,W300,RANAR,WAD,0,0
P00225,1,person_00225,person_00225,EMS000225,,Ryan,,Brooks,,,1978-09-22,Male,Unknown,Not Hispanic or Latino,"55973 Wilson Motorway Apt. 827, Lake Jason, OK 04606",367.315.7787,,"Schroeder, Brown and Stokes Hospital",2026-03-14 08:14:20.057144,EHR000225,MRN100225,Ryan,Tristan,Brooks,,Ryan Fleming,1978-09-22,Male,White,Not Hispanic or Latino,"038 Eric Cove, Nicholasshire, MO 10066",367.315.7787,jessicalowery@example.com,2026-03-14 09:38:20.057144,0,1.0,1.0,1.0,exact,0.3555555555555555,B620,B620,BRAC,BRAC,1,1
P00353,0,person_00353a,person_00353b,EMS000353,,Timothy,,Gregory,,,2021-08-22,Male,Unknown,Unknown,"PSC 7598, Box 8759, APO AE 11999",,,Lewis-Watson Hospital,2024-11-15 21:52:04.720670,EHR000353,MRN200103,Judith,Heather,Lopez,,,1954-12-19,Female,Unknown,Not Hispanic or Latino,"Unit 0920 Box 7115, DPO AE 30077",001-380-923-6219x215,parksariana@example.com,2024-11-20 00:53:44.879143,0,0.6428571428571429,0.4476190476190476,0.0,no_match,0.5,G626,L120,GRAGARY,LAP,0,0
P00234,1,person_00234,person_00234,EMS000234,,Gabriel,James,Ray,,,1956-09-27,Male,White,Not Hispanic or Latino,"15632 James Valleys, Lisaside, AL 90710",955-961-8579x064,,Green Inc Hospital,2024-09-20 13:41:58.844583,EHR000234,MRN100234,Gabriel,James,Ray,,,1957-09-27,Male,White,Not Hispanic or Latino,"4260 Matthew Brook, South Codychester, VA 39953",955-961-8579x064,cameronsharon@example.org,2024-09-20 14:02:58.844583,0,1.0,1.0,0.7,month_day_match_year_differs,0.32558139534883723,R000,R000,RY,RY,1,1
P00382,0,person_00382a,person_00382b,EMS000382,,Gregory,,Young,,,2009-08-24,Male,White,Hispanic or Latino,,001-881-687-3877x58333,,Norris-Combs Hospital,2024-09-13 13:15:30.666811,EHR000382,MRN200132,David,,Smith,,,1931-11-05,Male,White,Not Hispanic or Latino,"PSC 5386, Box 0282, APO AA 17965",(942)904-1231x905,adrianchang@example.org,2026-01-28 19:51:31.088835,0,0.0,0.0,0.0,no_match,,Y520,S530,YANG,SNAT,0,0
P00274,0,person_00274a,person_00274b,EMS000274,,Matthew,,Liu,,,1932-03-01,Male,Unknown,,"USNV Williams, FPO AE 23747",001-502-682-2700,,Chase-Herrera Hospital,2024-11-20 06:57:43.613085,EHR000274,MRN200024,Carrie,Kelly,Hernandez,,,2007-07-22,Female,White,Not Hispanic or Latino,"20734 Garrett Ville Suite 950, West Anthonyfort, AZ 96832",(360)286-9822,phyllis16@example.org,2025-08-12 15:47:28.729153,0,0.5396825396825397,0.0,0.0,no_match,0.33333333333333337,L000,H655,L,HARNAND,0,0
P00036,1,person_00036,person_00036,EMS000036,,Russsell,,Johnson,,,1962-08-27,Male,Two or More Races,Not Hispanic or Latino,"622 Marie Trail, Lake Samuel, MT 48250",+1-937-994-7383x47359,,Solis and Sons Hospital,2026-08-06 00:22:58.031855,EHR000036,MRN100036,Russell,Stephen,Johnson,,,1962-08-27,Male,Two or More Races,Not Hispanic or Latino,"622 Marie Trail, Lake Samuel, MT 48250",+1-937-994-7383x47359,kimberly88@example.com,2026-08-06 00:32:58.031855,0,0.975,1.0,1.0,exact,1.0,J525,J525,JANSAN,JANSAN,1,1
P00196,1,person_00196,person_00196,EMS000196,,Victoria,,Dyer,,,1942-06-27,Female,Unknown,,"USNS Lee, FPO AA 33958",001-458-675-0663x37050,,"Lynn, Skinner and Smith Hospital",2025-02-26 21:47:27.180359,EHR000196,MRN100196,Victoria,Andrea,Dyer,,Victoria Riddle,1942-06-27,Female,White,Not Hispanic or Latino,"USNS Lee, FPO AA 33958",001-458-675-0663x37050,jblackburn@example.com,2025-02-26 22:24:27.180359,0,1.0,1.0,1.0,exact,1.0,D600,D600,DYAR,DYAR,1,1
P00139,1,person_00139,person_00139,EMS000139,,Knneth,Chad,Copeland,,,2006-01-02,Male,White,Not Hispanic or Latino,"1142 Jackson Land, South John, OR 05835",(219)462-0710,,Schwartz-Harris Hospital,2025-06-30 05:14:30.829974,EHR000139,MRN100139,Kenneth,Chad,Copeland,,,2006-01-02,Male,White,Not Hispanic or Latino,"1142 Jackson Land, South John, OR 05835",(219)462-0710,mannbrittney@example.com,2025-06-30 06:06:30.829974,0,0.9071428571428571,1.0,1.0,exact,1.0,C145,C145,CAPALAD,CAPALAD,1,1
P00364,0,person_00364a,person_00364b,EMS000364,MRN300114,Lisa,K.,Hudson,,,,Female,White,Not Hispanic or Latino,"6345 Baxter Highway Apt. 441, Cherylfurt, OK 79600",001-539-634-4974,,Johnson Inc Hospital,2025-08-10 09:56:20.693612,EHR000364,MRN200114,Russell,,Lyons,,,1946-12-09,Male,White,Not Hispanic or Latino,"629 Cummings Forge Suite 132, North Whitneyshire, NV 17420",7215707548,crystal65@example.com,2025-10-31 22:46:53.071604,0,0.4642857142857142,0.5888888888888889,,missing,0.31481481481481477,H325,L520,HADSAN,LYAN,0,0
P00244,1,person_00244,person_00244,EMS000244,,Jennifer,Vickie,Wilkins,,,2010-08-16,Female,White,Not Hispanic or Latino,"916 Daisy Ferry Apt. 328, South Timothy, LA 87996",897-854-6617,,"Turner, Brewer and Barry Hospital",2025-06-10 15:31:21.404323,EHR000244,MRN100244,Jennifer,Vickie,Wilkins,,,2010-08-16,Female,Unknown,Not Hispanic or Latino,"916 Daisy Ferry Apt. 328, South Timothy, LA 87996",897-854-6617,anthonybryant@example.net,2025-06-10 16:54:21.404323,0,1.0,1.0,1.0,exact,1.0,W425,W425,WALCAN,WALCAN,1,1
P00439,0,person_00439a,person_00439b,EMS000439,,Erin,,Marks,,,1987-09-11,Female,Unknown,Not Hispanic or Latino,"7490 Thompson Parks Suite 024, West Shannon, IA 28405",329.759.4523,,Combs PLC Hospital,2026-03-02 03:35:46.490804,EHR000439,MRN200189,Alicia,,Clayton,,,1988-02-23,Female,Two or More Races,Not Hispanic or Latino,"2174 Caroline Village, North Kevin, MT 61319",+1-521-953-9266,fostervalerie@example.com,2026-08-09 14:25:59.911131,0,0.4722222222222221,0.4476190476190476,0.0,no_match,0.35051546391752575,M620,C435,MARC,CLAYTAN,0,0
P00286,0,person_00286a,person_00286b,EMS000286,,Mary,Brandi,Moreno,,,1954-01-12,Female,Black or African American,Not Hispanic or Latino,"957 Brooks Inlet, South Donald, CT 71650",+1-874-496-0335x8268,,Turner-Lang Hospital,2025-08-12 05:14:12.042665,EHR000286,MRN200036,Latoya,Carrie,Terrell,,,1995-04-28,Female,Asian,Not Hispanic or Latino,"326 Mcdonald Ways Apt. 759, Lake Coltonland, CO 03314",6053155323,cindy59@example.com,2026-01-26 03:28:02.923948,0,0.611111111111111,0.373015873015873,0.0,no_match,0.4086021505376344,M650,T640,MARAN,TARAL,0,0
P00059,1,person_00059,person_00059,EMS000059,,Desiree,Elizabeth,Patton,,,2020-05-12,Female,White,Not Hispanic or Latino,"937 Derek Avenue Suite 596, Scottchester, GU 85833",+1-924-559-3752x654,,Vargas PLC Hospital,2026-07-12 00:47:14.137011,EHR000059,MRN100059,Desiree,Elizabeth,Patton,,Desiree Ward,2020-05-12,Female,White,Not Hispanic or Latino,"937 Derek Avenue Suite 596, Scottchester, GU 85833",+1-924-559-3752x654,nicholas65@example.org,2026-07-12 01:39:14.137011,0,1.0,1.0,1.0,exact,1.0,P350,P350,PATAN,PATAN,1,1
P00111,1,person_00111,person_00111,EMS000111,,Natasha,Krista,Martinez,,,1976-05-18,Female,Unknown,Not Hispanic or Latino,"3065 John Canyon Suite 784, Lopezburgh, ND 46070",,,Oconnor-Hill Hospital,2025-08-21 12:51:38.068645,EHR000111,MRN100111,Natasha,Krista,Martinez,,,1976-05-18,Female,White,Not Hispanic or Latino,"31365 Gary Harbor Apt. 630, New Kristenfort, UT 78647",(251)232-7195,deanna81@example.org,2025-08-21 13:23:38.068645,0,1.0,1.0,1.0,exact,0.4752475247524752,M635,M635,MARTAN,MARTAN,1,1
P00089,1,person_00089,person_00089,EMS000089,,Kathy,,Simpson,,,1946-05-17,Female,Unknown,Hispanic or Latino,"54083 Powell Freeway Apt. 779, Millerfort, NV 41927",,,Cox-Brown Hospital,2026-01-02 16:11:58.898888,EHR000089,MRN100089,Kathy,Julie,Simpson,,,1946-05-17,Female,Black or African American,Hispanic or Latino,"54083 Powell Freeway Apt. 779, Millerfort, NV 41927",270-316-6088,pamela83@example.net,2026-01-02 17:14:58.898888,0,1.0,1.0,1.0,exact,1.0,S512,S512,SANPSAN,SANPSAN,1,1
P00436,0,person_00436a,person_00436b,EMS000436,,William,James,Wong,,,2012-06-20,Male,White,Not Hispanic or Latino,"00668 Emily Unions Apt. 728, North Thomas, GA 25689",611.252.2328x22282,,Hawkins-Williams Hospital,2026-07-14 21:52:50.519176,EHR000436,MRN200186,Hunter,Larry,Larson,,,1933-09-11,Male,Unknown,Not Hispanic or Latino,"847 Jeremy Tunnel, Lake Darrellbury, MI 87927",4532572289,oroberts@example.net,2025-05-19 16:47:06.186310,0,0.0,0.0,0.0,no_match,0.39583333333333337,W520,L625,WANG,LARSAN,0,0
P00006,1,person_00006,person_00006,EMS000006,,aKren,,Barrera,,,1946-04-20,Female,Unknown,Not Hispanic or Latino,"7468 Moore Hill Apt. 098, Lake Leeton, OR 62994",,,Harris-Moran Hospital,2025-04-18 06:40:39.415696,EHR000006,MRN100006,Karen,Sharon,Barrera,,,1946-04-20,Female,Two or More Races,Not Hispanic or Latino,"7468 Moore Hill Apt. 098, Lake Leeton, OR 62994",582.208.1219x13619,barnesbrandy@example.net,2025-04-18 07:20:39.415696,0,0.9333333333333332,1.0,1.0,exact,1.0,B660,B660,BARAR,BARAR,1,1
P00360,0,person_00360a,person_00360b,EMS000360,MRN300110,Margaret,Patricia,Ramos,,,1997-02-04,Female,White,Not Hispanic or Latino,"45735 David Manors, Millerstad, AZ 62044",(410)587-0826x9718,,"Moore, Cabrera and Ewing Hospital",2026-08-23 15:16:02.926595,EHR000360,MRN200110,Belinda,Jennifer,Gomez,,,2010-12-19,Female,Asian,Unknown,"821 Wade Ville, Leblancview, ND 34353",001-267-335-7422x33222,jon25@example.net,2026-05-18 23:24:20.484219,0,0.42261904761904767,0.46666666666666656,0.0,no_match,0.4675324675324676,R520,G520,RAN,GAN,0,0
P00346,0,person_00346a,person_00346b,EMS000346,,Kevin,,Kim,,,1937-09-28,Male,Black or African American,Not Hispanic or Latino,,001-613-940-7851x699,,Turner Inc Hospital,2026-04-29 05:34:32.299803,EHR000346,MRN200096,Paige,Jessica,Kelley,,,1958-08-11,Female,White,Not Hispanic or Latino,"69708 Amber Point Apt. 787, West Anthonyshire, NE 24173",(471)897-6093x201,shawn89@example.net,2025-01-13 14:37:48.457908,0,0.46666666666666656,0.5,0.0,no_match,,K500,K400,CAN,CALY,0,0
P00338,0,person_00338a,person_00338b,EMS000338,,Timothy,T.,Lloyd,,,1953-01-02,Male,White,Hispanic or Latino,"11708 Reilly Pass Apt. 186, Kevinberg, GA 99831",775-988-3978,,Simmons-Snyder Hospital,2026-03-30 08:10:42.757488,EHR000338,MRN200088,Debbie,,Williams,Sr.,,1975-09-21,Female,White,Not Hispanic or Latino,"36914 Davis Rue, East Williamfort, TX 77889",629-268-8276x970,jerome14@example.org,2025-07-05 13:13:54.974900,0,0.0,0.5499999999999999,0.0,no_match,0.4,L300,W452,LAYD,WALAN,0,0
P00158,1,person_00158,person_00158,EMS000158,,Chad,,Lara,,,1947-05-19,Male,White,Unknown,"01594 Rachel Lodge Suite 162, North Ashley, NY 16313",,,Roy-Brown Hospital,2025-07-17 04:54:19.155973,EHR000158,MRN100158,Chad,David,Lara,,Chad Hopkins,1947-05-19,Male,White,Not Hispanic or Latino,"01594 Rachel Lodge Suite 162, North Ashley, NY 16313",898.547.1391x55963,daniellewis@example.com,2025-07-17 05:53:19.155973,0,1.0,1.0,1.0,exact,1.0,L600,L600,LAR,LAR,1,1
P00150,1,person_00150,person_00150,EMS000150,,Liz,,Jennings,,,1996-01-20,Female,Asian,Unknown,"02845 Jenkins Estates Apt. 328, Port Jacob, MH 73725",+1-788-681-6711x207,,Jackson-Torres Hospital,2026-03-10 23:07:07.422236,EHR000150,MRN100150,Elizabeth,,Jennings,,,1996-01-20,Female,Asian,Hispanic or Latino,"02845 Jenkins Estates Apt. 328, Port Jacob, MH 73725",+1-788-681-6711x207,don79@example.net,2026-03-11 00:28:07.422236,0,0.7777777777777777,1.0,1.0,exact,1.0,J552,J552,JANANG,JANANG,1,1
P00177,1,person_00177,person_00177,EMS000177,,Elizabeth,Annette,Thomas,,,2015-07-01,Female,White,Unknown,"33993 Romero Parkways, Averyview, AR 42225",386.517.0630x489,,"Harris, Faulkner and Brooks Hospital",2026-05-10 08:46:13.555752,EHR000177,MRN100177,Elizabeth,Annette,Thomas,,,2015-07-01,Female,Unknown,,"33993 Romero Parkways, Averyview, AR 42225",386.517.0630x489,,2026-05-10 09:53:13.555752,0,1.0,1.0,1.0,exact,1.0,T520,T520,TAN,TAN,1,1
P00393,0,person_00393a,person_00393b,EMS000393,,Scott,,Pierce,,,1939-07-17,Male,Black or African American,Not Hispanic or Latino,"7642 Wagner Valley, Foleyville, MD 62427",985.751.2817,,"Castillo, Cooley and Goodwin Hospital",2025-06-06 21:08:32.321924,EHR000393,MRN200143,Kathleen,,Garcia,,,1965-01-28,Female,White,Not Hispanic or Latino,"972 Jessica Brook, West Kristin, NE 99903",001-954-567-7205x1710,serranosteven@example.com,2025-03-10 17:05:39.160658,0,0.44166666666666665,0.5555555555555555,0.0,no_match,0.2962962962962963,P620,G620,PARC,GARC,0,0
P00184,1,person_00184,person_00184,EMS000184,,Kenneth,,Mccarty,,,,Male,White,Not Hispanic or Latino,"2342 Abbott Gardens, East Andrew, MP 34814",001-463-662-0501x5081,,Smith Ltd Hospital,2024-10-01 05:57:05.997648,EHR000184,MRN100184,Kenneth,,Mccarty,,,1989-03-11,Male,White,Not Hispanic or Latino,"70730 Heather Mountain, East Timothy, WI 43953",001-463-662-0501x5081,llee@example.com,2024-10-01 07:24:05.997648,0,1.0,1.0,,missing,0.36363636363636365,M263,M263,MCARTY,MCARTY,1,1
P00449,0,person_00449a,person_00449b,EMS000449,MRN300199,Robin,,Johnson,,,1950-05-22,Female,White,,"USCGC Schwartz, FPO AP 53934",(652)282-4685x49272,,Nash-Schmidt Hospital,2026-02-12 07:43:29.833320,EHR000449,MRN200199,Megan,,Thomas,,Megan Payne,1993-09-30,Female,White,Not Hispanic or Latino,"51908 Ramirez View Apt. 716, Lake Brian, SD 91736",001-233-256-3693x0100,cameronramos@example.org,2026-04-13 12:44:24.268742,0,0.46666666666666656,0.5317460317460317,0.0,no_match,0.33766233766233766,J525,T520,JANSAN,TAN,0,0
P00010,1,person_00010,person_00010,EMS000010,,Haely,R.,Graham,,,2024-02-29,Female,Black or African American,Unknown,"0608 Michael Cliff, Cindyville, VA 39864",,,Marshall-Ramos Hospital,2025-11-16 07:55:58.041950,EHR000010,MRN100010,Haley,Rachel,Graham,,,2024-02-29,Female,Black or African American,Not Hispanic or Latino,"0608 Michael Cliff, Cindyville, VA 39864",646.856.4823x66299,,2025-11-16 09:07:58.041950,0,0.9466666666666665,1.0,1.0,exact,1.0,G650,G650,GRAHAN,GRAHAN,1,1
P00380,0,person_00380a,person_00380b,EMS000380,,Kevin,,Mullen,,,1981-04-06,Male,White,Not Hispanic or Latino,"2551 Jennifer Canyon Apt. 858, Port Wayneville, AZ 37647",802-443-7361x58736,,"Austin, Keller and Massey Hospital",2025-03-30 03:28:58.990899,EHR000380,MRN200130,Jordan,Kyle,Carroll,Sr.,,1950-07-07,Male,White,Not Hispanic or Latino,"058 Cantrell Terrace, Davisport, NV 87750",415.766.3979,kristy11@example.com,2025-06-13 04:08:47.869820,0,0.4555555555555555,0.4365079365079365,0.0,no_match,0.41237113402061853,M450,C640,MALAN,CARAL,0,0
P00103,1,person_00103,person_00103,EMS000103,,Angie,D.,Ross,,,1994-12-04,Female,,Not Hispanic or Latino,"011 Barber Points, Michaelview, IN 79978",,,"Wright, Ramos and Bennett Hospital",2026-06-01 03:49:36.212897,EHR000103,MRN100103,Angie,Desiree,Ross,,,1994-04-12,Female,Unknown,Not Hispanic or Latino,"011 Barber Points, Michaelview, IN 79978",376.390.4268,matthew18@example.com,2026-06-01 04:51:36.212897,0,1.0,1.0,0.85,month_day_transposed,1.0,R200,R200,R,R,1,1
P00081,1,person_00081,person_00081,EMS000081,,Jonatthon,Chad,York,,,2014-03-13,Male,White,,"03070 Bush Harbor, Madisonhaven, MO 83785",703-757-9727,,Hughes and Sons Hospital,2024-11-04 04:56:27.983944,EHR000081,MRN100081,Jonathon,Chad,York,,,2014-03-13,Male,White,Hispanic or Latino,"03070 Bush Harbor, Madisonhaven, MO 83785",703-757-9727,marygreen@example.net,2024-11-04 05:41:27.983944,0,0.9777777777777777,1.0,1.0,exact,1.0,Y620,Y620,YARC,YARC,1,1
P00038,1,person_00038,person_00038,EMS000038,,George,,Thomas,,,1933-04-20,Male,,Not Hispanic or Latino,"PSC 7277, Box 9010, APO AA 28767",(389)286-1434,,Carlson-Smith Hospital,2024-10-15 01:20:17.366737,EHR000038,MRN100038,George,,Thomas,,,1934-04-20,Male,White,Not Hispanic or Latino,"PSC 7277, Box 9010, APO AA 28767",(389)286-1434,robertbauer@example.com,2024-10-15 02:32:17.366737,0,1.0,1.0,0.7,month_day_match_year_differs,1.0,T520,T520,TAN,TAN,1,1
P00314,0,person_00314a,person_00314b,EMS000314,,Stephen,D.,Campbell,,,2007-08-02,Male,White,Not Hispanic or Latino,"780 Susan Islands, Bradleytown, NJ 25852",(714)364-4936,,Davis and Sons Hospital,2025-11-03 03:44:46.394981,EHR000314,MRN200064,Frederick,,Hodge,,,1964-07-25,Male,White,Unknown,"3680 Dakota Dam Apt. 603, Gutierrezland, CT 89755",+1-672-233-3510,rmartinez@example.net,2025-07-24 18:33:28.748434,0,0.5026455026455027,0.44166666666666665,0.0,no_match,0.3146067415730337,C514,H320,CANPBAL,HADG,0,0
P00167,1,person_00167,person_00167,EMS000167,MRN100167,Coddy,,Lopez,,,2001-08-18,Male,Black or African American,Not Hispanic or Latino,"8314 Hernandez Manors, North Gabrielberg, WA 92591",001-597-349-9564x1220,,Maynard-Ruiz Hospital,2025-01-30 00:20:38.948666,EHR000167,MRN100167,Cody,,Lopez,,,2001-08-18,Male,Black or African American,Not Hispanic or Latino,"8006 Alexander Shoal, Stevensfurt, VI 86709",001-597-349-9564x1220,hortonjacob@example.org,2025-01-30 01:27:38.948666,1,0.9533333333333333,1.0,1.0,exact,0.4086021505376344,L120,L120,LAP,LAP,1,1
P00469,0,person_00469a,person_00469b,EMS000469,,Alexander,,Mullins,,,1953-06-18,Male,Unknown,Not Hispanic or Latino,"740 Wiggins Brooks Suite 675, West Candicestad, ID 39566",215-273-3099,,"Shaw, Vargas and Ross Hospital",2024-10-26 15:20:25.609426,EHR000469,MRN200219,Rebecca,Jacqueline,Kelly,,,1978-10-03,Female,White,Hispanic or Latino,"453 Pena Manors Suite 352, Port Erica, MT 56840",2005470911,brenda56@example.org,2026-01-15 19:04:29.791483,0,0.5026455026455027,0.5619047619047619,0.0,no_match,0.4271844660194175,M452,K400,MALAN,CALY,0,0
P00296,0,person_00296a,person_00296b,EMS000296,,Andrew,Brian,Smith,,,2019-06-10,Male,White,Hispanic or Latino,,(939)456-1372x3081,,Mullins-Carrillo Hospital,2026-01-23 23:22:07.735487,EHR000296,MRN200046,Elizabeth,Christine,Little,,,2021-01-21,Female,White,Not Hispanic or Latino,"41321 Jon Crest, Duffyfurt, AL 91965",+1-245-965-3469x979,portermichael@example.com,2026-05-21 05:56:17.202723,0,0.4259259259259258,0.5777777777777778,0.0,no_match,,S530,L340,SNAT,LATL,0,0
P00474,0,person_00474a,person_00474b,EMS000474,,Mark,A.,Harris,,,1935-02-02,Female,Two or More Races,Not Hispanic or Latino,"8597 Jonathan Field Suite 129, Christophermouth, HI 94508",2586028606,,Bridges Inc Hospital,2025-06-30 13:27:03.068608,EHR000474,MRN200224,Deborah,Jennifer,Howard,,,1959-03-15,Female,White,Not Hispanic or Latino,"9509 Jonathan Corner Suite 664, North Clayton, MS 43653",+1-756-823-8878x8876,charlesprice@example.org,2024-12-01 15:51:50.377585,0,0.4642857142857142,0.6666666666666666,0.0,no_match,0.4821428571428571,H620,H630,HAR,HAOAD,0,0
P00198,1,person_00198,person_00198,EMS000198,,David,Steven,Ortiz,,,1990-03-18,Male,Unknown,Unknown,"41614 Matthew Prairie, South Todd, WV 13714",2048090138,,Maldonado-Cooper Hospital,2025-07-09 21:12:29.105234,EHR000198,MRN100198,David,Steven,Ortiz,,,1990-03-18,Male,White,Not Hispanic or Latino,"41614 Matthew Prairie, South Todd, WV 13714",2048090138,sarah75@example.net,2025-07-09 22:18:29.105234,0,1.0,1.0,1.0,exact,1.0,O632,O632,ORT,ORT,1,1
P00297,0,person_00297a,person_00297b,EMS000297,,Jay,,Matthews,,,2014-04-28,Male,Unknown,Not Hispanic or Latino,"USCGC Vang, FPO AA 05569",,,Olson and Sons Hospital,2024-12-21 06:02:46.023825,EHR000297,MRN200047,Jennifer,,Smith,,,1942-11-09,Female,White,Not Hispanic or Latino,"718 Steven Square, Solisside, SD 95440",4492187274,carolyn61@example.net,2026-05-03 20:40:48.922014,0,0.48611111111111116,0.6583333333333333,0.0,no_match,0.29032258064516125,M320,S530,MATAE,SNAT,0,0
P00416,0,person_00416a,person_00416b,EMS000416,,Derek,S.,Shaffer,,,1940-03-08,Male,Unknown,Not Hispanic or Latino,"567 Jay Vista, Lake Jasmine, UT 63292",423.796.4402,,Preston Inc Hospital,2024-10-20 17:59:45.672782,EHR000416,MRN200166,Jamie,Shannon,Delgado,,,1955-03-14,Female,White,Hispanic or Latino,"238 Pearson Cape, East Gina, AK 75897",640-616-9332,jasonphillips@example.net,2025-11-04 21:10:48.989656,0,0.46666666666666656,0.4285714285714286,0.0,no_match,0.3783783783783784,S160,D423,SAFAR,DALGAD,0,0
P00146,1,person_00146,person_00146,EMS000146,,Rachel,,Wade,,,1983-01-10,Female,White,Not Hispanic or Latino,"57828 Martinez Burg Suite 727, Ericside, NY 43922",001-484-922-2231x059,,"Thornton, Wells and Roberts Hospital",2024-09-24 12:23:08.825480,EHR000146,MRN100146,Rachel,Katelyn,Wade,,,1981-01-10,Female,White,Not Hispanic or Latino,"9242 Perez Landing Suite 025, Stephenburgh, RI 21576",001-484-922-2231x059,mike38@example.net,2024-09-24 12:48:08.825480,0,1.0,1.0,0.7,month_day_match_year_differs,0.4554455445544554,W300,W300,WAD,WAD,1,1
P00392,0,person_00392a,person_00392b,EMS000392,,Tracy,,Johnson,,,1946-10-13,Female,White,,"23622 Peter Camp Suite 968, Melanieview, MO 87844",306.775.1691x3952,,Hall PLC Hospital,2025-03-30 14:25:42.626781,EHR000392,MRN200142,Samantha,Jasmine,Smith,,,2018-10-18,Female,Two or More Races,Hispanic or Latino,"84243 Christine Way Apt. 924, Wesleybury, AK 01840",816-991-0530x2151,kathryn86@example.net,2026-02-01 22:43:10.466533,0,0.44166666666666665,0.4476190476190476,0.0,no_match,0.38383838383838387,J525,S530,JANSAN,SNAT,0,0
P00147,1,person_00147,person_00147,EMS000147,,Tony,,Hooper,,,1985-03-01,Male,Unknown,Not Hispanic or Latino,"1702 Kyle Locks Apt. 751, Brianborough, OR 69501",843.501.8718,,"Ward, Hernandez and Nash Hospital",2026-07-20 07:30:26.068788,EHR000147,MRN100147,Tony,,Hooper,,,1985-03-01,Male,White,Not Hispanic or Latino,"1702 Kyle Locks Apt. 751, Brianborough, OR 69501",843.501.8718,mstewart@example.net,2026-07-20 07:42:26.068788,0,1.0,1.0,1.0,exact,1.0,H160,H160,HAPAR,HAPAR,1,1
P00447,0,person_00447a,person_00447b,EMS000447,MRN300197,Kimberly,,Elliott,,,1975-06-29,Female,White,Not Hispanic or Latino,"738 Stephanie Underpass, Harrisonville, DE 66202",325-427-8630x9007,,Landry-Downs Hospital,2024-12-26 03:10:07.534201,EHR000447,MRN200197,Brenda,Elizabeth,Roberts,,,1951-03-29,Female,White,Hispanic or Latino,"7771 Michael Springs, Rodriguezstad, VT 80443",(656)667-6409x96833,smithjennifer@example.org,2026-04-24 04:18:39.701616,0,0.5277777777777778,0.4285714285714286,0.0,no_match,0.3655913978494624,E430,R163,ELAT,RABART,0,0
P00287,0,person_00287a,person_00287b,EMS000287,,Christopher,,Martin,,,1941-11-29,Male,Unknown,Not Hispanic or Latino,"PSC 6288, Box 7431, APO AP 19722",910.426.7672x095,,Cole-Hamilton Hospital,2025-12-17 13:17:32.613649,EHR000287,MRN200037,Keith,Stephen,Huerta,,,2014-11-17,Male,White,Not Hispanic or Latino,"462 Victoria Turnpike, Lake Malik, VT 11389",(697)209-9625x438,kflores@example.org,2026-01-23 21:19:27.585558,0,0.5131313131313131,0.5555555555555555,0.0,no_match,0.34666666666666673,M635,H630,MARTAN,HART,0,0
P00123,1,person_00123,person_00123,EMS000123,,Charles,Andrew,Lane,,,1987-12-22,Male,White,Unknown,"9469 Green Ports, Sarashire, NM 68619",856-516-8147x21458,,"Welch, Vasquez and White Hospital",2026-08-15 13:43:35.376233,EHR000123,MRN100123,Charles,Andrew,Lane,,,1987-12-22,Male,White,Hispanic or Latino,"16224 Tammy Summit, Sarahland, WI 39730",856-516-8147x21458,cherylrodriguez@example.net,2026-08-15 14:59:35.376233,0,1.0,1.0,1.0,exact,0.34210526315789463,L500,L500,LAN,LAN,1,1
P00368,0,person_00368a,person_00368b,EMS000368,,Catherine,,Stewart,,,1934-06-21,Female,White,Not Hispanic or Latino,"USNV Cruz, FPO AP 37430",,,Thomas Group Hospital,2024-09-14 20:31:49.525537,EHR000368,MRN200118,Jimmy,Jose,Young,III,,1963-08-05,Male,Asian,Not Hispanic or Latino,"901 Wyatt Wall Suite 403, West Dale, RI 81405",852-695-1712x227,,2026-05-18 07:27:49.865890,0,0.0,0.0,0.0,no_match,0.32352941176470584,S363,Y520,STAEAD,YANG,0,0
P00096,1,person_00096,person_00096,EMS000096,,Jane,Samantha,Johnson,,,1945-07-06,Female,White,Unknown,"975 Anderson Shoal, North Justin, CA 25863",001-453-268-2223x9431,,Tucker-Murphy Hospital,2026-01-02 19:53:48.162848,EHR000096,MRN100096,Jane,Samantha,Johnson,,,1945-07-06,Female,White,Not Hispanic or Latino,"424 Bernard Branch Apt. 100, Medinaland, ME 28033",001-453-268-2223x9431,enewman@example.com,2026-01-02 21:13:48.162848,0,1.0,1.0,1.0,exact,0.37362637362637363,J525,J525,JANSAN,JANSAN,1,1
P00143,1,person_00143,person_00143,EMS000143,,Pat,,Johnson,,,1981-02-12,Female,Black or African American,Not Hispanic or Latino,"7318 Heather Lodge, East Michael, IA 85388",907-942-7990,,"Schultz, Dalton and Jones Hospital",2025-12-01 01:10:55.751114,EHR000143,MRN100143,Patricia,,Johnson,IV,,1981-02-12,Female,Black or African American,Not Hispanic or Latino,"7318 Heather Lodge, East Michael, IA 85388",907-942-7990,,2025-12-01 01:39:55.751114,0,0.8541666666666666,1.0,1.0,exact,1.0,J525,J525,JANSAN,JANSAN,1,1
P00239,1,person_00239,person_00239,EMS000239,,Michael,Earl,Perez,,,2002-05-21,Male,White,Not Hispanic or Latino,"5775 Alvarado Glen, Stephenstad, ME 93582",289-571-4802x63257,,Fowler-Sheppard Hospital,2025-01-18 18:34:48.735070,EHR000239,MRN100239,Michael,Earl,Perez,,Michael Gordon,2002-05-21,Male,White,Not Hispanic or Latino,"5775 Alvarado Glen, Stephenstad, ME 93582",289-571-4802x63257,vhoward@example.org,2025-01-18 19:22:48.735070,0,1.0,1.0,1.0,exact,1.0,P620,P620,PAR,PAR,1,1
P00442,0,person_00442a,person_00442b,EMS000442,,John,,Reeves,,,,Male,Unknown,Not Hispanic or Latino,"765 Nicole Junctions, New Donald, CT 13393",001-340-465-2664x26735,,Lane-Arellano Hospital,2025-11-30 01:44:55.094220,EHR000442,MRN200192,Terri,Connie,Morton,,,1954-04-22,Female,Two or More Races,Not Hispanic or Latino,"USNV Chambers, FPO AA 98984",(697)664-8784x9622,maria04@example.com,2025-04-17 04:56:02.892537,0,0.0,0.4444444444444444,,missing,0.28985507246376807,R120,M635,RAAF,MARTAN,0,0
P00097,1,person_00097,person_00097,EMS000097,,Matthew,M.,Hernandez,,,2007-05-24,Male,Asian,Not Hispanic or Latino,,001-364-452-5777x547,,"Green, Shannon and Fernandez Hospital",2026-06-12 06:01:30.710335,EHR000097,MRN100097,Matthew,Michael,Hernandez,,Matthew Knight,2007-05-24,Male,,Not Hispanic or Latino,"USNS Smith, FPO AE 29536",001-364-452-5777x547,wilkinsonmichele@example.org,2026-06-12 06:11:30.710335,0,1.0,1.0,1.0,exact,,H655,H655,HARNAND,HARNAND,1,1
P00407,0,person_00407a,person_00407b,EMS000407,,Felicia,,Nicholson,,,1976-09-10,Female,White,Not Hispanic or Latino,"42425 Ricky Brook, East Summermouth, MN 33091",8289497603,,Munoz-Weber Hospital,2025-07-08 17:45:08.607271,EHR000407,MRN200157,Jaime,Brandi,Hubbard,,,1996-03-08,Female,American Indian or Alaska Native,Not Hispanic or Latino,"64818 Clarke Tunnel Suite 036, Maryhaven, ND 19751",859-877-3854,yolandayu@example.org,2025-06-04 14:32:19.634971,0,0.4476190476190476,0.4179894179894179,0.0,no_match,0.3789473684210526,N242,H163,NACALSAN,HABAD,0,0
P00122,1,person_00122,person_00122,EMS000122,,Nichoolas,Tyler,Roberts,,,1947-10-29,Male,Unknown,Not Hispanic or Latino,"PSC 3094, Box 0777, APO AP 01254",+1-273-539-7767x199,,Delgado Inc Hospital,2025-01-12 04:45:33.367313,EHR000122,MRN100122,Nicholas,Tyler,Roberts,,,1947-10-29,Male,Unknown,Not Hispanic or Latino,"PSC 3094, Box 0777, APO AP 01254",+1-273-539-7767x199,christine83@example.org,2025-01-12 06:03:33.367313,0,0.9777777777777777,1.0,1.0,exact,1.0,R163,R163,RABART,RABART,1,1
P00183,1,person_00183,person_00183,EMS000183,,Heathr,K.,Oliver,,,1948-04-28,Male,White,Not Hispanic or Latino,"24968 Collins Plains, East Terrance, PA 45445",,,"Holden, Greene and Rivera Hospital",2025-08-12 16:25:00.248797,EHR000183,MRN100183,Heather,Karen,Oliver,,,1948-04-28,Female,White,Not Hispanic or Latino,"24968 Collins Plains, East Terrance, PA 45445",550-589-2038x8065,kristenpeterson@example.net,2025-08-12 17:08:00.248797,0,0.9714285714285714,1.0,1.0,exact,1.0,O416,O416,OLAVAR,OLAVAR,1,1
P00202,1,person_00202,person_00202,EMS000202,,LLinda,,Mooney,,,1942-05-23,Female,,Hispanic or Latino,"Unit 9737 Box 4605, DPO AE 94448",830.727.6420,,"Acosta, Campbell and Leblanc Hospital",2025-06-11 20:09:49.675955,EHR000202,MRN100202,Linda,Ellen,Mooney,,,1942-05-23,Female,White,,"Unit 9737 Box 4605, DPO AE 94448",830.727.6420,wgregory@example.com,2025-06-11 20:42:49.675955,0,0.9500000000000001,1.0,1.0,exact,1.0,M500,M500,MANY,MANY,1,1
P00246,1,person_00246,person_00246,EMS000246,,Morgan,,Ortega,,,,Female,Unknown,Not Hispanic or Latino,"312 Campos Manor, North Cherylville, AZ 98796",,,Harmon Group Hospital,2025-03-27 03:48:51.082026,EHR000246,MRN100246,Morgan,Crystal,Ortega,,Morgan Porter,1995-03-13,Female,White,Not Hispanic or Latino,"312 Campos Manor, North Cherylville, AZ 98796",875-490-2517,jameshenry@example.net,2025-03-27 04:04:51.082026,0,1.0,1.0,,missing,1.0,O632,O632,ORTAG,ORTAG,1,1
P00305,0,person_00305a,person_00305b,EMS000305,,Kevin,,Stephenson,,,2002-09-19,Male,,,"898 Yolanda Drives, Riveramouth, VA 95206",+1-642-223-1964x6300,,Kaufman-Esparza Hospital,2025-04-26 21:15:55.603140,EHR000305,MRN200055,Robert,,Ware,,,1971-03-21,Male,Unknown,Hispanic or Latino,"12047 Jeffery Expressway, Wilsonmouth, AS 45424",+1-657-549-8855x829,lisahamilton@example.com,2025-09-05 20:53:06.252606,0,0.4555555555555555,0.44999999999999996,0.0,no_match,0.38636363636363635,S315,W600,STAFANSAN,WAR,0,0
P00298,0,person_00298a,person_00298b,EMS000298,,Aaron,,Roman,,,2016-09-03,Male,White,Not Hispanic or Latino,"2359 Perez Mills, North Frankberg, WA 79826",001-307-875-6085,,"Adams, Moreno and Turner Hospital",2026-03-28 20:35:53.641682,EHR000298,MRN200048,Michaela,Andrea,Miller,,,2014-01-19,Female,White,Not Hispanic or Latino,"8321 Fernando Ports Apt. 378, Angelafort, CA 86518",(696)418-0332,,2024-11-20 12:57:27.993941,0,0.44166666666666665,0.4555555555555555,0.0,no_match,0.3870967741935484,R550,M460,RANAN,MALAR,0,0
P00351,0,person_00351a,person_00351b,EMS000351,,Gerald,,Kim,,,1934-10-28,Male,Unknown,Not Hispanic or Latino,"3279 Sarah Station, Dawnbury, TN 98935",500-364-9340,,"Patterson, Sloan and Holloway Hospital",2024-09-08 16:59:19.562269,EHR000351,MRN200101,Shawn,Jeffrey,Hunter,,,1997-01-15,Male,White,Not Hispanic or Latino,"84913 Gilmore Ridges, New Michael, WV 98810",259.252.0561,kstuart@example.net,2024-09-13 05:13:01.934024,0,0.4555555555555555,0.0,0.0,no_match,0.2962962962962963,K500,H536,CAN,HANTAR,0,0
P00386,0,person_00386a,person_00386b,EMS000386,,Dakota,Lawrence,Cross,,,1942-10-22,Male,Unknown,,"48486 Cole Canyon Apt. 139, Floreschester, HI 19904",001-502-512-3720x550,,Bender PLC Hospital,2025-10-01 01:34:33.470347,EHR000386,MRN200136,Jamie,Rebecca,Manning,,,2025-02-05,Female,Black or African American,Not Hispanic or Latino,"008 David Crest, Yatestown, OR 12604",(292)832-7379x8979,weaverjessica@example.com,2026-05-07 17:05:06.974511,0,0.4555555555555555,0.0,0.0,no_match,0.3448275862068966,C620,M552,CR,MANANG,0,0
P00395,0,person_00395a,person_00395b,EMS000395,,Natalie,,Murphy,,,,Female,,Unknown,"53567 Jillian Parkway Suite 755, Erikland, OR 92836",4389422736,,Lopez-Sanders Hospital,2026-04-02 16:46:05.547728,EHR000395,MRN200145,Tony,,Thomas,,,1940-06-21,Male,White,Not Hispanic or Latino,"7691 Rodriguez Expressway Apt. 429, Danielview, MP 72916",(498)430-5216x9039,roachjulie@example.net,2024-09-09 08:10:12.489942,0,0.4285714285714286,0.0,,missing,0.3551401869158879,M610,T520,MARFY,TAN,0,0
P00284,0,person_00284a,person_00284b,EMS000284,,Mary,C.,Walsh,,,1941-08-12,Female,Asian,Not Hispanic or Latino,"PSC 7128, Box 5246, APO AA 70789",249-941-1631x8732,,Hawkins-Thomas Hospital,2026-05-08 06:42:30.901081,EHR000284,MRN200034,Roy,Cody,Farmer,,,2007-04-09,Male,White,Not Hispanic or Latino,"2790 Kayla Stream Suite 090, West Michele, KS 23507",(573)706-6248x132,cjohnson@example.org,2025-11-12 16:14:55.996250,0,0.5277777777777778,0.4555555555555555,0.0,no_match,0.3373493975903614,W420,F656,WAL,FARNAR,0,0
P00125,1,person_00125,person_00125,EMS000125,,Kimberly,Christine,Jennings,,,2006-08-14,Female,White,Unknown,"24056 Ashley Loaf Apt. 914, Jenniferview, MT 11877",335.974.3842x1503,,Oconnor-Mills Hospital,2025-01-16 02:55:59.451092,EHR000125,MRN100125,Kimberly,Christine,Jennings,,,2006-08-14,Female,White,,"24056 Ashley Loaf Apt. 914, Jenniferview, MT 11877",335.974.3842x1503,lloydrebecca@example.org,2025-01-16 04:18:59.451092,0,1.0,1.0,1.0,exact,1.0,J552,J552,JANANG,JANANG,1,1
P00302,0,person_00302a,person_00302b,EMS000302,,Alexander,,Hubbard,,,1950-02-23,Male,White,Unknown,"550 Romero Loaf Suite 935, Lake Chris, MP 92111",,,Ortiz and Sons Hospital,2025-03-21 14:59:52.483968,EHR000302,MRN200052,Rebecca,Jasmine,Reed,,,1966-11-08,Female,White,Not Hispanic or Latino,"1645 Joseph Green Suite 223, Port Barry, MS 48286",3316219804,jhernandez@example.com,2026-06-30 06:27:18.344843,0,0.5026455026455027,0.0,0.0,no_match,0.47916666666666663,H163,R300,HABAD,RAD,0,0
P00223,1,person_00223,person_00223,EMS000223,,Angela,,Bradford,,,1933-04-29,Female,White,Unknown,"Unit 1568 Box 1820, DPO AP 50585",7976005140,,Willis-Christian Hospital,2026-02-11 06:38:57.149342,EHR000223,MRN100223,Angela,Lindsey,Bradford,,,1933-04-29,Female,White,Not Hispanic or Latino,"39043 Danielle Bypass, West Christopher, OK 74530",7976005140,uporter@example.com,2026-02-11 07:44:57.149342,0,1.0,1.0,1.0,exact,0.32098765432098764,B631,B631,BRADFAD,BRADFAD,1,1
P00418,0,person_00418a,person_00418b,EMS000418,,Aaron,,Howe,,,2009-07-20,Male,White,Not Hispanic or Latino,"63856 Bautista Stream, West Ashleyview, MD 78490",393.618.3997x9849,,Taylor and Sons Hospital,2025-07-25 04:57:23.704237,EHR000418,MRN200168,Stephen,Robert,Smith,,,1957-06-17,Male,Black or African American,Not Hispanic or Latino,"66432 Julie Ramp, Patriciaville, DC 13718",(789)581-1594,allen12@example.net,2026-02-22 16:34:07.281456,0,0.4476190476190476,0.0,0.0,no_match,0.40449438202247184,H000,S530,HAO,SNAT,0,0
P00219,1,person_00219,person_00219,EMS000219,,Meghn,B.,Contreras,,,1959-04-23,Female,Unknown,Unknown,"47541 Michelle Drive Apt. 526, Griffithfort, GU 09323",896-742-1522,,Taylor-Raymond Hospital,2026-04-01 19:31:20.411771,EHR000219,MRN100219,Meghan,Brittany,Contreras,,,1959-04-23,Female,Unknown,Not Hispanic or Latino,"47541 Michelle Drive Apt. 526, Griffithfort, GU 09323",896-742-1522,troy76@example.net,2026-04-01 21:01:20.411771,0,0.9666666666666667,1.0,1.0,exact,1.0,C536,C536,CANTRAR,CANTRAR,1,1
P00129,1,person_00129,person_00129,EMS000129,,Gabril,Brent,Wallace,,,,Male,White,Not Hispanic or Latino,"965 Newman Circle, East Lisashire, MH 99458",+1-702-627-8469x9733,,"Downs, Powell and Anderson Hospital",2025-10-29 20:19:22.798669,EHR000129,MRN100129,Gabriel,Brent,Wallace,,,1959-12-04,Male,White,Unknown,"965 Newman Circle, East Lisashire, MH 99458",+1-702-627-8469x9733,samantha65@example.org,2025-10-29 20:44:22.798669,0,0.9714285714285714,1.0,,missing,1.0,W420,W420,WALAC,WALAC,1,1
P00420,0,person_00420a,person_00420b,EMS000420,,Travis,Frank,Walton,,,,Male,Unknown,Unknown,"47640 Brian Pine, Morganchester, AS 70094",(740)351-6654,,"Walker, Bird and Frank Hospital",2024-10-04 14:42:40.429591,EHR000420,MRN200170,David,Randy,Chapman,,,1975-07-13,Male,White,Not Hispanic or Latino,"38686 William Fort, Loriton, VA 08827",803.263.0944x238,brandonsteele@example.net,2025-11-19 20:07:06.902120,0,0.7000000000000001,0.5396825396825397,,missing,0.3076923076923077,W435,C155,WALTAN,CAPNAN,0,0
P00289,0,person_00289a,person_00289b,EMS000289,,Cody,Nathan,Davis,,,1971-10-17,Male,Unknown,Unknown,"16583 Roth Station, Jacobsburgh, NJ 38258",001-590-372-8012x3428,,"Jackson, Vazquez and Ortiz Hospital",2026-08-29 23:55:48.504167,EHR000289,MRN200039,Christopher,Mark,Vargas,,,1987-10-23,Male,White,Hispanic or Latino,"64538 Diana Springs Suite 421, North Troyton, RI 99545",(717)901-5959x19457,victor75@example.net,2025-01-16 04:13:11.243258,0,0.446969696969697,0.5888888888888889,0.0,no_match,0.4421052631578948,D120,V622,DAV,VARG,0,0
P00444,0,person_00444a,person_00444b,EMS000444,,Michele,,Robbins,,,1968-02-27,Female,Unknown,Not Hispanic or Latino,"63632 Gonzalez Creek Apt. 220, Lake Ericaport, NY 35683",(864)283-3367,,"Baldwin, Kline and May Hospital",2025-08-12 07:05:49.089940,EHR000444,MRN200194,Jared,,Cummings,,Jared Little,1996-11-27,Male,White,Hispanic or Latino,"494 Mcdowell Rapid Apt. 085, Ramirezton, DE 25115",(249)351-9350,nolankelly@example.org,2026-03-28 02:59:52.176592,0,0.4476190476190476,0.6011904761904762,0.0,no_match,0.42307692307692313,R152,C552,RABAN,CANANG,0,0
P00376,0,person_00376a,person_00376b,EMS000376,,Timothy,R.,Lopez,,,2011-11-24,Male,White,Unknown,"3347 Jonathan Inlet, Lesterport, ND 38324",+1-255-993-9652x13835,,Taylor-Villarreal Hospital,2025-12-31 13:41:30.984562,EHR000376,MRN200126,Hannah,Ashley,Miles,,,2012-07-15,Female,White,Not Hispanic or Latino,"362 Stacey Ways, Lake Kimberlybury, WI 84399",(777)726-4883,angela22@example.net,2025-01-01 14:02:50.913103,0,0.4365079365079365,0.46666666666666656,0.0,no_match,0.3764705882352941,L120,M420,LAP,MAL,0,0
P00291,0,person_00291a,person_00291b,EMS000291,,Cynthia,Shelby,Edwards,,,2017-08-28,Female,Black or African American,Not Hispanic or Latino,"Unit 4859 Box 5325, DPO AP 75510",799.333.7970,,Harris-Phillips Hospital,2026-04-20 03:17:59.334485,EHR000291,MRN200041,Angela,,Henry,,,1987-11-28,Female,White,Not Hispanic or Latino,"76342 Abbott Circle Suite 330, Michaelfort, OH 19653",257-559-8339x914,john66@example.net,2024-09-07 03:34:22.380824,0,0.5396825396825397,0.5619047619047619,0.0,no_match,0.38095238095238093,E363,H560,EDWARD,HANRY,0,0
P00355,0,person_00355a,person_00355b,EMS000355,,Shawn,,Sanchez,,,1998-11-09,Male,Asian,Not Hispanic or Latino,"165 Richard Locks, North Evelyn, GU 08029",,,Finley-Wiley Hospital,2026-05-06 19:51:40.394741,EHR000355,MRN200105,Brandon,Michael,Hess,III,Brandon Good,1937-09-10,Male,White,Not Hispanic or Latino,"98310 Wright Streets, Carlfurt, MO 21761",(291)731-6708,,2026-06-24 00:31:50.843663,0,0.5619047619047619,0.4642857142857142,0.0,no_match,0.3703703703703704,S522,H200,SANC,H,0,0
P00294,0,person_00294a,person_00294b,EMS000294,,Stacie,,Meyers,,,1964-12-13,Female,Two or More Races,Not Hispanic or Latino,"438 Kyle Forge, Port Matthew, NM 94865",,,Gregory-Johnson Hospital,2026-01-17 12:33:56.820673,EHR000294,MRN200044,Timothy,Eric,James,,,1984-08-18,Male,White,Not Hispanic or Latino,"3365 Joshua Shoal, West Kayleeville, ME 19092",673-610-7201x137,warnertimothy@example.net,2025-02-03 13:50:52.645542,0,0.4365079365079365,0.7000000000000001,0.0,no_match,0.40963855421686746,M620,J520,MAYAR,JAN,0,0
P00396,0,person_00396a,person_00396b,EMS000396,,Kathleen,Angela,Henderson,,,1933-01-22,Female,White,Hispanic or Latino,"31637 Pamela Spur Apt. 049, East Jack, MP 60641",(644)969-3172,,Proctor-Hart Hospital,2025-02-08 11:53:21.916140,EHR000396,MRN200146,Joshua,Tyler,Johnson,,,1968-06-10,Male,White,Not Hispanic or Latino,"USNV Brown, FPO AA 81212",001-498-351-9393x2727,patriciawilson@example.com,2025-12-19 14:35:45.828034,0,0.4305555555555556,0.7566137566137566,0.0,no_match,0.3098591549295775,H536,J525,HANDARSAN,JANSAN,0,0
P00340,0,person_00340a,person_00340b,EMS000340,,Gloria,,Williams,,,1954-11-03,Female,Unknown,Not Hispanic or Latino,"5025 Christensen Park, West David, CT 56720",403-644-0966x17718,,"Norman, Vang and Sanchez Hospital",2025-11-10 19:30:35.490836,EHR000340,MRN200090,Aaron,James,Whitaker,,,1944-06-24,Male,White,Not Hispanic or Latino,"6813 Dean Lock Suite 486, Lake Theresa, MO 91789",+1-687-748-6941x559,,2025-01-09 02:06:01.464096,0,0.4111111111111112,0.5833333333333334,0.0,no_match,0.3296703296703297,W452,W326,WALAN,WATACAR,0,0
P00112,1,person_00112,person_00112,EMS000112,,Sadnra,Suzanne,Spencer,,,1937-03-15,Female,Unknown,Not Hispanic or Latino,"789 Williams Forges Apt. 037, South Laurieton, MN 73641",+1-478-429-4565x11810,,"Hurley, Perry and Wood Hospital",2024-09-22 10:02:10.799333,EHR000112,MRN100112,Sandra,Suzanne,Spencer,,,1937-03-15,Female,White,Unknown,"8570 Gross Brook Suite 935, Lake Tammyfurt, ID 69191",+1-478-429-4565x11810,harristodd@example.org,2024-09-22 10:40:10.799333,0,0.9555555555555556,1.0,1.0,exact,0.3738317757009347,S152,S152,SPANCAR,SPANCAR,1,1
P00179,1,person_00179,person_00179,EMS000179,,Gllenn,,Stevens,,,,Male,Unknown,Not Hispanic or Latino,"097 Rachel Spring, South Angela, UT 92683",868.411.8071x5695,,Paul LLC Hospital,2025-07-20 22:21:19.491500,EHR000179,MRN100179,Glenn,,Stevens,,,1987-08-13,Male,White,Not Hispanic or Latino,"097 Rachel Spring, South Angela, UT 92683",868.411.8071x5695,martinezmitchell@example.org,2025-07-20 23:28:19.491500,0,0.9555555555555556,1.0,,missing,1.0,S315,S315,STAFAN,STAFAN,1,1
P00307,0,person_00307a,person_00307b,EMS000307,,Maria,,Braun,,,1930-11-10,Female,White,Not Hispanic or Latino,"5591 Frederick Inlet, Craigshire, CO 05680",+1-303-626-7149x498,,"Olson, Ortiz and Spears Hospital",2026-01-14 13:06:44.471975,EHR000307,MRN200057,Christopher,Ricardo,Robertson,,,1977-10-27,Male,Unknown,Not Hispanic or Latino,"65277 Lynn Inlet Suite 663, Elizabethborough, IA 60962",(920)410-9121,jennifercampbell@example.com,2025-10-27 07:43:21.177065,0,0.5272727272727272,0.374074074074074,0.0,no_match,0.375,B650,R163,BRAN,RABARTSAN,0,0
P00432,0,person_00432a,person_00432b,EMS000432,,Laura,Autumn,Krause,,,,Female,Unknown,Unknown,"476 Marcus Harbors, Lake Belinda, MP 83447",(964)456-3391,,Alvarez Ltd Hospital,2025-02-15 08:57:03.726246,EHR000432,MRN200182,Jonathan,Maurice,Holder,,Jonathan Rodriguez,1991-08-27,Male,White,Unknown,"497 Christine Mission Apt. 683, West Jeffrey, DE 04808",561-625-9016,juarezchristopher@example.org,2026-08-10 05:58:20.148267,0,0.5499999999999999,0.4444444444444444,,missing,0.35416666666666663,K620,H436,CRAS,HALDAR,0,0
P00487,0,person_00487a,person_00487b,EMS000487,,Catherine,N.,Blake,,,1972-11-04,Female,White,Not Hispanic or Latino,"73512 Jackson Shore, South Amberburgh, LA 26940",(533)630-2399,,Scott LLC Hospital,2026-03-03 13:14:32.957814,EHR000487,MRN200237,Keith,William,Zimmerman,,,1995-04-08,Male,White,Not Hispanic or Latino,"235 Medina Lock Suite 294, East Williambury, NJ 94270",9067448854,danielnixon@example.net,2026-04-06 05:41:00.071949,0,0.5333333333333333,0.4370370370370371,0.0,no_match,0.34,B420,Z565,BLAC,ZANARNAN,0,0
P00481,0,person_00481a,person_00481b,EMS000481,,Teresa,J.,Gibbs,,,1956-04-13,Female,Asian,Not Hispanic or Latino,"928 Edwards Courts Suite 215, Lake Andrea, WY 77227",(276)935-3673x55896,,Price Inc Hospital,2026-05-08 07:44:09.331788,EHR000481,MRN200231,Cindy,Peggy,Rasmussen,,Cindy Hall,1963-06-23,Female,White,Not Hispanic or Latino,"014 Brandon Mountain, Frederickport, RI 30216",(263)957-9671x48030,lindaschroeder@example.com,2025-10-13 18:30:16.848533,0,0.0,0.4370370370370371,0.0,no_match,0.35416666666666663,G120,R252,GAB,RASNASAN,0,0
P00422,0,person_00422a,person_00422b,EMS000422,,Andrea,,Lam,,,2000-10-02,Female,White,Not Hispanic or Latino,"Unit 8230 Box 8829, DPO AA 84568",868.641.9623x32605,,Hooper and Sons Hospital,2025-11-29 11:42:53.538476,EHR000422,MRN200172,Tanya,,Clark,,,2011-05-07,Female,Native Hawaiian or Other Pacific Islander,Hispanic or Latino,"6293 Nathan Valleys, South Amberberg, LA 19726",(455)994-6989x0623,jeffreywells@example.com,2026-07-22 02:14:35.942892,0,0.7000000000000001,0.6888888888888888,0.0,no_match,0.33333333333333337,L500,C462,LAN,CLARC,0,0
P00233,1,person_00233,person_00233,EMS000233,,Amy,Carol,Johnson,,,1979-03-29,Female,,Not Hispanic or Latino,"665 Gonzalez Causeway, Jimenezview, MT 16132",(751)505-0537,,Chavez PLC Hospital,2025-02-05 00:41:51.444465,EHR000233,MRN100233,Amy,Carol,Johnson,,,1979-03-29,Female,White,Not Hispanic or Latino,"856 Danny Valleys Suite 625, North Jason, MN 49255",(751)505-0537,cruzcarolyn@example.net,2025-02-05 01:59:51.444465,0,1.0,1.0,1.0,exact,0.34042553191489366,J525,J525,JANSAN,JANSAN,1,1
P00311,0,person_00311a,person_00311b,EMS000311,,Evan,Eric,Short,,,1958-07-16,Male,Black or African American,Unknown,"2462 Morgan Loop, New Michaelfort, ME 97314",760-304-5212x8991,,"Hull, Haynes and Garcia Hospital",2024-10-29 01:58:26.050361,EHR000311,MRN200061,Stephen,Clayton,Lewis,,,2006-09-12,Male,Two or More Races,Not Hispanic or Latino,"8818 Escobar Shoals Suite 160, Samanthachester, CO 86732",340-621-1901x70756,brittanyhoffman@example.org,2024-12-31 04:11:15.257271,0,0.4642857142857142,0.0,0.0,no_match,0.4242424242424242,S630,L200,SAD,LAE,0,0
P00164,1,person_00164,person_00164,EMS000164,,Timothy,,Rodriguez,,,1961-05-25,Male,Unknown,Not Hispanic or Latino,"774 Mark Cape Suite 592, Port Brandon, SD 37588",,,"Moore, Evans and Owen Hospital",2026-03-02 21:43:44.001928,EHR000164,MRN100164,Timothy,,Rodriguez,Jr.,,1961-05-25,Male,White,Not Hispanic or Latino,"774 Mark Cape Suite 592, Port Brandon, SD 37588",501-489-6164x23610,schan@example.net,2026-03-02 22:58:44.001928,0,1.0,1.0,1.0,exact,1.0,R362,R362,RADRAG,RADRAG,1,1
P00136,1,person_00136,person_00136,EMS000136,,Angeal,P.,Reyes,,,1962-04-06,Female,Black or African American,Hispanic or Latino,"71739 White Overpass Apt. 286, New Dawn, PW 58379",,,"Smith, Zimmerman and Wise Hospital",2026-06-21 23:33:13.999490,EHR000136,MRN100136,Angela,Paula,Reyes,,,1962-04-06,Female,Black or African American,Hispanic or Latino,"71739 White Overpass Apt. 286, New Dawn, PW 58379",001-241-201-1947x072,sadams@example.com,2026-06-22 00:28:13.999490,0,0.9666666666666667,1.0,1.0,exact,1.0,R200,R200,RAY,RAY,1,1
P00197,1,person_00197,person_00197,EMS000197,,Ray,,Newman,,,2017-10-06,Male,Unknown,Not Hispanic or Latino,"622 Lopez Dale Apt. 728, South Ashleyborough, HI 26838",219-452-4364,,Brady and Sons Hospital,2025-07-01 09:35:48.245194,EHR000197,MRN100197,Ray,,Newman,,,2017-10-06,Male,Unknown,Not Hispanic or Latino,"362 King Hollow, Willischester, WV 95875",219-452-4364,esmith@example.net,2025-07-01 10:42:48.245194,0,1.0,1.0,1.0,exact,0.36170212765957444,N550,N550,NAENAN,NAENAN,1,1
P00258,0,person_00258a,person_00258b,EMS000258,,Vanessa,Anna,Jackson,,,2012-10-26,Female,White,Not Hispanic or Latino,"26978 Brian Park, Robertmouth, MP 20242",9599960438,,"Crane, Watson and Munoz Hospital",2025-09-16 09:37:22.521873,EHR000258,MRN200008,Michael,Jose,Trevino,Sr.,,2024-12-21,Male,White,Not Hispanic or Latino,"1620 April Crossing, East Samuel, DE 05620",(672)787-2866x04164,anne22@example.com,2025-01-26 12:45:36.696347,0,0.3571428571428572,0.3571428571428572,0.0,no_match,0.3950617283950617,J250,T615,JACSAN,TRAFAN,0,0
P00232,1,person_00232,person_00232,EMS000232,MRN100232,Julie,,Lamb,,,1972-02-01,Female,White,Not Hispanic or Latino,,001-846-619-9423x767,,Brooks-Chen Hospital,2025-01-23 01:38:31.499515,EHR000232,MRN100232,Julie,,Lamb,,,1972-02-01,Female,White,Not Hispanic or Latino,"USNS Wright, FPO AE 90554",001-846-619-9423x767,cindy96@example.com,2025-01-23 02:56:31.499515,1,1.0,1.0,1.0,exact,,L510,L510,LANB,LANB,1,1
P00115,1,person_00115,person_00115,EMS000115,,Erc,,Johnston,,,1938-02-12,Male,Black or African American,Not Hispanic or Latino,"68622 Hansen Oval Suite 938, East Charles, WI 56870",001-632-806-7998x136,,Cohen-Johnston Hospital,2026-02-25 14:44:19.784210,EHR000115,MRN100115,Eric,Nicholas,Johnston,,,1938-02-12,Male,Black or African American,Not Hispanic or Latino,"6613 Cynthia Roads Suite 048, West Amberberg, MD 66351",001-632-806-7998x136,davidmiller@example.net,2026-02-25 15:56:19.784210,0,0.9333333333333333,1.0,1.0,exact,0.49523809523809526,J523,J523,JANSTAN,JANSTAN,1,1
P00120,1,person_00120,person_00120,EMS000120,MRN100120,Julie,,Banks,,,1949-02-20,Female,Unknown,Not Hispanic or Latino,"23306 Sara Loop Apt. 331, South Michelle, NM 90660",273-366-0965x69998,,Terrell-Williams Hospital,2025-09-13 01:52:45.340408,EHR000120,MRN100120,Julie,,Banks,,,1948-02-20,Female,,Not Hispanic or Latino,"23306 Sara Loop Apt. 331, South Michelle, NM 90660",273-366-0965x69998,cbryant@example.org,2025-09-13 03:08:45.340408,1,1.0,1.0,0.7,month_day_match_year_differs,1.0,B520,B520,BANC,BANC,1,1
P00349,0,person_00349a,person_00349b,EMS000349,MRN300099,William,,Gordon,,,2005-04-03,Male,Unknown,Not Hispanic or Latino,"432 Gutierrez Point Apt. 652, Joshuafort, WI 15648",(719)282-7348x13104,,Fernandez LLC Hospital,2026-08-08 01:06:13.543786,EHR000349,MRN200099,Jamie,Michael,Jones,,,2015-06-10,Male,White,Not Hispanic or Latino,"4835 Robert Circle Suite 486, Lake Rubenborough, OR 72322",744.588.3842,zmorse@example.net,2025-04-04 19:08:28.865012,0,0.4476190476190476,0.4555555555555555,0.0,no_match,0.39252336448598135,G635,J520,GARDAN,JAN,0,0
P00224,1,person_00224,person_00224,EMS000224,,Dylan,Christian,Ford,,,2014-10-03,Male,White,Hispanic or Latino,"1127 Andersen Glens Suite 219, Williamsport, MO 54113",001-363-939-9129x71024,,"Stark, Anderson and Richardson Hospital",2024-12-26 03:05:29.159383,EHR000224,MRN100224,Dylan,Christian,Ford,,,2014-10-03,Male,White,Hispanic or Latino,"22889 West Curve, Kellychester, AZ 93924",001-363-939-9129x71024,gibsongeoffrey@example.com,2024-12-26 04:21:29.159383,0,1.0,1.0,1.0,exact,0.4086021505376344,F630,F630,FAD,FAD,1,1
P00402,0,person_00402a,person_00402b,EMS000402,,Steven,Joseph,Woods,,,1970-08-01,Male,American Indian or Alaska Native,Unknown,"PSC 0634, Box 9429, APO AE 36866",(517)455-1887x01799,,Garrett-Edwards Hospital,2025-11-08 06:21:34.804541,EHR000402,MRN200152,Kristina,,Griffin,,,1955-12-28,Female,White,Not Hispanic or Latino,"34565 Walter Loaf Suite 790, West Morgan, WI 70764",(836)626-8904x723,delgadotiffany@example.org,2025-02-12 02:16:55.320258,0,0.625,0.0,0.0,no_match,0.3414634146341463,W320,G615,WAD,GRAFAN,0,0
P00397,0,person_00397a,person_00397b,EMS000397,,Jeffrey,,Jordan,,,1970-07-16,Male,Unknown,Unknown,"72845 Brianna Greens Suite 070, Turnertown, MT 98566",456.402.0801x9290,,Neal-Clark Hospital,2026-04-16 04:09:12.793564,EHR000397,MRN200147,Stephen,,Allen,,,1933-10-03,Male,White,Not Hispanic or Latino,"322 Krueger Gateway, East Adam, GA 32571",(610)725-5501x935,perezrichard@example.net,2026-04-12 19:05:59.257001,0,0.5238095238095238,0.4555555555555555,0.0,no_match,0.3695652173913043,J635,A450,JARDAN,ALAN,0,0
P00127,1,person_00127,person_00127,EMS000127,,Megan,,Nelson,,,1941-07-14,Female,White,Not Hispanic or Latino,,442-249-3214x95870,,Cohen-Mckinney Hospital,2025-06-06 09:19:05.096679,EHR000127,MRN100127,Megan,,Nelson,,Megan Moore,1941-07-14,Female,White,Not Hispanic or Latino,"USS Clark, FPO AA 72507",442-249-3214x95870,dberger@example.org,2025-06-06 10:31:05.096679,0,1.0,1.0,1.0,exact,,N425,N425,NALSAN,NALSAN,1,1
P00285,0,person_00285a,person_00285b,EMS000285,,Tracey,Amy,Cohen,Jr.,,1969-08-08,Female,White,Not Hispanic or Latino,,(891)930-9810x7964,,Ford-Morgan Hospital,2026-02-16 22:42:52.296159,EHR000285,MRN200035,William,,Fields,,,1976-03-06,Male,White,Unknown,"PSC 7853, Box 2426, APO AA 21514",(706)542-0768x362,afisher@example.com,2025-07-20 10:21:02.381137,0,0.0,0.4555555555555555,0.0,no_match,,C500,F432,CAHAN,FALD,0,0
P00411,0,person_00411a,person_00411b,EMS000411,,Andrea,K.,Johnson,,,2017-12-16,Female,Unknown,Not Hispanic or Latino,"73289 Miller Knoll Suite 340, New Laurahaven, AL 45630",(381)815-7449x653,,Fuller-Steele Hospital,2025-10-09 08:40:06.465328,EHR000411,MRN200161,Anthony,,Smith,,,1954-01-06,Male,White,Hispanic or Latino,"454 Amber Brook, New Sandra, VT 72057",(421)280-3966,willieherman@example.net,2026-01-12 04:25:52.289177,0,0.5396825396825397,0.4476190476190476,0.0,no_match,0.37362637362637363,J525,S530,JANSAN,SNAT,0,0
P00107,1,person_00107,person_00107,EMS000107,,Christopher,Daniel,King,,,2010-05-13,Female,White,Not Hispanic or Latino,"7598 Gutierrez Ferry Apt. 234, East Garrettville, CT 08862",877.316.9472x25699,,Kelley-Johnson Hospital,2025-12-20 04:32:43.840309,EHR000107,MRN100107,Christopher,Daniel,King,,,2010-05-13,Male,White,Not Hispanic or Latino,"5588 Cooper Loop Apt. 593, Port Justin, MD 88737",877.316.9472x25699,martinjeremy@example.com,2025-12-20 05:54:43.840309,0,1.0,1.0,1.0,exact,0.41509433962264153,K520,K520,CANG,CANG,1,1
P00370,0,person_00370a,person_00370b,EMS000370,,Bruce,,Morris,,,2012-10-21,Male,Black or African American,Hispanic or Latino,"USCGC Robinson, FPO AE 78018",,,"Rodriguez, Murphy and Hawkins Hospital",2026-06-13 22:55:01.353578,EHR000370,MRN200120,Loretta,Alyssa,Barnett,,,1962-12-05,Female,Black or African American,Not Hispanic or Latino,"80049 Janet Estate, Port Dawnburgh, PR 20402",421-854-8158,znichols@example.com,2024-11-14 03:10:55.246660,0,0.5619047619047619,0.4365079365079365,0.0,no_match,0.2777777777777778,M620,B653,MAR,BARNAT,0,0
P00325,0,person_00325a,person_00325b,EMS000325,,Colleen,A.,Contreras,,,1955-10-19,Female,Black or African American,Not Hispanic or Latino,"502 Carter Cape, South Joshuaton, IA 59711",941.467.8127,,Dalton Inc Hospital,2025-02-18 12:47:39.535838,EHR000325,MRN200075,Brandon,John,Hoover,,Brandon Herrera,1947-12-27,Male,White,Not Hispanic or Latino,"629 Navarro Overpass Suite 363, North Melanie, HI 71740",+1-356-905-3970x79866,,2025-06-22 01:59:02.135972,0,0.4285714285714286,0.5,0.0,no_match,0.41237113402061853,C536,H160,CANTRAR,HAVAR,0,0
P00133,1,person_00133,person_00133,EMS000133,,Brianan,,Moore,,,1977-10-10,Female,Black or African American,Hispanic or Latino,,001-610-427-6747x83667,,Nixon-Vega Hospital,2025-06-05 05:20:44.735281,EHR000133,MRN100133,Brianna,Taylor,Moore,,,1977-10-10,Female,Black or African American,Hispanic or Latino,"Unit 6372 Box 3950, DPO AP 35155",001-610-427-6747x83667,zsmith@example.com,2025-06-05 05:50:44.735281,0,0.9714285714285714,1.0,1.0,exact,,M600,M600,MAR,MAR,1,1
P00452,0,person_00452a,person_00452b,EMS000452,,Chelsea,,Morrow,,,1986-09-25,Female,White,Unknown,"USNV Dillon, FPO AA 12666",,,Smith Group Hospital,2025-10-13 19:47:43.776203,EHR000452,MRN200202,Debra,Michele,White,,Debra Gould,1983-12-22,Female,White,Not Hispanic or Latino,"703 Kim Radial Apt. 011, West Cynthia, CA 84878",560.574.2906x95222,hjacobs@example.net,2025-06-07 00:04:56.474527,0,0.5619047619047619,0.0,0.0,no_match,0.2777777777777778,M600,W300,MARAO,WAT,0,0
P00044,1,person_00044,person_00044,EMS000044,,Vanessa,,Anderson,,,1984-07-01,Female,Unknown,Hispanic or Latino,"47321 Kelly Lights Suite 325, Jamesburgh, NM 67967",,,Herrera-Boone Hospital,2026-01-03 10:32:30.295174,EHR000044,MRN100044,Vanessa,,Anderson,,Vanessa Wood,1984-01-07,Female,Asian,Hispanic or Latino,"47321 Kelly Lights Suite 325, Jamesburgh, NM 67967",774.270.1687x339,campbellcarla@example.net,2026-01-03 11:20:30.295174,0,1.0,1.0,0.85,month_day_transposed,1.0,A536,A536,ANDARSAN,ANDARSAN,1,1
P00460,0,person_00460a,person_00460b,EMS000460,,Daniel,,Johnson,,,1950-05-16,Male,White,Not Hispanic or Latino,"402 Jeff Shoal Suite 614, Kristinfurt, HI 65281",(433)604-1176x14215,,Bennett Ltd Hospital,2024-10-16 05:30:27.629936,EHR000460,MRN200210,Nancy,Christine,Leblanc,,,1955-07-18,Female,Two or More Races,Unknown,"5689 Watkins Orchard Apt. 368, North Anthony, ND 29322",993.263.1592x2912,orivera@example.com,2026-06-24 08:05:54.614944,0,0.4111111111111112,0.4285714285714286,0.0,no_match,0.37623762376237624,J525,L145,JANSAN,LABLANC,0,0
P00065,1,person_00065,person_00065,EMS000065,,Travis,,Smith,,,2002-03-15,Male,Unknown,Not Hispanic or Latino,"518 Robinson Meadow Apt. 745, Matthewshire, DC 74706",,,Watson Ltd Hospital,2025-05-20 11:12:48.477852,EHR000065,MRN100065,Travis,Garrett,Smith,,,2004-03-15,Male,Two or More Races,Not Hispanic or Latino,"518 Robinson Meadow Apt. 745, Matthewshire, DC 74706",550.401.7012x7706,erik41@example.net,2025-05-20 11:24:48.477852,0,1.0,1.0,0.7,month_day_match_year_differs,1.0,S530,S530,SNAT,SNAT,1,1
P00283,0,person_00283a,person_00283b,EMS000283,,Steven,P.,Duncan,,,1947-02-17,Male,,Not Hispanic or Latino,"004 Lopez Plain, Port Marciachester, WA 67134",528.250.3172x35137,,"Foster, Dominguez and Cole Hospital",2025-03-03 07:10:03.151066,EHR000283,MRN200033,Brian,Dylan,Strong,,,1993-04-28,Male,White,Not Hispanic or Latino,"PSC 5263, Box 5602, APO AE 78980",294.869.4346,mbennett@example.com,2024-09-06 19:04:56.043891,0,0.4555555555555555,0.4444444444444444,0.0,no_match,0.2857142857142857,D525,S365,DANCAN,STRANG,0,0
P00085,1,person_00085,person_00085,EMS000085,,Carl,Jeffrey,Jordan,,,1971-02-06,Male,Unknown,Not Hispanic or Latino,,(616)689-4210,,"Cowan, Cooper and Valenzuela Hospital",2025-05-03 22:59:49.356378,EHR000085,MRN100085,Carl,Jeffrey,Jordan,,,1971-06-02,Male,Asian,Not Hispanic or Latino,"83505 Andrew Avenue, East Heather, MI 41407",(616)689-4210,mluna@example.net,2025-05-03 23:20:49.356378,0,1.0,1.0,0.85,month_day_transposed,,J635,J635,JARDAN,JARDAN,1,1
P00242,1,person_00242,person_00242,EMS000242,,Brett,,Turner,,,1960-03-07,Male,Unknown,Hispanic or Latino,"29439 Martinez Plains Suite 062, Santiagomouth, AS 68397",828-975-8575,,Combs-Miller Hospital,2026-06-27 18:46:02.181877,EHR000242,MRN100242,Brett,Dean,Turner,,,1960-03-07,Male,Asian,Hispanic or Latino,"234 Robert Flats Suite 414, Gardnerfurt, WY 57765",828-975-8575,dali@example.org,2026-06-27 19:03:02.181877,0,1.0,1.0,1.0,exact,0.419047619047619,T656,T656,TARNAR,TARNAR,1,1
P00186,1,person_00186,person_00186,EMS000186,,Debra,Jennifer,Morse,,,1986-02-20,Female,Unknown,Hispanic or Latino,"73634 Oneal Ports, Port Neil, OH 11610",(914)778-5390,,Stewart-Reyes Hospital,2025-05-25 15:16:34.631174,EHR000186,MRN100186,Debra,Jennifer,Morse,,,1986-02-20,Female,White,Hispanic or Latino,"73634 Oneal Ports, Port Neil, OH 11610",(914)778-5390,bhayes@example.com,2025-05-25 16:16:34.631174,0,1.0,1.0,1.0,exact,1.0,M620,M620,MARS,MARS,1,1
P00383,0,person_00383a,person_00383b,EMS000383,,Denise,K.,Moore,III,,1965-12-05,Female,White,Unknown,"97941 Douglas Harbor, Johnsonside, NJ 20295",001-464-696-3225x1742,,Alvarez-Edwards Hospital,2025-10-30 07:59:20.230315,EHR000383,MRN200133,Michael,Christopher,Garcia,III,,1981-05-08,Male,White,Not Hispanic or Latino,"46861 Lewis Mountains, East Amymouth, UT 86064",(802)400-9536,duncanjames@example.net,2024-09-06 11:08:06.052720,0,0.5396825396825397,0.4555555555555555,0.0,no_match,0.3370786516853933,M600,G620,MAR,GARC,0,0
P00159,1,person_00159,person_00159,EMS000159,,Kim,,Lyons,,,1941-05-23,Male,American Indian or Alaska Native,Not Hispanic or Latino,,(545)618-3760x6441,,"Sullivan, Johnson and Delacruz Hospital",2025-12-04 08:48:21.121221,EHR000159,MRN100159,Kim,,Lyons,,,1941-05-23,Female,American Indian or Alaska Native,Not Hispanic or Latino,"342 Alvarez Land Suite 090, Lake Samanthabury, KS 72948",(545)618-3760x6441,michelemartin@example.com,2025-12-04 09:14:21.121221,0,1.0,1.0,1.0,exact,,L520,L520,LYAN,LYAN,1,1
P00012,1,person_00012,person_00012,EMS000012,,Robert,Michael,Travis,,,1985-03-25,Male,Two or More Races,Hispanic or Latino,"USCGC Salazar, FPO AP 66663",,,Hall Ltd Hospital,2024-10-28 00:52:55.740403,EHR000012,MRN100012,Robert,Michael,Travis,,,1987-03-25,Male,Two or More Races,Hispanic or Latino,"USCGC Salazar, FPO AP 66663",(387)627-7434x87347,josephflores@example.net,2024-10-28 01:33:55.740403,0,1.0,1.0,0.7,month_day_match_year_differs,1.0,T612,T612,TRAV,TRAV,1,1
P00035,1,person_00035,person_00035,EMS000035,,George,,Grant,,,1954-08-08,Male,Unknown,Not Hispanic or Latino,"1925 Ponce Square, Andersonland, ME 73760",(752)981-6850x5423,,Romero PLC Hospital,2025-04-03 05:55:06.525600,EHR000035,MRN100035,George,Gary,Grant,,George Hughes,1954-08-08,Male,White,Not Hispanic or Latino,"1925 Ponce Square, Andersonland, ME 73760",(752)981-6850x5423,jeremytaylor@example.org,2025-04-03 06:19:06.525600,0,1.0,1.0,1.0,exact,1.0,G653,G653,GRAD,GRAD,1,1
P00028,1,person_00028,person_00028,EMS000028,,Danieelle,,Guerrero,,,1933-09-02,Female,White,Unknown,"502 Williams Streets, Foxland, NJ 59257",001-258-991-7839x08470,,Jones-Miller Hospital,2026-02-01 13:42:40.440521,EHR000028,MRN100028,Danielle,Carrie,Guerrero,,,1933-02-09,Female,White,Not Hispanic or Latino,"502 Williams Streets, Foxland, NJ 59257",001-258-991-7839x08470,gsimmons@example.com,2026-02-01 14:32:40.440521,0,0.9527777777777777,1.0,0.85,month_day_transposed,1.0,G660,G660,GARAR,GARAR,1,1
P00170,1,person_00170,person_00170,EMS000170,,Deerek,,Vaughn,,,1979-08-16,Male,White,,"8214 Espinoza Mall Suite 328, Cobbberg, AS 56707",(447)387-1255,,Hardin-Villanueva Hospital,2025-02-25 08:59:48.575364,EHR000170,MRN100170,Derek,Chris,Vaughn,,,1979-08-16,Male,White,Not Hispanic or Latino,"7119 Madison Canyon, East Crystalborough, PW 47901",(447)387-1255,scottperry@example.org,2025-02-25 09:53:48.575364,0,0.9022222222222223,1.0,1.0,exact,0.3877551020408163,V250,V250,VAGN,VAGN,1,1
P00142,1,person_00142,person_00142,EMS000142,,Dlae,,Schwartz,,,1936-04-29,Male,Two or More Races,,"6253 Munoz Turnpike Apt. 983, South Melodyfort, VI 28870",001-877-540-6335,,Esparza Ltd Hospital,2026-08-16 04:20:58.045002,EHR000142,MRN100142,Dale,Cameron,Schwartz,,,1936-04-29,Male,Two or More Races,Hispanic or Latino,"6253 Munoz Turnpike Apt. 983, South Melodyfort, VI 28870",001-877-540-6335,robinvillanueva@example.com,2026-08-16 04:54:58.045002,0,0.9249999999999999,1.0,1.0,exact,1.0,S632,S632,SWART,SWART,1,1
P00398,0,person_00398a,person_00398b,EMS000398,,Cory,,Parsons,,,1948-12-21,Male,Black or African American,Unknown,"2962 Lisa Burg, Anneside, SD 30711",724-841-2907,,Wyatt-Hill Hospital,2025-02-15 17:38:05.432275,EHR000398,MRN200148,Cesar,Anthony,Thomas,,,2022-07-11,Male,White,Not Hispanic or Latino,"7495 Moore Bridge, Whiteview, SD 12678",001-837-959-1922,warnercory@example.com,2025-06-18 22:33:21.776073,0,0.4833333333333334,0.373015873015873,0.0,no_match,0.38888888888888884,P625,T520,PARSAN,TAN,0,0
P00342,0,person_00342a,person_00342b,EMS000342,,Felicia,L.,Perez,,,1935-10-06,Female,Asian,Unknown,"21224 Sylvia Union Suite 677, Richardmouth, RI 09326",(801)212-4115x8488,,"Williams, Spencer and Beltran Hospital",2026-01-20 21:47:07.289182,EHR000342,MRN200092,Ashley,Leah,Hendrix,,,1976-05-17,Female,Black or African American,Not Hispanic or Latino,"12995 Galvan Bridge, Seanchester, WY 34988",(661)521-2038,bpeterson@example.com,2026-02-14 01:24:40.797198,0,0.4365079365079365,0.5619047619047619,0.0,no_match,0.2978723404255319,P620,H536,PAR,HANDRAX,0,0
P00221,1,person_00221,person_00221,EMS000221,,Jeff,,Rodriguez,,,1985-11-30,Male,White,Unknown,"25213 Alexander Village, Hernandezburgh, NJ 97960",(384)476-5704,,Sanders Group Hospital,2025-09-01 19:46:01.574302,EHR000221,MRN100221,Jeff,Anthony,Rodriguez,,,1985-11-30,Male,White,Not Hispanic or Latino,"25213 Alexander Village, Hernandezburgh, NJ 97960",(384)476-5704,ibarraantonio@example.org,2025-09-01 20:14:01.574302,0,1.0,1.0,1.0,exact,1.0,R362,R362,RADRAG,RADRAG,1,1
P00095,1,person_00095,person_00095,EMS000095,,Shaawn,Patrick,Graham,,,2008-04-02,Male,Unknown,,"75011 Gregory Glen, New Lorraineview, MT 51361",266.350.6180x919,,Campbell Group Hospital,2025-04-07 07:22:09.587974,EHR000095,MRN100095,Shawn,Patrick,Graham,,,2008-04-02,Male,,Not Hispanic or Latino,"75011 Gregory Glen, New Lorraineview, MT 51361",266.350.6180x919,sarah14@example.net,2025-04-07 08:17:09.587974,0,0.9611111111111111,1.0,1.0,exact,1.0,G650,G650,GRAHAN,GRAHAN,1,1
P00051,1,person_00051,person_00051,EMS000051,,Michael,,Brown,,,2015-08-12,Male,,Not Hispanic or Latino,"2431 Lisa Manor Apt. 331, New Arthurton, IA 97565",,,Morales and Sons Hospital,2025-06-03 05:31:34.745510,EHR000051,MRN100051,Michael,Joshua,Brown,,,2015-08-12,Male,White,Not Hispanic or Latino,"Unit 7046 Box 2265, DPO AA 59291",(261)282-5128x6823,steven86@example.net,2025-06-03 06:20:34.745510,0,1.0,1.0,1.0,exact,0.345679012345679,B650,B650,BRAON,BRAON,1,1
P00240,1,person_00240,person_00240,EMS000240,,Shawn,Michael,Nolan,,,1973-05-05,Male,Black or African American,Hispanic or Latino,"USNS Baker, FPO AP 46224",969-764-4309x85916,,"Hernandez, Levy and Hanson Hospital",2024-12-15 15:39:53.857736,EHR000240,MRN100240,Shawn,Michael,Nolan,,,1973-05-05,Male,Black or African American,Unknown,"USNS Baker, FPO AP 46224",969-764-4309x85916,daniel07@example.net,2024-12-15 16:03:53.857736,0,1.0,1.0,1.0,exact,1.0,N450,N450,NALAN,NALAN,1,1
P00484,0,person_00484a,person_00484b,EMS000484,,Richard,D.,Salinas,Sr.,,1933-10-24,Male,White,Hispanic or Latino,"034 Matthew Shore Apt. 970, New Chadstad, OH 75719",936-682-9670,,Berry-Ingram Hospital,2025-04-14 17:16:26.459187,EHR000484,MRN200234,Austin,David,Valenzuela,,Austin Chandler,2004-11-07,Male,White,Not Hispanic or Latino,"0221 Duncan Throughway, New Jeanmouth, MN 36722",202.893.3583x84391,shane51@example.com,2026-07-01 23:00:44.945516,0,0.0,0.6571428571428571,0.0,no_match,0.3917525773195877,S452,V452,SALAN,VALANSAL,0,0
P00378,0,person_00378a,person_00378b,EMS000378,,Garrett,Darrell,Burnett,,,2005-03-01,Male,,Unknown,"6734 Booth Parks, Lake Timothyfurt, GA 78159",(891)643-3629x9946,,Simon-Lynch Hospital,2024-10-21 08:59:07.070174,EHR000378,MRN200128,Richard,Michael,Rodriguez,,,1981-03-24,Male,Asian,Not Hispanic or Latino,"90835 Cody Corner Suite 844, Lake Kenneth, KY 96986",784.499.7957x28575,kirbybrett@example.org,2026-02-25 12:35:21.486897,0,0.5238095238095238,0.5026455026455027,0.0,no_match,0.42105263157894735,B653,R362,BARNAT,RADRAG,0,0
P00178,1,person_00178,person_00178,EMS000178,,William,,Casey,,,1981-09-22,Male,White,Unknown,"07942 Brian Orchard Suite 946, Meganborough, OR 67390",802-589-1416x1284,,Bates LLC Hospital,2025-07-26 21:04:09.936928,EHR000178,MRN100178,William,,Casey,,,1981-09-22,Male,White,Not Hispanic or Latino,"07942 Brian Orchard Suite 946, Meganborough, OR 67390",802-589-1416x1284,nicole54@example.net,2025-07-26 21:47:09.936928,0,1.0,1.0,1.0,exact,1.0,C200,C200,CASY,CASY,1,1
P00041,1,person_00041,person_00041,EMS000041,,Christopher,,Johnson,,,2011-04-14,Male,Two or More Races,Not Hispanic or Latino,"21355 Herring Bypass Apt. 755, Hinesshire, DC 69898",(365)643-1027x868,,Gonzalez-Taylor Hospital,2026-01-19 02:46:07.756870,EHR000041,MRN100041,Christopher,,Johnson,,,2011-04-14,Male,Two or More Races,Not Hispanic or Latino,"21355 Herring Bypass Apt. 755, Hinesshire, DC 69898",(365)643-1027x868,jane39@example.com,2026-01-19 03:25:07.756870,0,1.0,1.0,1.0,exact,1.0,J525,J525,JANSAN,JANSAN,1,1
P00498,0,person_00498a,person_00498b,EMS000498,,John,,Tran,,,1976-10-27,Male,White,Unknown,"61527 Carr Village Suite 442, East Ernestview, UT 73288",(548)986-3137,,Robinson Inc Hospital,2026-03-20 19:19:23.186147,EHR000498,MRN200248,Sara,Shelby,Gentry,,,1933-08-29,Female,Black or African American,Not Hispanic or Latino,"914 Cassandra Gateway Suite 061, West Shawnland, VI 66215",001-411-699-2569,,2025-03-29 15:00:47.265696,0,0.0,0.4722222222222221,0.0,no_match,0.4821428571428571,T650,G536,TRAN,GANTRY,0,0
P00421,0,person_00421a,person_00421b,EMS000421,,Diana,,Adams,,,1985-08-10,Female,White,Unknown,"197 Parrish View Suite 245, New Joseph, IL 48024",(694)280-4507x3567,,"Diaz, Fry and Douglas Hospital",2025-09-23 05:21:09.824898,EHR000421,MRN200171,Megan,Stacy,Silva,,,1990-04-25,Female,White,Not Hispanic or Latino,"602 Nelson Run, Port Jesusland, MI 70027",+1-525-384-9073x420,eortega@example.com,2025-08-01 09:34:09.157320,0,0.6,0.0,0.0,no_match,0.36363636363636365,A352,S410,ADAN,SALV,0,0
P00206,1,person_00206,person_00206,EMS000206,,Monica,Jennifer,Pierce,,,1955-06-05,Female,White,Not Hispanic or Latino,"7146 Amanda Cliffs, Wandaborough, VT 49278",001-289-526-2566,,Murphy Inc Hospital,2025-10-04 17:58:17.947408,EHR000206,MRN100206,Monica,Jennifer,Pierce,,,1955-06-05,Female,White,Not Hispanic or Latino,"7146 Amanda Cliffs, Wandaborough, VT 49278",001-289-526-2566,nelsonamanda@example.net,2025-10-04 19:19:17.947408,0,1.0,1.0,1.0,exact,1.0,P620,P620,PARC,PARC,1,1
P00282,0,person_00282a,person_00282b,EMS000282,,Cassandra,Brittany,Fuentes,,,1933-07-17,Female,White,,"4152 Rachel Parks, New Eric, RI 44724",,,"Guerra, Lopez and Davis Hospital",2026-03-16 06:16:42.440972,EHR000282,MRN200032,Rita,Susan,Zimmerman,,,2010-05-16,Female,Two or More Races,Unknown,"589 Sherman Row, West Luke, NV 26458",866-666-1707x1587,xgay@example.com,2026-01-22 17:02:30.951576,0,0.4537037037037037,0.4179894179894179,0.0,no_match,0.410958904109589,F532,Z565,FANT,ZANARNAN,0,0
P00254,0,person_00254a,person_00254b,EMS000254,,Tiffany,S.,Mccoy,,,1972-01-20,Female,White,,"298 Edwin Avenue, Emilymouth, MS 42501",828.694.1347x509,,"Simmons, Wallace and Martinez Hospital",2025-01-25 13:36:09.958798,EHR000254,MRN200004,Robin,,Navarro,,,2024-08-20,Female,White,Not Hispanic or Latino,"951 Mitchell Crest Suite 477, East Keith, PW 34504",+1-213-542-1388x209,freemanlynn@example.com,2026-07-19 03:31:23.982358,0,0.5619047619047619,0.0,0.0,no_match,0.38636363636363635,M200,N160,MCY,NAVAR,0,0
P00412,0,person_00412a,person_00412b,EMS000412,,Alex,,Fernandez,,,1945-01-21,Male,Unknown,Not Hispanic or Latino,"64693 Jennifer Junctions Suite 230, New Tricia, ME 35057",9882067089,,"Wolfe, Tyler and Boyer Hospital",2026-01-31 16:05:31.162833,EHR000412,MRN200162,Linda,Lisa,Fernandez,,,1999-05-03,Female,Two or More Races,Hispanic or Latino,"11326 Garcia Isle Suite 858, West Frankfurt, IA 24942",+1-911-296-0472x20539,rwoods@example.com,2025-04-03 14:13:29.407860,0,0.4833333333333334,1.0,0.0,no_match,0.4036697247706422,F655,F655,FARNAND,FARNAND,1,1
P00004,1,person_00004,person_00004,EMS000004,MRN100004,Joseph,,Obrien,,,2022-04-11,Male,Black or African American,Hispanic or Latino,"USNS Marquez, FPO AA 88540",+1-557-587-1331x5098,,Heath Inc Hospital,2024-10-18 09:51:48.720981,EHR000004,MRN100004,Joseph,,Obrien,,,2022-04-11,Male,Black or African American,Hispanic or Latino,"USNS Marquez, FPO AA 88540",+1-557-587-1331x5098,jonescrystal@example.org,2024-10-18 10:20:48.720981,1,1.0,1.0,1.0,exact,1.0,O165,O165,OBRAN,OBRAN,1,1
P00256,0,person_00256a,person_00256b,EMS000256,,David,J.,Thompson,II,,2021-07-06,Male,White,Not Hispanic or Latino,"627 Burke Spur Apt. 044, Port Kirsten, AR 74197",001-754-256-6766x40473,,Fischer PLC Hospital,2025-02-27 20:23:17.006712,EHR000256,MRN200006,Joshua,,Chan,,,1941-02-20,Male,Black or African American,Not Hispanic or Latino,"Unit 9529 Box 8006, DPO AE 92871",658-410-8358x32863,martin38@example.net,2024-09-09 03:22:43.822035,0,0.0,0.45833333333333326,0.0,no_match,0.40506329113924056,T512,C500,TANPSAN,CAN,0,0
P00448,0,person_00448a,person_00448b,EMS000448,,Jamie,,Gonzalez,Jr.,,1974-04-04,Female,Two or More Races,Hispanic or Latino,"19143 Stephen Lake, Timothybury, MT 07063",001-815-279-1150x10162,,"Hughes, Campbell and Decker Hospital",2025-09-03 07:54:53.058944,EHR000448,MRN200198,Justin,Mitchell,Caldwell,,,2010-11-28,Male,Native Hawaiian or Other Pacific Islander,Not Hispanic or Latino,"PSC 9783, Box 3548, APO AP 94051",857.919.2149,meyerspatrick@example.net,2025-06-27 23:41:23.426216,0,0.5777777777777778,0.5833333333333334,0.0,no_match,0.3013698630136986,G524,C434,GANSAL,CALDWAL,0,0
P00100,1,person_00100,person_00100,EMS000100,,eDborah,Misty,Cooper,,,1973-09-27,Female,White,Not Hispanic or Latino,"6210 Alexandra Parkways, Serranoville, HI 62874",,,Clarke-James Hospital,2026-07-16 16:11:27.136426,EHR000100,MRN100100,Deborah,Misty,Cooper,,,1973-09-27,Female,White,Not Hispanic or Latino,"6210 Alexandra Parkways, Serranoville, HI 62874",+1-890-888-1172x980,nancy86@example.org,2026-07-16 16:25:27.136426,0,0.9523809523809524,1.0,1.0,exact,1.0,C160,C160,CAPAR,CAPAR,1,1
P00226,1,person_00226,person_00226,EMS000226,,Richard,,Lewis,,,1948-10-02,Male,Unknown,Not Hispanic or Latino,"4212 Joshua Common Suite 768, Lake Patricia, HI 07545",965-442-3567,,Hoffman PLC Hospital,2025-06-10 10:24:48.190851,EHR000226,MRN100226,Richard,William,Lewis,,,1950-10-02,Male,White,Not Hispanic or Latino,"4212 Joshua Common Suite 768, Lake Patricia, HI 07545",965-442-3567,sgomez@example.net,2025-06-10 11:39:48.190851,0,1.0,1.0,0.7,month_day_match_year_differs,1.0,L200,L200,LAE,LAE,1,1
P00429,0,person_00429a,person_00429b,EMS000429,,Betty,Paige,Combs,,,1969-04-13,Female,White,,,402.486.5505,,Lee Ltd Hospital,2025-04-11 05:58:47.439768,EHR000429,MRN200179,Alexander,Jason,Johnson,,,1960-08-03,Male,White,Hispanic or Latino,"16633 David Walk, West Benjamin, MD 30923",001-322-220-5620,wilsonjared@example.net,2025-02-09 12:45:27.614700,0,0.4370370370370371,0.5619047619047619,0.0,no_match,,C512,J525,CANB,JANSAN,0,0
P00213,1,person_00213,person_00213,EMS000213,,Matthew,Frank,Mitchell,,,1955-04-11,Male,White,Hispanic or Latino,,,,Anderson Group Hospital,2026-02-07 16:25:03.518078,EHR000213,MRN100213,Matthew,Frank,Mitchell,,,1957-04-11,Male,White,Hispanic or Latino,"47554 Collin Bridge Apt. 555, Johnview, IL 77089",(711)629-1093x3711,mmayo@example.net,2026-02-07 17:48:03.518078,0,1.0,1.0,0.7,month_day_match_year_differs,,M324,M324,MATCAL,MATCAL,1,1
P00171,1,person_00171,person_00171,EMS000171,,Trveor,,Black,,,1995-06-21,Male,Two or More Races,Unknown,"USCGC Thomas, FPO AE 94561",611.855.6260x60290,,"Newton, Blankenship and Smith Hospital",2026-05-30 06:49:43.997045,EHR000171,MRN100171,Trevor,,Black,,,1995-06-21,Male,Two or More Races,Hispanic or Latino,"USCGC Thomas, FPO AE 94561",611.855.6260x60290,sblackwell@example.net,2026-05-30 07:48:43.997045,0,0.9555555555555556,1.0,1.0,exact,1.0,B420,B420,BLAC,BLAC,1,1
P00098,1,person_00098,person_00098,EMS000098,,Matthew,,Long,,,2015-05-07,Male,Unknown,Not Hispanic or Latino,"498 Nicholas Lane Suite 918, Nicholasbury, NC 53695",+1-727-850-3731x45303,,Roth-Reed Hospital,2026-08-16 11:27:45.753726,EHR000098,MRN100098,Matthew,Charles,Long,,,2015-05-07,Male,White,Not Hispanic or Latino,"78816 Shaw Shore Apt. 928, South Erik, OK 74663",+1-727-850-3731x45303,chardin@example.org,2026-08-16 12:32:45.753726,0,1.0,1.0,1.0,exact,0.4489795918367348,L520,L520,LANG,LANG,1,1
P00292,0,person_00292a,person_00292b,EMS000292,,Alyssa,,Schneider,,,1970-09-11,Female,Black or African American,Hispanic or Latino,"6829 Blake Coves, Stephenborough, VT 80001",742.492.5010x587,,Olsen Group Hospital,2026-01-19 13:23:33.308619,EHR000292,MRN200042,Mark,Matthew,Foster,,Mark Nguyen,2010-02-01,Male,Black or African American,Not Hispanic or Latino,"9908 Jennifer Station Apt. 711, East Curtis, GA 94067",915.855.1651,warrendarlene@example.com,2025-10-04 13:12:58.465807,0,0.4722222222222221,0.611111111111111,0.0,no_match,0.35789473684210527,S536,F236,SNADAR,FASTAR,0,0
P00215,1,person_00215,person_00215,EMS000215,,Cathy,Caitlin,Robinson,,,1996-11-06,Female,White,Not Hispanic or Latino,"844 Kenneth Grove Apt. 230, West Benjamin, FL 36907",(740)733-8105,,Villanueva-Phillips Hospital,2026-02-08 15:23:10.045727,EHR000215,MRN100215,Cathy,Caitlin,Robinson,,,1996-11-06,Female,White,Not Hispanic or Latino,"844 Kenneth Grove Apt. 230, West Benjamin, FL 36907",(740)733-8105,pottsnicole@example.com,2026-02-08 16:35:10.045727,0,1.0,1.0,1.0,exact,1.0,R152,R152,RABANSAN,RABANSAN,1,1
P00061,1,person_00061,person_00061,EMS000061,,Patty,,Mason,,,1963-06-08,Female,White,Not Hispanic or Latino,"0937 Price Squares Apt. 341, Port Monicaburgh, MN 43228",475.414.0105x123,,Ellis LLC Hospital,2025-12-03 04:53:20.252261,EHR000061,MRN100061,Patricia,Leah,Mason,,,1963-06-08,Female,White,Not Hispanic or Latino,"6112 Collins Motorway, New Timothy, NJ 13296",475.414.0105x123,anita73@example.com,2025-12-03 06:00:20.252261,0,0.6583333333333333,1.0,1.0,exact,0.2828282828282829,M250,M250,MASAN,MASAN,1,1
P00047,1,person_00047,person_00047,EMS000047,,Jon,,Luna,,,1997-09-16,Male,,Not Hispanic or Latino,"786 Frye Mount Suite 854, Leebury, KY 73650",,,"Miller, Bradshaw and Douglas Hospital",2025-03-28 06:49:49.511814,EHR000047,MRN100047,John,Ryan,Luna,,,1997-09-16,Male,White,Not Hispanic or Latino,"786 Frye Mount Suite 854, Leebury, KY 73650",834-843-7575x8441,stephanie24@example.org,2025-03-28 07:05:49.511814,0,0.9333333333333333,1.0,1.0,exact,1.0,L500,L500,LAN,LAN,1,1
P00032,1,person_00032,person_00032,EMS000032,,Christpher,James,Padilla,,,1978-03-09,Male,,Hispanic or Latino,,+1-875-616-1369x681,,"Hicks, Bullock and Bailey Hospital",2025-12-05 17:37:27.288406,EHR000032,MRN100032,Christopher,James,Padilla,,,1978-03-09,Male,Asian,Hispanic or Latino,"60607 Michelle Ports Suite 966, Dariustown, MD 23028",+1-875-616-1369x681,jeffrey21@example.net,2025-12-05 18:43:27.288406,0,0.9818181818181818,1.0,1.0,exact,,P340,P340,PADAL,PADAL,1,1
P00267,0,person_00267a,person_00267b,EMS000267,,William,J.,Fields,,,1989-06-15,Male,Unknown,Not Hispanic or Latino,"960 Bishop Expressway, Cohenstad, AK 97882",+1-768-483-2753x273,,"Mack, Cox and Moran Hospital",2025-04-01 04:19:16.594646,EHR000267,MRN200017,Julia,Danielle,Morrison,Sr.,Julia Fritz,2006-05-09,Female,Asian,Not Hispanic or Latino,"Unit 8195 Box 2371, DPO AE 98622",3682761648,ucastillo@example.org,2025-06-17 04:44:01.279939,0,0.565079365079365,0.5277777777777778,0.0,no_match,0.3783783783783784,F432,M625,FALD,MARASAN,0,0
P00327,0,person_00327a,person_00327b,EMS000327,,Valerie,,Lopez,,,,Male,Two or More Races,Not Hispanic or Latino,"91779 Cruz Drive Suite 872, West Zachary, ID 65238",001-708-858-0623x5040,,Patel LLC Hospital,2026-01-12 04:01:12.343025,EHR000327,MRN200077,Joyce,Amanda,Nunez,,,1946-08-12,Female,White,Not Hispanic or Latino,"PSC 2554, Box 4286, APO AA 78304",(532)559-4232x8946,petersonfrank@example.org,2026-06-30 07:03:20.068099,0,0.4476190476190476,0.6,,missing,0.29268292682926833,L120,N520,LAP,NAN,0,0
P00200,1,person_00200,person_00200,EMS000200,,Amanda,K.,Miller,,,2009-09-25,Female,White,Not Hispanic or Latino,"Unit 7271 Box 7833, DPO AE 22839",001-911-360-2564x34712,,Kent-Paul Hospital,2025-12-13 14:17:46.499153,EHR000200,MRN100200,Amanda,Kathleen,Miller,,,2009-09-25,Female,White,,"Unit 7271 Box 7833, DPO AE 22839",001-911-360-2564x34712,monica99@example.org,2025-12-13 15:25:46.499153,0,1.0,1.0,1.0,exact,1.0,M460,M460,MALAR,MALAR,1,1
P00446,0,person_00446a,person_00446b,EMS000446,,Sergio,Nathan,Hancock,,,1962-04-13,Male,Asian,Hispanic or Latino,"Unit 3534 Box 5819, DPO AA 55811",472-885-3533x99824,,Pugh Inc Hospital,2026-04-09 07:55:32.433983,EHR000446,MRN200196,Susan,,Graves,,,1962-07-02,Female,White,Not Hispanic or Latino,"466 Jacobs Fords Apt. 302, Jamesmouth, HI 63283",001-766-698-3451x50252,prodriguez@example.org,2025-08-06 09:28:56.933832,0,0.4555555555555555,0.4365079365079365,0.25,year_match_only,0.3291139240506329,H522,G612,HANCAC,GRAV,0,0
P00027,1,person_00027,person_00027,EMS000027,,Laurie,M.,Mcclure,,,1992-11-17,Female,Unknown,Not Hispanic or Latino,"0537 Sampson Walk Suite 158, Bruceview, ID 16512",,,Huerta PLC Hospital,2024-09-01 05:56:41.498939,EHR000027,MRN100027,Laurie,Molly,Mcclure,,,1992-11-17,Female,White,Not Hispanic or Latino,"0537 Sampson Walk Suite 158, Bruceview, ID 16512",513.590.0532x931,markhernandez@example.net,2024-09-01 07:17:41.498939,0,1.0,1.0,1.0,exact,1.0,M246,M246,MCLAR,MCLAR,1,1
P00424,0,person_00424a,person_00424b,EMS000424,,Adriana,,Espinoza,,,2011-05-24,Female,Black or African American,Unknown,"79237 Bridget Divide, Tranbury, IN 36532",001-786-949-7035x067,,"Garcia, Hernandez and Perez Hospital",2026-07-25 20:15:01.287118,EHR000424,MRN200174,Sharon,Whitney,Lee,,,1964-04-27,Female,White,Not Hispanic or Latino,"3123 Marcus Junctions Apt. 570, Davidland, NC 63211",+1-593-384-4404x588,collinskyle@example.com,2025-12-19 00:16:41.286075,0,0.6428571428571429,0.48611111111111116,0.0,no_match,0.41758241758241754,E215,L000,ESPANAS,LY,0,0
P00230,1,person_00230,person_00230,EMS000230,,Anna,Allison,Smith,,,2003-10-25,Female,Unknown,Unknown,"602 Walters Tunnel, Jacobbury, ME 25906",+1-336-340-4120,,Kline-Davis Hospital,2024-12-11 18:49:23.673990,EHR000230,MRN100230,Anna,Allison,Smith,,,2003-10-25,Female,White,Not Hispanic or Latino,"602 Walters Tunnel, Jacobbury, ME 25906",+1-336-340-4120,hho@example.org,2024-12-11 19:15:23.673990,0,1.0,1.0,1.0,exact,1.0,S530,S530,SNAT,SNAT,1,1
P00260,0,person_00260a,person_00260b,EMS000260,,Eric,Peter,Allen,,,1968-01-08,Male,White,Unknown,"4858 Nicole Ville Apt. 242, Castrofort, UT 33339",,,Brown Ltd Hospital,2024-10-29 16:16:29.382637,EHR000260,MRN200010,Heather,Chloe,Willis,,,1961-11-11,Female,White,Not Hispanic or Latino,"PSC 4809, Box 4047, APO AA 06257",001-344-209-0797x727,anthony22@example.org,2026-05-01 10:39:02.070438,0,0.4642857142857142,0.5777777777777778,0.0,no_match,0.35,A450,W420,ALAN,WAL,0,0
P00288,0,person_00288a,person_00288b,EMS000288,,Andrew,,Brady,,,2002-11-03,Male,White,Unknown,"8029 Jessica Brook, Oscarfort, MS 51408",,,"Taylor, Hardin and House Hospital",2024-11-15 11:38:32.532427,EHR000288,MRN200038,Angela,Joanna,Powers,,,2007-03-08,Female,Asian,Hispanic or Latino,"PSC 8102, Box 1312, APO AA 09015",(393)411-0059,vwelch@example.net,2024-11-27 06:42:01.024105,0,0.6666666666666666,0.0,0.0,no_match,0.3943661971830986,B630,P620,BRADY,PAOAR,0,0
P00162,1,person_00162,person_00162,EMS000162,,Erica,,Steele,,,1995-11-30,Female,White,,"564 Austin Trace Suite 856, West Jillian, NM 20327",+1-352-780-9242x87572,,"Farrell, Sandoval and Yates Hospital",2024-10-01 10:27:47.342546,EHR000162,MRN100162,Erica,,Steele,,,1995-11-30,Female,White,Not Hispanic or Latino,"941 Angela Center Suite 375, North Jonfurt, ME 52234",+1-352-780-9242x87572,,2024-10-01 10:43:47.342546,0,1.0,1.0,1.0,exact,0.43137254901960786,S340,S340,STAL,STAL,1,1
P00425,0,person_00425a,person_00425b,EMS000425,,Matthew,F.,Williams,,,,Male,Black or African American,Not Hispanic or Latino,"910 Johns Mission Suite 802, Lake Teresa, AS 82756",856-884-4679x403,,"Wright, Reynolds and Price Hospital",2025-05-10 14:57:38.197190,EHR000425,MRN200175,Teresa,Lisa,Castillo,,Teresa Chang,1978-09-25,Female,Black or African American,Not Hispanic or Latino,"9757 Carolyn Squares, Lake Scott, CT 67222",(583)402-9158x5423,christopher51@example.net,2026-02-20 21:40:49.213279,0,0.5396825396825397,0.5833333333333334,,missing,0.5,W452,C234,WALAN,CASTAL,0,0
P00138,1,person_00138,person_00138,EMS000138,MRN100138,eRbecca,,Porter,,,2022-05-01,Female,Black or African American,Not Hispanic or Latino,,001-231-502-7079,,"Gregory, Nguyen and Daugherty Hospital",2026-04-21 17:02:21.971124,EHR000138,MRN100138,Rebecca,Maria,Porter,,,2022-05-01,Female,Black or African American,Not Hispanic or Latino,"50506 Jason Shoal, Bentleyside, FL 97632",001-231-502-7079,alexischen@example.com,2026-04-21 17:40:21.971124,1,0.9523809523809524,1.0,1.0,exact,,P636,P636,PARTAR,PARTAR,1,1
P00062,1,person_00062,person_00062,EMS000062,,Mihael,John,Church,,,1960-06-07,Male,,,"4225 Harvey Way, Stephaniefort, DC 26076",(852)886-6929,,Maynard-Wagner Hospital,2026-07-11 00:43:48.891402,EHR000062,MRN100062,Michael,John,Church,,,1960-06-07,Male,White,Hispanic or Latino,"155 Williamson Via Suite 991, West David, ME 15829",(852)886-6929,tommymedina@example.net,2026-07-11 01:08:48.891402,0,0.9619047619047619,1.0,1.0,exact,0.37777777777777777,C620,C620,CARC,CARC,1,1
P00135,1,person_00135,person_00135,EMS000135,,Corey,,Johnson,,,1939-05-25,Male,Unknown,Unknown,"USNS Sampson, FPO AP 16464",001-911-392-6921x244,,"Carrillo, Morris and Martin Hospital",2026-01-17 19:55:41.741093,EHR000135,MRN100135,Corey,,Johnson,,,1939-05-25,Male,White,Not Hispanic or Latino,"USNS Sampson, FPO AP 16464",001-911-392-6921x244,rlivingston@example.com,2026-01-17 20:23:41.741093,0,1.0,1.0,1.0,exact,1.0,J525,J525,JANSAN,JANSAN,1,1
P00128,1,person_00128,person_00128,EMS000128,,Julie,,Walker,,,2012-06-19,Female,Unknown,Not Hispanic or Latino,"3966 Stephens Freeway, Lake Elizabeth, WA 93812",(981)861-5814,,"Copeland, Wilson and Carlson Hospital",2024-12-24 08:06:02.594104,EHR000128,MRN100128,Julie,Crystal,Walker,,,2012-06-19,Female,Two or More Races,Not Hispanic or Latino,"2557 Johnson Mountains Apt. 577, West Katrina, PA 75825",(981)861-5814,pallen@example.net,2024-12-24 08:49:02.594104,0,1.0,1.0,1.0,exact,0.33333333333333337,W426,W426,WALCAR,WALCAR,1,1
P00476,0,person_00476a,person_00476b,EMS000476,,Michelle,S.,Wolf,,,1951-05-27,Female,Black or African American,Not Hispanic or Latino,"68856 Maldonado Village, Washingtonchester, SC 65409",909.764.5837x44959,,Osborne-Graham Hospital,2026-03-28 03:49:31.293244,EHR000476,MRN200226,Brad,John,Merritt,,,1995-08-11,Male,Unknown,Not Hispanic or Latino,"974 Sanford Corners, Lake Daisyhaven, MS 90141",(867)651-1997,jeffrey96@example.com,2024-10-21 17:28:37.476850,0,0.0,0.0,0.0,no_match,0.34693877551020413,W410,M630,WALF,MARAT,0,0
P00008,1,person_00008,person_00008,EMS000008,,Sammy,Jonathan,King,,,2016-12-08,Male,White,Not Hispanic or Latino,,001-782-562-0450,,Dickson-Brady Hospital,2026-06-07 00:27:30.724257,EHR000008,MRN100008,Samuel,Jonathan,King,,,2016-12-08,Male,White,Not Hispanic or Latino,"0052 Martin Mills Suite 801, Lake Rebeccaside, AZ 48894",001-782-562-0450,elizabethgomez@example.net,2026-06-07 01:29:30.724257,0,0.79,1.0,1.0,exact,,K520,K520,CANG,CANG,1,1
P00326,0,person_00326a,person_00326b,EMS000326,,Holly,April,Fernandez,,,2010-07-11,Female,Two or More Races,Unknown,,692-559-6790,,Woods-Ryan Hospital,2026-06-15 02:22:52.117570,EHR000326,MRN200076,Rachel,,Parrish,,,2021-03-16,Female,White,Not Hispanic or Latino,"0938 Proctor Rapid, Williamport, SD 17538",995-298-8114x5788,ldavis@example.org,2025-06-19 13:49:37.220806,0,0.4555555555555555,0.33597883597883604,0.0,no_match,,F655,P620,FARNAND,PAR,0,0
P00463,0,person_00463a,person_00463b,EMS000463,,Sabrina,W.,Mann,,,1969-03-19,Female,White,Not Hispanic or Latino,"99454 Mallory Stream Suite 531, Peterton, PA 32267",8796685909,,"Jackson, Jackson and Rosales Hospital",2026-07-03 03:09:24.861678,EHR000463,MRN200213,Brandy,,Ramirez,,,1999-12-14,Female,Black or African American,Not Hispanic or Latino,"177 Mark Trace, South Richardland, CA 27527",397.936.7072,,2025-04-10 10:23:25.768821,0,0.6626984126984127,0.4285714285714286,0.0,no_match,0.4086021505376344,M500,R562,MAN,RANAR,0,0
P00064,1,person_00064,person_00064,EMS000064,,Scott,B.,Grimes,,,,Male,White,Not Hispanic or Latino,"53672 Burton Lane, Jonesland, MO 68083",(384)498-2544x948,,"Ramirez, Mayer and Wood Hospital",2024-11-30 20:46:32.876939,EHR000064,MRN100064,Scott,Brandon,Grimes,,,1941-10-24,Male,White,Not Hispanic or Latino,"959 Martin Dam, Port Jamie, AR 75221",(384)498-2544x948,rsellers@example.net,2024-11-30 21:59:32.876939,0,1.0,1.0,,missing,0.40540540540540543,G652,G652,GRAN,GRAN,1,1
P00300,0,person_00300a,person_00300b,EMS000300,MRN300050,Julie,,Davis,,,1977-03-07,Female,Unknown,Unknown,"4449 Lawrence Islands, New James, ME 25646",786-544-9639x24358,,Edwards-Taylor Hospital,2025-11-08 00:15:09.468610,EHR000300,MRN200050,Misty,,Walter,,,1991-04-30,Female,Black or African American,Not Hispanic or Latino,"75367 Randolph Mount Suite 249, West Davidfurt, GU 72680",(501)634-7789x4896,jarviscourtney@example.com,2025-08-13 03:41:29.203594,0,0.0,0.4555555555555555,0.0,no_match,0.34693877551020413,D120,W436,DAV,WALTAR,0,0
P00014,1,person_00014,person_00014,EMS000014,,Daavid,Bradley,Smith,,,1980-11-27,Male,Unknown,Not Hispanic or Latino,"Unit 5310 Box 0330, DPO AP 20474",427.319.3745,,"Byrd, Rubio and Sanders Hospital",2026-07-09 17:02:14.294422,EHR000014,MRN100014,David,Bradley,Smith,,,1981-11-27,Male,Two or More Races,Not Hispanic or Latino,"Unit 5310 Box 0330, DPO AP 20474",427.319.3745,tamirodriguez@example.org,2026-07-09 17:57:14.294422,0,0.9555555555555556,1.0,0.7,month_day_match_year_differs,1.0,S530,S530,SNAT,SNAT,1,1
P00156,1,person_00156,person_00156,EMS000156,,Laura,,Stokes,,,,Female,White,Not Hispanic or Latino,,,,"Porter, Guerrero and Holloway Hospital",2025-07-12 09:48:43.745048,EHR000156,MRN100156,Laura,,Stokes,,,1940-03-01,Female,White,Not Hispanic or Latino,"8529 Cox Mews Apt. 718, West Joseph, ME 75673",(839)519-1954x1987,,2025-07-12 11:08:43.745048,0,1.0,1.0,,missing,,S322,S322,STAC,STAC,1,1
P00040,1,person_00040,person_00040,EMS000040,,Dustin,Scott,Williams,,,1992-12-15,Male,White,,"6765 Tyler Parks Suite 841, Millerburgh, ND 39005",711-854-4796x27570,,Palmer-Brady Hospital,2025-12-08 20:47:49.709347,EHR000040,MRN100040,Dustin,Scott,Williams,,,1992-12-15,Male,,Hispanic or Latino,"6765 Tyler Parks Suite 841, Millerburgh, ND 39005",711-854-4796x27570,danielle01@example.net,2025-12-08 21:29:49.709347,0,1.0,1.0,1.0,exact,1.0,W452,W452,WALAN,WALAN,1,1
P00379,0,person_00379a,person_00379b,EMS000379,,Stephanie,S.,Roberson,,,1959-02-02,Female,White,Not Hispanic or Latino,"70598 Moon Greens Suite 143, Crawfordburgh, NC 51778",511.923.0388x56811,,"Garner, Martinez and Allen Hospital",2024-11-30 14:36:40.793791,EHR000379,MRN200129,Adam,Roberto,Rojas,,,1989-04-18,Male,Two or More Races,Not Hispanic or Latino,"PSC 9217, Box 7905, APO AA 19874",+1-266-993-3515,mackelizabeth@example.org,2025-06-14 09:32:13.393508,0,0.4537037037037037,0.6583333333333333,0.0,no_match,0.33333333333333337,R162,R220,RABARSAN,RAJ,0,0
P00468,0,person_00468a,person_00468b,EMS000468,,Thomas,Scott,Hernandez,,,2013-02-21,Male,Black or African American,Not Hispanic or Latino,"8670 Paul Mall Apt. 036, West Kevin, LA 28194",+1-594-568-9633x1812,,"Stevens, King and Petersen Hospital",2025-05-15 20:52:26.911507,EHR000468,MRN200218,Miguel,Patrick,Williams,,,2014-07-12,Male,Black or African American,Not Hispanic or Latino,"4577 Thompson Loop Apt. 636, Medinaton, NY 81012",+1-697-574-7594,mary52@example.net,2025-01-16 03:44:57.570075,0,0.0,0.412037037037037,0.0,no_match,0.4731182795698925,H655,W452,HARNAND,WALAN,0,0
P00403,0,person_00403a,person_00403b,EMS000403,,Natalie,Debra,Davis,,,1999-08-23,Female,White,Not Hispanic or Latino,,937-788-4437x0661,,Cox Group Hospital,2025-06-07 10:53:55.377342,EHR000403,MRN200153,Bonnie,Sherri,Fischer,,Bonnie Powell,2018-07-02,Female,White,Unknown,"PSC 1541, Box 8589, APO AP 04899",6277729108,terrydebra@example.net,2025-03-30 01:21:18.314355,0,0.6428571428571429,0.5619047619047619,0.0,no_match,,D120,F260,DAV,FASSAR,0,0
P00216,1,person_00216,person_00216,EMS000216,,Victoria,Lori,Smith,,,1964-06-06,Female,Unknown,Hispanic or Latino,"40891 Bautista Glens Apt. 735, Jamesfurt, FL 58966",465.427.1727,,Collins and Sons Hospital,2025-12-16 05:01:09.530371,EHR000216,MRN100216,Victoria,Lori,Smith,II,,1964-06-06,Female,White,Hispanic or Latino,"40891 Bautista Glens Apt. 735, Jamesfurt, FL 58966",465.427.1727,ashleyharding@example.org,2025-12-16 06:07:09.530371,0,1.0,1.0,1.0,exact,1.0,S530,S530,SNAT,SNAT,1,1
P00279,0,person_00279a,person_00279b,EMS000279,,Isaiah,,Moore,,,1946-09-03,Male,Black or African American,Hispanic or Latino,"488 Sherman Plain, South Christine, CA 26534",819-464-2585,,Francis-Mann Hospital,2025-10-24 12:52:01.692325,EHR000279,MRN200029,Louis,,Arellano,,,1961-06-04,Male,White,Not Hispanic or Latino,"82407 Martha Forges, East Scott, AS 28808",(504)830-9776,melaniecarpenter@example.net,2026-06-20 07:40:21.217241,0,0.4555555555555555,0.5499999999999999,0.0,no_match,0.42352941176470593,M600,A645,MAR,ARALAN,0,0
P00434,0,person_00434a,person_00434b,EMS000434,,Rachel,A.,Mcdowell,,,2005-01-06,Female,Unknown,Not Hispanic or Latino,"24702 Keith Crest Apt. 874, Derrickfort, UT 10342",001-593-367-8576x46391,,"Crawford, Collins and Jones Hospital",2024-12-30 07:51:59.764963,EHR000434,MRN200184,Wesley,Matthew,Gray,,,2004-12-29,Male,Two or More Races,Hispanic or Latino,"Unit 2321 Box 5401, DPO AP 31626",853-350-6962,wkelley@example.com,2025-04-23 05:58:55.869565,0,0.38888888888888884,0.0,0.0,no_match,0.419753086419753,M234,G600,MCDAOAL,GRY,0,0
P00430,0,person_00430a,person_00430b,EMS000430,,Christopher,Christopher,Gray,,,2006-05-04,Male,,,"6452 Kevin Parkway Suite 449, Pattersontown, HI 35065",001-786-563-4209,,Waters-Rush Hospital,2025-05-28 02:08:59.709949,EHR000430,MRN200180,John,Taylor,Nicholson,,,1956-12-13,Male,White,Not Hispanic or Latino,"97356 Matthew Fall Suite 655, West Tonyfurt, GA 48962",980.796.6414,,2025-03-28 22:50:29.164145,0,0.446969696969697,0.0,0.0,no_match,0.41509433962264153,G600,N242,GRY,NACALSAN,0,0
P00337,0,person_00337a,person_00337b,EMS000337,,Scott,Mark,Adams,,,1930-12-13,Male,Unknown,Not Hispanic or Latino,"2049 Lindsey Hills, Noblefurt, WY 79944",373.813.7971x66984,,"Burton, Davis and Galvan Hospital",2025-12-29 04:58:13.370958,EHR000337,MRN200087,John,Troy,Washington,,,1984-11-27,Male,White,Not Hispanic or Latino,"6238 Aguilar Crescent, Romanland, VT 35118",(462)303-7087,jenkinsmary@example.net,2024-09-19 05:06:46.083820,0,0.4833333333333334,0.5333333333333333,0.0,no_match,0.2962962962962963,A352,W252,ADAN,WASANGTAN,0,0
P00236,1,person_00236,person_00236,EMS000236,MRN100236,Danny,,Rose,,,2002-11-28,Male,Two or More Races,,"281 Jeffery Lakes Suite 798, Port Ricardo, CA 36917",(224)991-2711x30724,,Lewis-Sanders Hospital,2024-10-30 14:03:05.492228,EHR000236,MRN100236,Daniel,Kevin,Rose,,Daniel Garrison,2002-11-28,Male,Unknown,Not Hispanic or Latino,"281 Jeffery Lakes Suite 798, Port Ricardo, CA 36917",(224)991-2711x30724,hbell@example.net,2024-10-30 14:26:05.492228,1,0.79,1.0,1.0,exact,1.0,R200,R200,RAS,RAS,1,1
P00207,1,person_00207,person_00207,EMS000207,,Jakc,,Nelson,,,2013-03-15,Male,Asian,Not Hispanic or Latino,"63611 Alisha Wells, Briannafort, CT 69832",(794)884-9102x562,,"Moore, Martinez and Gray Hospital",2026-01-13 18:23:52.482498,EHR000207,MRN100207,Jack,Gavin,Nelson,,,2013-03-15,Male,Asian,Unknown,"63611 Alisha Wells, Briannafort, CT 69832",(794)884-9102x562,qvargas@example.org,2026-01-13 19:43:52.482498,0,0.9333333333333333,1.0,1.0,exact,1.0,N425,N425,NALSAN,NALSAN,1,1
P00212,1,person_00212,person_00212,EMS000212,,Lei,Colin,Bond,,,1990-05-29,Male,Unknown,Not Hispanic or Latino,"60432 Smith Flats, Port Brentchester, NC 40667",,,Williams Inc Hospital,2026-06-15 00:48:22.237262,EHR000212,MRN100212,Levi,Colin,Bond,,,1990-05-29,Male,White,Not Hispanic or Latino,"60432 Smith Flats, Port Brentchester, NC 40667",001-633-756-7086x041,sherry63@example.com,2026-06-15 01:38:22.237262,0,0.9333333333333333,1.0,1.0,exact,1.0,B530,B530,BAD,BAD,1,1
P00295,0,person_00295a,person_00295b,EMS000295,,Kathleen,,Gutierrez,,,2023-02-01,Female,Unknown,Not Hispanic or Latino,"144 Harris Grove, Lake Josephborough, IA 90898",700.996.8730x451,,Mooney PLC Hospital,2025-06-15 16:51:16.719476,EHR000295,MRN200045,Steven,,Barber,,,1982-01-13,Male,White,Not Hispanic or Latino,"2965 Lucero Trafficway Suite 278, Wardchester, CO 79426",725-457-7820x582,tiffanysparks@example.net,2026-04-23 16:26:51.151747,0,0.7222222222222222,0.5,0.0,no_match,0.3168316831683168,G362,B616,GATAR,BARBAR,0,0
P00457,0,person_00457a,person_00457b,EMS000457,,Dustin,David,Woodard,,,1980-03-09,Male,White,Not Hispanic or Latino,"69531 Gina Walks Apt. 977, Lake Dawnmouth, AK 53978",(991)579-2651,,Stewart-Smith Hospital,2026-05-22 20:45:02.599838,EHR000457,MRN200207,Michael,Bradley,Brown,,,1978-06-27,Male,White,Not Hispanic or Latino,"19836 Kristin Mills, Lake Steven, WI 63945",905-629-8770,,2024-10-10 10:24:30.608164,0,0.0,0.4476190476190476,0.0,no_match,0.4086021505376344,W363,B650,WADAD,BRAON,0,0
P00251,0,person_00251a,person_00251b,EMS000251,,Marc,,Patton,,,2018-11-16,Male,Unknown,Not Hispanic or Latino,"648 Coleman Stravenue, Franciscofurt, NH 98232",,,"Douglas, Hall and Pena Hospital",2025-12-03 15:01:10.972034,EHR000251,MRN200001,Danielle,,Delgado,,,2003-12-17,Female,Black or African American,Not Hispanic or Latino,"542 Ford Mill Apt. 705, Littleside, IL 54058",4916498517,,2024-12-15 11:38:41.717575,0,0.45833333333333326,0.4365079365079365,0.0,no_match,0.3555555555555555,P350,D423,PATAN,DALGAD,0,0
P00488,0,person_00488a,person_00488b,EMS000488,,Gregory,,Collins,,,1944-04-05,Male,Unknown,Not Hispanic or Latino,"76425 Owen Neck Suite 887, Johnsonburgh, AZ 30475",001-892-821-3170x1958,,Thomas and Sons Hospital,2026-01-12 09:22:32.513171,EHR000488,MRN200238,Bonnie,Roberta,Knight,,,2004-06-13,Female,Black or African American,Not Hispanic or Latino,"14249 Robles Extensions Apt. 796, Kevinchester, AL 31231",728.388.0700,whitetony@example.com,2024-12-17 19:03:57.488911,0,0.0,0.4365079365079365,0.0,no_match,0.38095238095238093,C452,K523,CALAN,NAGT,0,0
P00486,0,person_00486a,person_00486b,EMS000486,,Eric,Shane,Gonzales,,,2010-10-24,Male,White,Not Hispanic or Latino,"0542 Williams Ranch Suite 947, Collierville, CT 07215",997.464.7545x6572,,Walker-Mcdonald Hospital,2026-06-13 13:17:07.769803,EHR000486,MRN200236,Jonathon,Derrick,Zhang,,Jonathon Johnson,1949-12-19,Male,White,Not Hispanic or Latino,"685 Smith Mews Suite 992, Joneshaven, DC 54209",+1-770-997-7779,shermanjamie@example.net,2025-06-22 22:43:38.565149,0,0.0,0.5472222222222222,0.0,no_match,0.48484848484848486,G524,Z520,GANSAL,ZANG,0,0
P00303,0,person_00303a,person_00303b,EMS000303,,Joseph,,Hall,,,,Male,Black or African American,Not Hispanic or Latino,"8762 Andre Flat, North Kendraview, GU 23927",+1-517-285-2282,,"Hodge, Martinez and Johnson Hospital",2025-09-16 13:27:56.455334,EHR000303,MRN200053,Kathryn,Stephanie,Long,,,1946-07-11,Female,Black or African American,Not Hispanic or Latino,"95947 Spencer Station, Lake Johnton, CA 49970",(804)978-7688,kristin96@example.com,2025-06-23 23:27:13.495239,0,0.4365079365079365,0.0,,missing,0.38636363636363635,H400,L520,HAL,LANG,0,0
P00350,0,person_00350a,person_00350b,EMS000350,,Geoffrey,,Griffin,,,1972-11-14,Male,,Not Hispanic or Latino,"5795 Miller Locks, East Anne, VA 01776",+1-508-355-1074x091,,"Chapman, Alexander and Zamora Hospital",2026-08-06 06:25:06.400888,EHR000350,MRN200100,Todd,Brandon,Andersen,,Todd Smith,1961-11-14,Male,White,Not Hispanic or Latino,"602 Cynthia Lodge Suite 354, Lake Gregorytown, MH 11339",+1-322-775-9500x26015,michellearias@example.com,2025-12-21 09:42:19.149720,0,0.45833333333333326,0.5119047619047619,0.7,month_day_match_year_differs,0.34408602150537637,G615,A536,GRAFAN,ANDARSAN,0,0
P00269,0,person_00269a,person_00269b,EMS000269,,Adrian,,Peterson,,,,Male,Unknown,Not Hispanic or Latino,"135 Stevens Route Apt. 833, Elizabethfurt, SC 13456",681-448-8810x79833,,"Lee, Shaffer and Mendez Hospital",2026-02-07 02:36:09.303927,EHR000269,MRN200019,Amanda,Lisa,Arnold,,,1939-05-05,Female,White,Not Hispanic or Latino,"84033 Brenda Prairie, Marshallside, FM 07196",913-671-7173x18939,perkinsmichelle@example.org,2025-07-19 12:25:01.820684,0,0.6666666666666666,0.5277777777777778,,missing,0.33684210526315794,P362,A654,PATARSAN,ARNALD,0,0
P00201,1,person_00201,person_00201,EMS000201,,Nil,Matthew,Glover,,,1972-03-04,Male,Two or More Races,Hispanic or Latino,"41115 Julie Crescent Suite 256, West Bryanside, ID 51376",(455)628-9931x60875,,"Ortega, Solis and Warner Hospital",2025-03-25 04:32:25.145797,EHR000201,MRN100201,Neil,Matthew,Glover,,Neil Burch,1972-03-04,Male,Unknown,Hispanic or Latino,"41115 Julie Crescent Suite 256, West Bryanside, ID 51376",(455)628-9931x60875,vincentbryant@example.net,2025-03-25 05:43:25.145797,0,0.9249999999999999,1.0,1.0,exact,1.0,G416,G416,GLAVAR,GLAVAR,1,1
P00161,1,person_00161,person_00161,EMS000161,,Erin,Diane,Miller,,,1965-08-01,Female,White,,"362 Sparks Burgs Suite 439, Solomonstad, OR 90189",(529)610-8677x133,,"Ellis, Smith and Anderson Hospital",2026-05-17 17:08:07.196930,EHR000161,MRN100161,Erin,Diane,Miller,,,1965-08-01,Female,White,Not Hispanic or Latino,"300 Rebecca Mountain Apt. 420, Williamsonview, FL 12174",(529)610-8677x133,julie62@example.com,2026-05-17 18:16:07.196930,0,1.0,1.0,1.0,exact,0.3653846153846154,M460,M460,MALAR,MALAR,1,1
P00043,1,person_00043,person_00043,EMS000043,,Christain,,Martin,,,1961-04-25,Male,Two or More Races,Not Hispanic or Latino,"3647 Haley Estate Suite 677, West Catherine, MD 94658",(699)559-0010,,Gross-Valencia Hospital,2026-06-10 13:41:59.785416,EHR000043,MRN100043,Christian,,Martin,,,1961-04-25,Male,Two or More Races,Not Hispanic or Latino,"414 Cynthia Plaza Suite 249, New Danielleshire, OR 20711",(699)559-0010,bmontgomery@example.com,2026-06-10 14:37:59.785416,0,0.9777777777777777,1.0,1.0,exact,0.4403669724770643,M635,M635,MARTAN,MARTAN,1,1
P00217,1,person_00217,person_00217,EMS000217,,Robert,M.,Lopez,,,1944-04-18,Female,Black or African American,,"618 Jessica Valley Apt. 916, Smithtown, WV 84974",3237142900,,Parker Group Hospital,2026-06-13 01:11:29.689735,EHR000217,MRN100217,Robert,Michael,Lopez,,,1944-04-18,Male,Black or African American,Not Hispanic or Latino,"618 Jessica Valley Apt. 916, Smithtown, WV 84974",3237142900,harristimothy@example.net,2026-06-13 02:30:29.689735,0,1.0,1.0,1.0,exact,1.0,L120,L120,LAP,LAP,1,1
P00401,0,person_00401a,person_00401b,EMS000401,,Russell,Matthew,Smith,,,1952-08-30,Male,White,Unknown,"335 Amber Fall, East Kenneth, NH 12775",493-960-0608,,"Gonzalez, White and Harrison Hospital",2026-06-18 13:20:33.523850,EHR000401,MRN200151,Douglas,Brian,Cohen,III,,1970-05-15,Male,Unknown,Not Hispanic or Latino,"2643 Smith Ports Suite 372, West Rodney, NV 56286",+1-623-413-3610x94416,jenniferprice@example.com,2025-03-28 08:08:49.585713,0,0.5238095238095238,0.0,0.0,no_match,0.3218390804597702,S530,C500,SNAT,CAHAN,0,0
P00190,1,person_00190,person_00190,EMS000190,,Jel,A.,Davis,,,2017-12-15,Male,White,Not Hispanic or Latino,"9263 Rachel Street Suite 762, South Hollyton, IA 21201",784-813-7681x511,,Jones Ltd Hospital,2024-10-01 18:45:20.249121,EHR000190,MRN100190,Joel,Andrew,Davis,,Joel Lucas,2017-12-15,Male,White,Not Hispanic or Latino,"9263 Rachel Street Suite 762, South Hollyton, IA 21201",784-813-7681x511,nmartin@example.net,2024-10-01 20:06:20.249121,0,0.9249999999999999,1.0,1.0,exact,1.0,D120,D120,DAV,DAV,1,1
P00309,0,person_00309a,person_00309b,EMS000309,,Diane,Alicia,Lawrence,,,2022-05-06,Female,Asian,Unknown,"9935 Shannon Hills Apt. 394, Bakerhaven, IN 05815",873.260.6014,,Sanford-Wilson Hospital,2026-07-27 18:02:14.623408,EHR000309,MRN200059,Cindy,Mary,Roberts,,,1941-09-01,Female,Black or African American,Hispanic or Latino,"528 Alexis Meadow Apt. 537, North Davidview, GA 86675",346-326-3251x4488,morganfarrell@example.org,2024-10-17 09:00:11.343399,0,0.6,0.5119047619047619,0.0,no_match,0.43137254901960786,L652,R163,LARANC,RABART,0,0
P00259,0,person_00259a,person_00259b,EMS000259,MRN300009,Kaitlyn,,Clark,,,1962-01-10,Female,White,Unknown,"87056 Edward Cliff, West Jacquelineborough, UT 12801",+1-375-710-9792,,"Aguirre, Coleman and Ruiz Hospital",2026-06-15 15:39:26.169546,EHR000259,MRN200009,Denise,Samantha,Parrish,,,1986-03-09,Female,White,Unknown,"8831 Dakota Forge Suite 249, East Laurashire, SD 50694",499-494-9732x03319,thomassmith@example.org,2024-10-07 07:11:20.807318,0,0.4365079365079365,0.5619047619047619,0.0,no_match,0.3584905660377359,C462,P620,CLARC,PAR,0,0
P00105,1,person_00105,person_00105,EMS000105,,Cythia,,Allen,,,1955-11-16,Female,,Not Hispanic or Latino,"521 Samantha Springs, Austinside, AZ 63715",(495)279-4728x463,,Dalton-Parsons Hospital,2025-09-01 05:23:15.230935,EHR000105,MRN100105,Cynthia,,Allen,,,1955-11-16,Female,White,Not Hispanic or Latino,"521 Samantha Springs, Austinside, AZ 63715",(495)279-4728x463,imendoza@example.org,2025-09-01 06:04:15.230935,0,0.9619047619047619,1.0,1.0,exact,1.0,A450,A450,ALAN,ALAN,1,1
P00053,1,person_00053,person_00053,EMS000053,,Michael,Robert,Melendez,,,2022-08-08,Male,White,Not Hispanic or Latino,"3854 Owens Run, Kylestad, NY 65680",,,Garcia-Zavala Hospital,2026-06-29 03:46:45.179690,EHR000053,MRN100053,Michael,Robert,Melendez,,Michael Hart,2022-08-08,Male,White,Not Hispanic or Latino,"3435 Sandra Vista, Christopherborough, AR 35688",(299)501-3983x7354,suzannewilson@example.com,2026-06-29 04:13:45.179690,0,1.0,1.0,1.0,exact,0.3703703703703704,M453,M453,MALAND,MALAND,1,1
P00389,0,person_00389a,person_00389b,EMS000389,,Brian,Brandon,Young,,,1965-06-05,Male,Asian,Not Hispanic or Latino,"472 Young Point, Millerchester, ND 22662",(851)827-2670,,Bridges-Jacobs Hospital,2024-11-01 15:23:00.417565,EHR000389,MRN200139,Tiffany,,Chase,IV,,1956-11-20,Female,White,Not Hispanic or Latino,"8784 Kennedy Village Apt. 290, West Alexis, MT 14768",648.897.4223x54340,hkelley@example.org,2026-03-30 17:10:39.418247,0,0.6761904761904761,0.0,0.0,no_match,0.34782608695652173,Y520,C200,YANG,CAS,0,0
P00001,1,person_00001,person_00001,EMS000001,,Blake,,Fuller,,,1965-01-06,Male,White,Not Hispanic or Latino,"34131 Ramirez Roads, Franciscostad, IL 88342",719-228-3276x483,,Gentry PLC Hospital,2025-03-13 18:08:16.279148,EHR000001,MRN100001,Blake,Edward,Fuller,,Blake Mcclure,1965-01-06,Male,Unknown,Not Hispanic or Latino,"34131 Ramirez Roads, Franciscostad, IL 88342",719-228-3276x483,lydiatrujillo@example.com,2025-03-13 19:02:16.279148,0,1.0,1.0,1.0,exact,1.0,F460,F460,FALAR,FALAR,1,1
P00441,0,person_00441a,person_00441b,EMS000441,,Matthew,,Wong,,,2002-10-30,Male,Unknown,Hispanic or Latino,"281 Woods Centers, Bateston, FL 17808",911.867.8706,,Salazar-Martinez Hospital,2025-11-30 17:26:10.600058,EHR000441,MRN200191,Michael,Bryce,Kelly,,,1945-06-01,Male,Asian,Not Hispanic or Latino,"848 Gutierrez Parks Apt. 142, Jameston, AK 98340",375.539.8923,jordancooper@example.net,2026-05-14 03:33:49.884194,0,0.6190476190476191,0.0,0.0,no_match,0.4,W520,K400,WANG,CALY,0,0
P00482,0,person_00482a,person_00482b,EMS000482,,Kayla,,Cooper,,,2020-10-10,Female,Unknown,Not Hispanic or Latino,"794 Donald Parkways, Pattersonshire, CT 12095",(823)321-4252,,"Osborne, Ramirez and Crawford Hospital",2025-09-08 21:44:46.840433,EHR000482,MRN200232,Latoya,Veronica,Cameron,,,2007-08-12,Female,Asian,Not Hispanic or Latino,"7446 Graves Falls Suite 544, North Abigailside, TN 91764",313-567-3805x20388,umonroe@example.com,2026-03-23 04:28:52.899292,0,0.7000000000000001,0.6428571428571429,0.0,no_match,0.39603960396039606,C160,C565,CAPAR,CANARAN,0,0
P00049,1,person_00049,person_00049,EMS000049,,Gaary,Nicholas,Wong,,,1998-12-05,Male,Asian,Not Hispanic or Latino,"9329 Wilcox Passage Suite 161, East Thomas, IA 01396",,,"Carrillo, Vaughn and Fowler Hospital",2025-09-01 06:10:51.690931,EHR000049,MRN100049,Gary,Nicholas,Wong,,,1998-12-05,Male,Asian,Not Hispanic or Latino,"9329 Wilcox Passage Suite 161, East Thomas, IA 01396",563-274-5499x045,,2025-09-01 06:32:51.690931,0,0.9466666666666665,1.0,1.0,exact,1.0,W520,W520,WANG,WANG,1,1
P00419,0,person_00419a,person_00419b,EMS000419,MRN300169,Robert,,Warner,,,1959-07-23,Male,White,Unknown,"256 Francis Square, Brownhaven, WI 66192",222.837.8870x58416,,Porter-Mcintosh Hospital,2025-09-04 05:07:49.779443,EHR000419,MRN200169,David,Marvin,Morales,,David Mcdonald,2023-09-20,Male,White,Hispanic or Latino,"0586 Hanson Port Suite 383, Port Christinemouth, FL 26889",(310)880-9261x6620,michael57@example.net,2026-07-25 22:10:06.750633,0,0.0,0.5317460317460317,0.0,no_match,0.3917525773195877,W656,M642,WARNAR,MARAL,0,0
P00080,1,person_00080,person_00080,EMS000080,,Dessiree,,Thomas,,,1988-06-25,Female,Unknown,Not Hispanic or Latino,"5307 Prince Brooks, Lisaport, ME 37246",513.824.7546x9137,,Jones Ltd Hospital,2025-09-10 13:41:39.948097,EHR000080,MRN100080,Desiree,,Thomas,,,1988-06-25,Female,Two or More Races,Not Hispanic or Latino,"5307 Prince Brooks, Lisaport, ME 37246",513.824.7546x9137,xmalone@example.org,2025-09-10 14:59:39.948097,0,0.9708333333333333,1.0,1.0,exact,1.0,T520,T520,TAN,TAN,1,1
P00205,1,person_00205,person_00205,EMS000205,,aDniel,,Martin,,,1984-02-06,Male,White,Not Hispanic or Latino,"18458 Rodney Shoals, East Kevinhaven, MH 38957",+1-287-529-7585x98831,,"Arnold, Vargas and Ramirez Hospital",2026-07-30 13:18:45.159869,EHR000205,MRN100205,Daniel,,Martin,,,1984-02-06,Male,White,Unknown,"18458 Rodney Shoals, East Kevinhaven, MH 38957",+1-287-529-7585x98831,lopezkevin@example.org,2026-07-30 14:42:45.159869,0,0.9444444444444445,1.0,1.0,exact,1.0,M635,M635,MARTAN,MARTAN,1,1
P00034,1,person_00034,person_00034,EMS000034,,Lisa,,Ford,,,2005-11-19,Female,Unknown,Hispanic or Latino,"PSC 7935, Box 9782, APO AE 59551",451-782-0377,,Mccormick Ltd Hospital,2026-01-08 02:20:32.277401,EHR000034,MRN100034,Lisa,Katie,Ford,,Lisa Spencer,2005-11-19,Female,Black or African American,Hispanic or Latino,"PSC 7935, Box 9782, APO AE 59551",451-782-0377,samantha66@example.com,2026-01-08 02:30:32.277401,0,1.0,1.0,1.0,exact,1.0,F630,F630,FAD,FAD,1,1
P00263,0,person_00263a,person_00263b,EMS000263,,Tyler,Wesley,Parker,,,2003-06-01,Male,White,Not Hispanic or Latino,"2702 Nicole Hollow Suite 123, South Christopher, IA 20704",+1-985-507-2517x86376,,White-Sanders Hospital,2024-09-24 14:47:51.469318,EHR000263,MRN200013,James,Gabriel,Campbell,,,1994-10-06,Male,White,Not Hispanic or Latino,"157 Jeffrey Rest Apt. 355, Waltertown, RI 79035",001-461-832-7303x46156,justinhughes@example.com,2026-07-31 08:25:07.322390,0,0.46666666666666656,0.5138888888888888,0.0,no_match,0.34615384615384615,P626,C514,PARCAR,CANPBAL,0,0
P00427,0,person_00427a,person_00427b,EMS000427,,Angela,Brenda,Edwards,,,1968-02-08,Female,White,Hispanic or Latino,"22234 Charles Fords, Stantonside, IN 55679",859.301.7791x5244,,"Solis, Cooper and Chandler Hospital",2025-04-23 09:30:46.629664,EHR000427,MRN200177,Danielle,Shannon,Brown,,,1959-07-19,Female,White,Not Hispanic or Latino,"4260 Andrea Gateway Suite 263, New Brendastad, WA 84760",(295)259-2277x6414,saranovak@example.net,2026-08-10 18:56:39.315671,0,0.7222222222222222,0.4476190476190476,0.0,no_match,0.4329896907216495,E363,B650,EDWARD,BRAON,0,0
P00366,0,person_00366a,person_00366b,EMS000366,MRN300116,Michael,Robert,Foster,,,2008-09-16,Male,Black or African American,Not Hispanic or Latino,"529 James Prairie, East Olivialand, SD 87357",574.717.4304x3502,,Chase-Thomas Hospital,2025-05-23 22:44:47.401162,EHR000366,MRN200116,Terry,Jennifer,Morgan,,,1973-04-06,Female,Black or African American,Hispanic or Latino,"32829 Albert Brook, West Richard, CT 28750",903.303.3467,santiagoronald@example.com,2026-04-18 02:11:10.292138,0,0.0,0.4444444444444444,0.0,no_match,0.41860465116279066,F236,M625,FASTAR,MARGAN,0,0
P00091,1,person_00091,person_00091,EMS000091,,Larry,Frank,Keith,,,1970-06-08,Male,Black or African American,Hispanic or Latino,"0810 Thomas Skyway Apt. 342, Francesberg, MP 08631",,,"Mueller, Harris and Weaver Hospital",2026-01-30 21:46:47.932479,EHR000091,MRN100091,Larry,Frank,Keith,,,1970-06-08,Male,Black or African American,Hispanic or Latino,"6547 Devon Rapids, Meganside, VI 41645",001-783-333-9452x288,anna99@example.net,2026-01-30 22:27:47.932479,0,1.0,1.0,1.0,exact,0.34090909090909094,K300,K300,CAT,CAT,1,1
P00339,0,person_00339a,person_00339b,EMS000339,,Juan,D.,Freeman,,,1994-09-16,Male,Asian,Unknown,"6517 White Route, New Saraport, MP 80431",(368)934-9604x7842,,Cortez-Kline Hospital,2025-06-23 18:12:55.283001,EHR000339,MRN200089,Brenda,Vicki,Kelly,,,2002-11-12,Female,Black or African American,Not Hispanic or Latino,"8820 Joseph Locks Apt. 906, West Randall, FL 99184",579.791.6091x14131,yolandamarks@example.net,2025-02-16 02:55:21.039894,0,0.4722222222222221,0.4476190476190476,0.0,no_match,0.4,F655,K400,FRANAN,CALY,0,0
P00473,0,person_00473a,person_00473b,EMS000473,,Sara,,Curry,,,,Female,White,Unknown,"Unit 4182 Box 9912, DPO AA 80962",+1-345-820-6419x106,,"Bell, Anderson and Anderson Hospital",2025-12-26 18:57:14.246998,EHR000473,MRN200223,Amy,,Molina,IV,,2010-06-25,Female,Black or African American,Not Hispanic or Latino,"42168 Robert Parkway, East Gloria, SC 65934",(962)369-9620x834,smithashley@example.org,2025-12-06 09:45:23.126295,0,0.5277777777777778,0.0,,missing,0.3733333333333333,C600,M450,CARY,MALAN,0,0
P00052,1,person_00052,person_00052,EMS000052,,imberly,,Webster,,,1943-12-22,Female,Unknown,Unknown,"Unit 3959 Box 9534, DPO AE 87036",836.744.0892x68705,,"Wells, Atkinson and Turner Hospital",2025-01-11 11:54:40.776553,EHR000052,MRN100052,Kimberly,,Webster,,Kimberly Parsons,1943-12-22,Female,White,Not Hispanic or Latino,"Unit 3959 Box 9534, DPO AE 87036",836.744.0892x68705,trussell@example.com,2025-01-11 13:23:40.776553,0,0.9583333333333334,1.0,1.0,exact,1.0,W123,W123,WABSTAR,WABSTAR,1,1
P00345,0,person_00345a,person_00345b,EMS000345,,Joshua,Alvin,Mora,,,1945-08-02,Male,Unknown,Not Hispanic or Latino,"88098 Gary Crossing, Port Darylburgh, IN 23534",2012867661,,Harding-Cisneros Hospital,2024-09-01 17:44:22.612133,EHR000345,MRN200095,Kimberly,Sabrina,Lopez,,,1967-02-11,Female,White,Not Hispanic or Latino,"384 Santos Row, New Williamton, WY 63754",268-523-5469x510,,2026-04-19 05:58:02.906103,0,0.0,0.4833333333333334,0.0,no_match,0.32558139534883723,M600,L120,MAR,LAP,0,0
P00264,0,person_00264a,person_00264b,EMS000264,,Kelly,Ashley,Drake,,,1963-07-23,Female,Black or African American,Not Hispanic or Latino,,757.658.5126x86120,,Reed-Ellis Hospital,2024-12-13 20:04:05.068369,EHR000264,MRN200014,Jessica,Julie,Williams,,,2013-02-10,Female,White,Not Hispanic or Latino,"546 Leonard Trafficway, New Josephport, MI 55165",8755409150,christopherdavis@example.net,2025-08-25 15:10:01.355841,0,0.4476190476190476,0.44166666666666665,0.0,no_match,,D620,W452,DRAC,WALAN,0,0
P00241,1,person_00241,person_00241,EMS000241,,Matthew,,Torres,,,1958-01-17,Male,White,Not Hispanic or Latino,"0349 Brian Inlet, South Michaeltown, AR 33456",(554)888-2142,,"Walsh, Henderson and Rasmussen Hospital",2025-02-27 20:49:19.527348,EHR000241,MRN100241,Matthew,,Torres,,,1958-01-17,Male,White,Not Hispanic or Latino,"0349 Brian Inlet, South Michaeltown, AR 33456",(554)888-2142,carterantonio@example.com,2025-02-27 21:18:19.527348,0,1.0,1.0,1.0,exact,1.0,T620,T620,TAR,TAR,1,1
P00013,1,person_00013,person_00013,EMS000013,,Brtitany,Cindy,Perry,,,1962-02-04,Male,White,Not Hispanic or Latino,"627 Brent Light, Jasonmouth, MA 50193",001-489-937-3467x0656,,Walton-Decker Hospital,2025-11-05 13:00:48.121594,EHR000013,MRN100013,Brittany,Cindy,Perry,,,1962-02-04,Female,White,Not Hispanic or Latino,"66909 Woods Knoll, Karenchester, ND 98479",001-489-937-3467x0656,tinaferguson@example.com,2025-11-05 13:45:48.121594,0,0.9666666666666667,1.0,1.0,exact,0.3846153846153846,P600,P600,PARY,PARY,1,1
P00315,0,person_00315a,person_00315b,EMS000315,,Lisa,Anna,Wright,,,1987-07-03,Female,White,Not Hispanic or Latino,"74820 Montoya Forge, Clayville, CO 66522",001-439-240-6557,,Hernandez Inc Hospital,2024-10-31 03:23:07.028124,EHR000315,MRN200065,Donald,,Jackson,IV,,1945-07-28,Male,White,Hispanic or Latino,"33247 Dorothy Fork, North David, PW 95405",254.462.1276,austin26@example.org,2024-12-23 06:02:59.223221,0,0.4722222222222221,0.0,0.0,no_match,0.4691358024691358,W623,J250,WRAGT,JACSAN,0,0
P00088,1,person_00088,person_00088,EMS000088,,Mary,,Jackson,,,1964-08-16,Female,White,Not Hispanic or Latino,,001-702-216-9797x296,,Smith and Sons Hospital,2025-07-18 02:09:42.191688,EHR000088,MRN100088,Mary,,Jackson,,,1964-08-16,Female,White,Not Hispanic or Latino,"155 Daniel Locks Suite 467, Banksburgh, DE 17869",001-702-216-9797x296,,2025-07-18 03:18:42.191688,0,1.0,1.0,1.0,exact,,J250,J250,JACSAN,JACSAN,1,1
P00387,0,person_00387a,person_00387b,EMS000387,MRN300137,Jeffery,,Cooke,,,1967-07-27,Male,Unknown,,"984 John Crest, Lake Marymouth, CO 13099",215.519.8545x82942,,Crawford Ltd Hospital,2024-09-23 18:42:26.681006,EHR000387,MRN200137,Dalton,Phillip,Ramirez,,,1969-09-19,Male,White,Not Hispanic or Latino,"994 Perkins Squares Suite 667, Lake Brian, AR 72660",(540)928-1822,,2025-05-10 09:32:45.140188,0,0.0,0.4476190476190476,0.0,no_match,0.39560439560439564,C200,R562,CAC,RANAR,0,0
P00273,0,person_00273a,person_00273b,EMS000273,,Patricia,,Valdez,,,1949-09-10,Female,White,Not Hispanic or Latino,,,,Perez-Haynes Hospital,2025-07-13 07:31:24.491404,EHR000273,MRN200023,Christine,Amber,Gonzales,,,1949-07-13,Female,White,Not Hispanic or Latino,"28981 Katherine Crest, Yangstad, WA 42035",(833)818-5748x17006,gomezsonya@example.org,2026-05-11 11:35:57.396810,0,0.5648148148148148,0.5555555555555555,0.25,year_match_only,,V432,G524,VALD,GANSAL,0,0
P00166,1,person_00166,person_00166,EMS000166,,Sarah,Kelly,Phillips,,,1935-03-13,Female,,,"186 Davis Shore, Michaelshire, CO 66488",,,Levy-Savage Hospital,2026-04-12 06:47:32.858222,EHR000166,MRN100166,Sarah,Kelly,Phillips,,,1935-03-13,Female,White,Hispanic or Latino,"186 Davis Shore, Michaelshire, CO 66488",6177226016,ctodd@example.net,2026-04-12 07:50:32.858222,0,1.0,1.0,1.0,exact,1.0,P412,P412,FALAP,FALAP,1,1
P00328,0,person_00328a,person_00328b,EMS000328,,Miranda,T.,Thompson,,,2020-06-09,Male,White,Not Hispanic or Latino,"9335 Garcia Wall, New Jenniferstad, MN 03864",+1-578-246-8509x5744,,Roth Group Hospital,2026-02-13 15:31:40.122079,EHR000328,MRN200078,Stephanie,Samantha,Jones,,,2009-09-27,Female,Asian,Not Hispanic or Latino,"PSC 9720, Box 3859, APO AE 35776",9153364154,,2025-05-24 14:42:01.861694,0,0.5026455026455027,0.5499999999999999,0.0,no_match,0.2894736842105263,T512,J520,TANPSAN,JAN,0,0
P00492,0,person_00492a,person_00492b,EMS000492,,Andrea,,Hull,,,2006-05-24,Female,White,Not Hispanic or Latino,"847 Martin Ports Apt. 596, Buckfort, WY 62978",653-990-2262,,Ramirez and Sons Hospital,2026-01-11 18:12:49.154824,EHR000492,MRN200242,Christina,,Jacobs,,,1932-03-03,Female,White,Not Hispanic or Latino,"4761 Turner Mission, Wrightmouth, MD 34554",+1-704-623-1697x92067,,2025-06-18 13:08:45.067396,0,0.5185185185185185,0.0,0.0,no_match,0.3218390804597702,H400,J212,HAL,JACAB,0,0
P00134,1,person_00134,person_00134,EMS000134,,Amanda,,Hardin,,,1991-03-20,Female,,Not Hispanic or Latino,"USCGC Bishop, FPO AP 36229",,,"Griffin, Robinson and Campbell Hospital",2025-09-17 20:54:51.413973,EHR000134,MRN100134,Amanda,,Hardin,II,,1991-03-20,Female,White,Not Hispanic or Latino,"USCGC Bishop, FPO AP 36229",744-214-9673x93852,deckeralexander@example.org,2025-09-17 21:28:51.413973,0,1.0,1.0,1.0,exact,1.0,H635,H635,HARDAN,HARDAN,1,1
P00306,0,person_00306a,person_00306b,EMS000306,,Amber,L.,Solis,,,1955-02-19,Female,Unknown,Not Hispanic or Latino,"37218 Gutierrez Locks, Knightport, CO 32285",(497)815-0666,,Michael Ltd Hospital,2025-09-28 21:44:56.430850,EHR000306,MRN200056,Bailey,Cynthia,Koch,,,1977-05-22,Female,White,Hispanic or Latino,"USNS Sullivan, FPO AE 38048",392.352.9596,millerjoan@example.org,2025-08-25 01:06:36.676053,0,0.5888888888888889,0.4833333333333334,0.0,no_match,0.34285714285714286,S420,K200,SAL,CAC,0,0
P00480,0,person_00480a,person_00480b,EMS000480,,Jonathan,,Garcia,,,1963-03-18,Male,White,,"1685 Mcdonald River Suite 232, Tammystad, OH 02814",001-695-379-4758x16602,,Gonzales Inc Hospital,2025-12-24 14:26:34.887981,EHR000480,MRN200230,Nancy,Rachel,Little,,,1972-11-04,Female,White,Not Hispanic or Latino,"46971 Blair Park Suite 341, Jennifershire, MA 05971",237.345.6017x03961,rbailey@example.org,2024-09-27 21:27:43.347711,0,0.5499999999999999,0.0,0.0,no_match,0.3564356435643564,G620,L340,GARC,LATL,0,0
P00319,0,person_00319a,person_00319b,EMS000319,,Jacqueline,D.,Marks,,,1948-05-21,Female,White,Unknown,"8243 Elizabeth Mountains Suite 464, Williamhaven, NY 03449",,,Esparza-Davis Hospital,2026-03-09 07:55:09.226145,EHR000319,MRN200069,David,Thomas,Clark,,,2003-05-05,Male,White,Not Hispanic or Latino,"516 Lindsay Valley Apt. 119, Foxville, ND 06835",+1-233-891-3732x653,cummingsstephanie@example.net,2025-08-27 23:33:01.918671,0,0.5333333333333333,0.7333333333333334,0.0,no_match,0.36190476190476195,M620,C462,MARC,CLARC,0,0
P00243,1,person_00243,person_00243,EMS000243,,Dvein,W.,Rodriguez,,,1986-02-14,Male,White,Hispanic or Latino,"501 Jacqueline Path Apt. 872, Lake Danielle, FL 39939",+1-340-579-3110x2918,,Howe LLC Hospital,2025-07-20 09:00:00.798972,EHR000243,MRN100243,Devin,William,Rodriguez,,,1987-02-14,Male,White,Hispanic or Latino,"501 Jacqueline Path Apt. 872, Lake Danielle, FL 39939",+1-340-579-3110x2918,dalejohnson@example.net,2025-07-20 10:03:00.798972,0,0.94,1.0,0.7,month_day_match_year_differs,1.0,R362,R362,RADRAG,RADRAG,1,1
P00054,1,person_00054,person_00054,EMS000054,,Julei,,Franco,,,2017-07-10,Female,White,Unknown,"20387 Brown Route, Hopkinstown, AL 70259",277-272-5228x728,,"Jenkins, Smith and Bowen Hospital",2025-06-27 10:05:44.982444,EHR000054,MRN100054,Julie,,Franco,,,2017-07-10,Female,Unknown,Not Hispanic or Latino,"93204 Phillips Flat Suite 369, South Andrea, TX 44746",277-272-5228x728,landryelizabeth@example.org,2025-06-27 11:08:44.982444,0,0.9533333333333333,1.0,1.0,exact,0.34408602150537637,F652,F652,FRANC,FRANC,1,1
P00363,0,person_00363a,person_00363b,EMS000363,,Katelyn,,Kaiser,,,1984-02-24,Female,Unknown,Not Hispanic or Latino,"0002 Donaldson Mountain Suite 448, Crawfordport, OK 59198",001-274-616-3656,,Mendez-Hendricks Hospital,2025-02-17 16:07:17.367303,EHR000363,MRN200113,Emily,Connie,Gonzalez,,Emily Chapman,1967-05-06,Female,White,Not Hispanic or Latino,"277 Daniel Roads Suite 296, West Jamie, UT 49123",001-470-925-5128,bcraig@example.com,2024-10-26 10:03:30.486529,0,0.5619047619047619,0.5277777777777778,0.0,no_match,0.4,K260,G524,CASAR,GANSAL,0,0
P00050,1,person_00050,person_00050,EMS000050,,Todd,Jacob,Walker,,,2021-08-11,Male,White,Hispanic or Latino,"2867 Angelica Spring, Jenniferfurt, KS 00896",708-983-9822,,"Robinson, Jones and Henderson Hospital",2024-11-04 14:34:42.930736,EHR000050,MRN100050,Todd,Jacob,Walker,,,2021-08-11,Male,White,Hispanic or Latino,"956 Todd Unions Apt. 391, Ricestad, CA 74447",708-983-9822,frazierjennifer@example.com,2024-11-04 14:50:42.930736,0,1.0,1.0,1.0,exact,0.36363636363636365,W426,W426,WALCAR,WALCAR,1,1
P00456,0,person_00456a,person_00456b,EMS000456,,Phillip,P.,Juarez,,,1955-02-09,Male,Unknown,,,+1-495-416-7045x059,,Carter-Johnson Hospital,2025-11-18 12:02:31.711474,EHR000456,MRN200206,Theresa,Tiffany,Lewis,Jr.,,2004-12-01,Female,White,Hispanic or Latino,"8514 Brian Land, South Kenneth, AZ 89567",(782)731-3427,lgray@example.net,2024-11-18 16:11:29.700398,0,0.4285714285714286,0.0,0.0,no_match,,J620,L200,JAR,LAE,0,0
P00174,1,person_00174,person_00174,EMS000174,,Jennnifer,,Hansen,,,2004-08-25,Male,Unknown,,"677 Colon Divide Apt. 772, Lake Jasonfort, AZ 98345",(685)219-6115,,Johnson-Thomas Hospital,2025-04-08 16:50:36.738625,EHR000174,MRN100174,Jennifer,,Hansen,Sr.,,2004-08-25,Female,White,Unknown,"677 Colon Divide Apt. 772, Lake Jasonfort, AZ 98345",(685)219-6115,davidtorres@example.com,2025-04-08 18:09:36.738625,0,0.9777777777777777,1.0,1.0,exact,1.0,H525,H525,HANSAN,HANSAN,1,1
P00445,0,person_00445a,person_00445b,EMS000445,,Joshua,Anthony,Lynn,,,1985-06-25,Male,Black or African American,Unknown,"4104 Joseph Circles, Richardhaven, MA 10442",+1-235-538-1483x74755,,Gutierrez Group Hospital,2025-09-14 23:42:00.279899,EHR000445,MRN200195,Kelli,Emily,Campbell,,,1941-02-09,Female,White,Not Hispanic or Latino,"401 Eric Mountain Apt. 698, South Jacqueline, NE 12744",958-866-8611,vkelly@example.net,2025-12-28 05:05:07.939992,0,0.0,0.0,0.0,no_match,0.3711340206185567,L500,C514,LYN,CANPBAL,0,0
P00189,1,person_00189,person_00189,EMS000189,,Thomas,James,Harris,,,1958-04-26,Male,White,Not Hispanic or Latino,"58025 Myers Creek Apt. 867, South Stephanieborough, DC 27459",,,"Murphy, Carroll and Henry Hospital",2026-04-12 02:05:23.556828,EHR000189,MRN100189,Thomas,James,Harris,,,1958-04-26,Male,White,Not Hispanic or Latino,"58025 Myers Creek Apt. 867, South Stephanieborough, DC 27459",267-429-9493x8743,zbrown@example.net,2026-04-12 03:06:23.556828,0,1.0,1.0,1.0,exact,1.0,H620,H620,HAR,HAR,1,1
P00496,0,person_00496a,person_00496b,EMS000496,MRN300246,Karen,Kristy,Acevedo,,,1966-08-29,Female,Unknown,,"5185 Barry Corner Suite 456, West Elizabethstad, GU 53214",443.218.0739,,"Cameron, Bradley and Crawford Hospital",2025-12-29 12:51:34.398900,EHR000496,MRN200246,Jessica,,Chang,II,,1950-12-26,Female,White,Not Hispanic or Latino,"3031 Simpson Point Suite 192, Rodriguezport, OH 63479",+1-720-612-4025x45500,hunterjulie@example.org,2025-11-01 08:19:09.782799,0,0.4476190476190476,0.39523809523809517,0.0,no_match,0.4,A213,C520,ACAFAD,CANG,0,0
P00187,1,person_00187,person_00187,EMS000187,MRN100187,Cassie,,Hall,,,1964-10-10,Female,White,Not Hispanic or Latino,"751 Singleton Meadow Suite 377, West Donberg, ME 97206",001-243-992-8404x4566,,Porter Ltd Hospital,2026-02-28 09:44:41.827305,EHR000187,MRN100187,Cassie,,Hall,,Cassie Brewer,1964-10-10,Female,White,Not Hispanic or Latino,"3111 Johnson Flats, Jamesmouth, KS 40178",001-243-992-8404x4566,michelleperez@example.net,2026-02-28 11:04:41.827305,1,1.0,1.0,1.0,exact,0.36170212765957444,H400,H400,HAL,HAL,1,1
P00169,1,person_00169,person_00169,EMS000169,,Coreey,,Hall,,,1951-07-14,Male,Unknown,Not Hispanic or Latino,"80156 Christina Crest, South Jonathan, MA 47063",+1-834-917-2232x971,,Carrillo PLC Hospital,2025-05-19 06:18:37.716122,EHR000169,MRN100169,Corey,Gregg,Hall,,,1951-07-14,Male,White,Not Hispanic or Latino,"PSC 5972, Box 4665, APO AA 21738",+1-834-917-2232x971,,2025-05-19 07:00:37.716122,0,0.9666666666666667,1.0,1.0,exact,0.3291139240506329,H400,H400,HAL,HAL,1,1
P00058,1,person_00058,person_00058,EMS000058,,Michael,M.,Singh,,,1960-09-29,Male,Black or African American,Not Hispanic or Latino,"PSC 3982, Box 6224, APO AA 35681",2156819956,,Thomas-Jackson Hospital,2026-06-19 10:31:04.535237,EHR000058,MRN100058,Michael,Mark,Singh,,,1960-09-29,Male,Black or African American,Not Hispanic or Latino,"7541 Christopher Meadows, Hawkinshaven, MT 14039",2156819956,fhughes@example.net,2026-06-19 10:47:04.535237,0,1.0,1.0,1.0,exact,0.30000000000000004,S520,S520,SANG,SANG,1,1
P00048,1,person_00048,person_00048,EMS000048,,aul,,Lewis,,,2009-04-26,Male,White,Not Hispanic or Latino,"40049 Sarah Isle Suite 788, Smallberg, PR 66589",001-520-282-6773x45401,,Nelson-Lamb Hospital,2026-08-28 14:10:14.673416,EHR000048,MRN100048,Paul,,Lewis,,,2009-04-26,Male,Unknown,Not Hispanic or Latino,"19933 Elizabeth Pines Apt. 301, Riverafort, CT 89786",001-520-282-6773x45401,robertmonroe@example.org,2026-08-28 15:16:14.673416,0,0.9166666666666666,1.0,1.0,exact,0.34343434343434337,L200,L200,LAE,LAE,1,1
P00344,0,person_00344a,person_00344b,EMS000344,,Kathy,K.,Jones,,,2024-08-09,Female,Unknown,Hispanic or Latino,"544 Brown Place Apt. 851, Morrisonborough, NV 92851",,,Galloway Ltd Hospital,2025-10-19 02:22:04.601784,EHR000344,MRN200094,Jessica,Laurie,Robertson,,,1945-05-21,Female,White,Not Hispanic or Latino,"5792 Garcia Villages, Beckerview, MS 30981",5195864242,pmartin@example.org,2024-11-13 13:32:42.266518,0,0.0,0.6444444444444445,0.0,no_match,0.3870967741935484,J520,R163,JAN,RABARTSAN,0,0
P00235,1,person_00235,person_00235,EMS000235,,Ashley,,Jones,,,1988-11-14,Female,White,Unknown,"229 Wilson Island Apt. 967, New Allisonshire, NJ 87174",345.373.1441x5833,,Lopez-Garcia Hospital,2025-02-04 01:24:59.813926,EHR000235,MRN100235,Ashley,Theresa,Jones,,Ashley Murphy,1988-11-14,Female,White,Not Hispanic or Latino,"229 Wilson Island Apt. 967, New Allisonshire, NJ 87174",345.373.1441x5833,abrown@example.net,2025-02-04 02:50:59.813926,0,1.0,1.0,1.0,exact,1.0,J520,J520,JAN,JAN,1,1
P00252,0,person_00252a,person_00252b,EMS000252,,Cathy,K.,Alexander,,,1960-10-22,Female,Black or African American,Not Hispanic or Latino,"44058 Caroline Keys, North Williamville, NY 10652",435.295.6164,,"Carter, Sanchez and Sanchez Hospital",2025-04-18 16:39:43.167350,EHR000252,MRN200002,Steven,,Brooks,,Steven Dunlap,1958-08-06,Male,White,Not Hispanic or Latino,"42901 Lindsey Pass Suite 369, Lake Jessicafurt, WV 85594",313-298-9868,hhopkins@example.com,2025-01-19 15:17:36.206471,0,0.4555555555555555,0.0,0.0,no_match,0.38095238095238093,A425,B620,ALAXANDAR,BRAC,0,0
P00021,1,person_00021,person_00021,EMS000021,,Brin,Travis,Holland,,,1947-04-15,Male,,Not Hispanic or Latino,"USNV Hicks, FPO AA 54960",873.778.2639x8214,,"Burns, Hernandez and Ryan Hospital",2025-10-27 19:10:18.250870,EHR000021,MRN100021,Brian,Travis,Holland,,,1945-04-15,Male,Black or African American,Not Hispanic or Latino,"USNV Hicks, FPO AA 54960",873.778.2639x8214,lori44@example.net,2025-10-27 20:12:18.250870,0,0.9533333333333333,1.0,0.7,month_day_match_year_differs,1.0,H453,H453,HALAD,HALAD,1,1
P00313,0,person_00313a,person_00313b,EMS000313,,Mark,,Clark,,,1964-03-18,Male,White,Not Hispanic or Latino,"7460 Smith Mountain, North Kimberly, MP 08311",001-278-943-6142x4426,,Smith-Bradley Hospital,2025-09-11 10:55:20.236700,EHR000313,MRN200063,Courtney,Christina,Shields,,,2010-05-30,Female,White,Not Hispanic or Latino,"USNV Martin, FPO AE 57927",(303)676-3882,alexa14@example.net,2025-04-13 18:48:44.144081,0,0.45833333333333326,0.0,0.0,no_match,0.3142857142857143,C462,S432,CLARC,SALD,0,0
P00459,0,person_00459a,person_00459b,EMS000459,,Joshua,,Rhodes,,,1995-04-13,Male,White,Not Hispanic or Latino,"69078 Wong Meadow Suite 200, West Davidview, UT 94515",707-207-1634,,Mclean-Alexander Hospital,2024-11-16 00:14:52.047726,EHR000459,MRN200209,Kendra,,Miller,,,1941-02-14,Female,White,Not Hispanic or Latino,"445 Donovan Manor, Thomasfurt, MI 44859",(819)427-6713x7718,wallen@example.com,2026-02-23 07:52:07.297909,0,0.4444444444444444,0.4444444444444444,0.0,no_match,0.34782608695652173,R320,M460,RAD,MALAR,0,0
P00160,1,person_00160,person_00160,EMS000160,,Samanttha,Teresa,Ruiz,,,1969-11-22,Female,White,Not Hispanic or Latino,"24815 Guzman Via Suite 700, Lake Scott, SD 18338",,,"Anderson, Thompson and Watkins Hospital",2025-08-14 14:42:26.325055,EHR000160,MRN100160,Samantha,Teresa,Ruiz,,,1969-11-22,Female,White,Not Hispanic or Latino,"24815 Guzman Via Suite 700, Lake Scott, SD 18338",5634459112,,2025-08-14 15:53:26.325055,0,0.9777777777777777,1.0,1.0,exact,1.0,R200,R200,R,R,1,1
P00276,0,person_00276a,person_00276b,EMS000276,,Glenda,,Ingram,,,1974-01-04,Female,Two or More Races,Not Hispanic or Latino,"415 May Plains Apt. 137, North Andreaport, DC 46064",576-781-8268x3230,,Myers-Lee Hospital,2025-06-11 23:14:06.636715,EHR000276,MRN200026,Robert,Jack,Hall,,,2020-08-22,Male,,Not Hispanic or Latino,"12932 Garrison Harbors Apt. 646, Englishmouth, MD 18342",001-440-414-8439x9106,wcarson@example.org,2024-12-24 15:30:42.993503,0,0.4444444444444444,0.0,0.0,no_match,0.4339622641509434,I526,H400,INGRAN,HAL,0,0
P00443,0,person_00443a,person_00443b,EMS000443,,Jennifer,J.,Mcfarland,,,2012-03-29,Female,White,Not Hispanic or Latino,"2767 Carla Fort, Jacquelinemouth, OR 28748",442-512-9146x502,,House Ltd Hospital,2026-02-15 06:10:09.660401,EHR000443,MRN200193,Taylor,Melissa,Blair,,,1931-04-03,Female,Black or African American,Not Hispanic or Latino,"PSC 7972, Box 5184, APO AP 86410",6709339821,kimlee@example.net,2024-12-22 04:12:09.939582,0,0.4305555555555556,0.5407407407407407,0.0,no_match,0.32432432432432434,M216,B460,MCFARLAD,BLAR,0,0
P00191,1,person_00191,person_00191,EMS000191,,Megan,,Murray,,,1965-04-23,Female,,Not Hispanic or Latino,,+1-837-427-4220x91241,,Thompson-Klein Hospital,2024-12-20 07:15:35.622853,EHR000191,MRN100191,Megan,,Murray,,,1963-04-23,Female,White,Not Hispanic or Latino,"0041 Mark Summit, Washingtonland, CO 72384",+1-837-427-4220x91241,,2024-12-20 07:53:35.622853,0,1.0,1.0,0.7,month_day_match_year_differs,,M600,M600,MARY,MARY,1,1
P00385,0,person_00385a,person_00385b,EMS000385,MRN300135,Sarah,Sophia,Bennett,,,1932-10-22,Female,White,Unknown,"551 Sandra Mountains Suite 179, Jennifertown, TX 18056",355-798-5160x211,,"Mahoney, Mack and Dunlap Hospital",2025-10-21 11:39:03.412987,EHR000385,MRN200135,Wyatt,,Warner,,,2000-04-01,Male,White,Not Hispanic or Latino,"7868 Martinez Mountain Suite 008, Larryview, AK 67501",001-437-381-9190x7499,dturner@example.com,2026-02-11 13:51:50.195686,0,0.46666666666666656,0.5396825396825397,0.0,no_match,0.5046728971962617,B530,W656,BANAT,WARNAR,0,0
P00293,0,person_00293a,person_00293b,EMS000293,,Christopher,,Farmer,,,2013-03-08,Male,White,Hispanic or Latino,"800 Timothy Canyon, Port Jesse, FL 18546",555.266.0847x06810,,Whitaker-Craig Hospital,2026-03-08 03:58:07.130457,EHR000293,MRN200043,Mia,Lauren,Richardson,,,2016-01-10,Female,White,Hispanic or Latino,"80944 Dixon Estate, Port Cathy, MA 26161",246-814-7079x86321,,2026-02-18 14:13:01.880218,0,0.4747474747474747,0.48888888888888893,0.0,no_match,0.525,F656,R263,FARNAR,RACARDSAN,0,0
P00413,0,person_00413a,person_00413b,EMS000413,,Michael,,Shelton,,,1991-07-08,Male,Asian,Unknown,"46199 Daniel Ports Suite 676, Andersonchester, HI 33032",796-905-3026x18402,,"Harper, Hall and Rodriguez Hospital",2026-03-06 03:10:32.809967,EHR000413,MRN200163,Jennifer,Erin,Hess,,,1968-01-12,Female,White,Not Hispanic or Latino,"60502 Deborah Meadow Suite 098, North Micheleshire, AZ 78143",620-730-2520,haleysaunders@example.com,2025-10-19 09:33:54.232770,0,0.5119047619047619,0.6150793650793651,0.0,no_match,0.4869565217391304,S435,H200,SALTAN,H,0,0
P00343,0,person_00343a,person_00343b,EMS000343,,Madison,,Baker,,,1979-07-01,Female,Unknown,Not Hispanic or Latino,"838 Johns Lake, Brandonchester, KS 40543",,,"Jones, Brennan and Alexander Hospital",2026-03-28 16:15:11.666453,EHR000343,MRN200093,Pamela,Dana,Carter,,,1991-08-09,Female,White,Not Hispanic or Latino,"03886 Lori Mountains Suite 080, New Kristenbury, GU 05967",553-706-9358x824,nicolesmith@example.net,2026-02-21 22:55:42.168651,0,0.373015873015873,0.5888888888888889,0.0,no_match,0.3711340206185567,B260,C636,BACAR,CARTAR,0,0
P00257,0,person_00257a,person_00257b,EMS000257,,Brian,James,Washington,,,1945-07-27,Male,Unknown,,"304 Lisa Lane, Andersonview, VI 11631",,,Cook-Pacheco Hospital,2025-08-13 11:22:22.137104,EHR000257,MRN200007,Jeffery,Patrick,Turner,,Jeffery Stevens,1940-02-17,Male,White,Hispanic or Latino,"Unit 9764 Box 6136, DPO AP 37012",548.283.6076x5817,cwise@example.com,2024-11-17 18:15:55.049476,0,0.0,0.4222222222222223,0.0,no_match,0.34782608695652173,W252,T656,WASANGTAN,TARNAR,0,0
P00308,0,person_00308a,person_00308b,EMS000308,,Michael,Michael,Daniel,,,1959-05-28,Male,White,Not Hispanic or Latino,"052 Lee Circles Apt. 046, Port Tyler, TN 52600",,,"Roberts, Shea and Bryant Hospital",2025-07-28 12:14:32.901220,EHR000308,MRN200058,Andrew,Charles,Hunt,,,1977-09-20,Male,White,Not Hispanic or Latino,"260 Crystal Station, Laurenstad, MA 00859",878-533-2584,ucarrillo@example.org,2026-02-06 11:16:33.611145,0,0.4365079365079365,0.4722222222222221,0.0,no_match,0.4367816091954023,D540,H530,DANAL,HAD,0,0
P00149,1,person_00149,person_00149,EMS000149,,Johnny,,Arellano,,,1987-07-22,Male,White,Not Hispanic or Latino,"647 Nathaniel Street Apt. 429, East Luisberg, MI 21906",3455650448,,Serrano-Cohen Hospital,2025-10-01 08:20:13.246751,EHR000149,MRN100149,Johnny,,Arellano,,,1987-07-22,Male,White,Not Hispanic or Latino,"647 Nathaniel Street Apt. 429, East Luisberg, MI 21906",3455650448,kathygeorge@example.org,2025-10-01 08:47:13.246751,0,1.0,1.0,1.0,exact,1.0,A645,A645,ARALAN,ARALAN,1,1
P00130,1,person_00130,person_00130,EMS000130,,Liz,,Wood,,,1983-10-21,Female,,Not Hispanic or Latino,,+1-365-262-4220,,Miller Ltd Hospital,2026-08-12 09:01:39.071749,EHR000130,MRN100130,Elizabeth,,Wood,,,1982-10-21,Female,White,Unknown,"40369 Garrett Station Suite 666, Lake Glenn, DC 25172",+1-365-262-4220,jennifertucker@example.com,2026-08-12 09:28:39.071749,0,0.7777777777777777,1.0,0.7,month_day_match_year_differs,,W300,W300,WAD,WAD,1,1
P00151,1,person_00151,person_00151,EMS000151,,Natasha,Barbara,Anderson,,,1996-08-12,Female,White,Unknown,"32161 Andrew Orchard Suite 031, Port Donnashire, AR 61984",540-514-0119,,Rush-Bailey Hospital,2026-05-10 01:28:17.513184,EHR000151,MRN100151,Natasha,Barbara,Anderson,,,1996-08-12,Female,White,Hispanic or Latino,"32161 Andrew Orchard Suite 031, Port Donnashire, AR 61984",540-514-0119,ellenjohnson@example.org,2026-05-10 02:52:17.513184,0,1.0,1.0,1.0,exact,1.0,A536,A536,ANDARSAN,ANDARSAN,1,1
P00359,0,person_00359a,person_00359b,EMS000359,MRN300109,Sheri,Samantha,Walker,,,1972-11-27,Female,White,Not Hispanic or Latino,"5633 Smith Harbors Apt. 052, Randolphland, AK 48668",,,"Lewis, Young and Jackson Hospital",2026-04-26 11:07:50.928830,EHR000359,MRN200109,Tracy,,Schwartz,,,1942-05-21,Female,White,Not Hispanic or Latino,"PSC 6817, Box 2031, APO AE 50057",+1-555-728-6209x297,jenniferburch@example.com,2026-05-20 05:57:19.719161,0,0.0,0.625,0.0,no_match,0.3855421686746988,W426,S632,WALCAR,SWART,0,0
P00099,1,person_00099,person_00099,EMS000099,MRN100099,Ricy,,Smith,,,,Male,Two or More Races,Not Hispanic or Latino,"413 Obrien Mountains, Jacksonchester, PA 19206",2304299228,,"Hoover, White and Keller Hospital",2026-07-31 03:36:28.419044,EHR000099,MRN100099,Ricky,Stephen,Smith,,Ricky Macias,1972-06-14,Male,Unknown,Not Hispanic or Latino,"22259 Donna Mall Suite 177, Clarkburgh, SD 54358",2304299228,jacksonsandra@example.net,2026-07-31 03:50:28.419044,1,0.9533333333333333,1.0,,missing,0.3829787234042554,S530,S530,SNAT,SNAT,1,1
P00372,0,person_00372a,person_00372b,EMS000372,,Taylor,,Adkins,,,1981-11-21,Female,White,Not Hispanic or Latino,"10505 Joseph Pines Apt. 805, South Megan, RI 22903",,,Henderson Ltd Hospital,2025-08-25 07:25:08.641871,EHR000372,MRN200122,Robin,Jennifer,Burgess,,,1978-09-12,Female,,Not Hispanic or Latino,"67136 Sanford Coves Apt. 132, East Rachel, VT 80294",(318)983-5279,jeanette06@example.com,2024-11-07 13:14:08.766271,0,0.0,0.4365079365079365,0.0,no_match,0.4752475247524752,A325,B622,ADCAN,BARG,0,0
P00087,1,person_00087,person_00087,EMS000087,,Michael,,Barnes,,,2016-12-01,Male,Unknown,Not Hispanic or Latino,"374 Marshall Courts Apt. 045, Ronaldville, CT 99880",3873375300,,Smith and Sons Hospital,2024-10-23 23:56:33.329440,EHR000087,MRN100087,Michael,,Barnes,,,2016-01-12,Male,Black or African American,Unknown,"1173 Kimberly Village, West Jade, LA 21521",3873375300,fhernandez@example.net,2024-10-24 01:13:33.329440,0,1.0,1.0,0.85,month_day_transposed,0.34408602150537637,B652,B652,BARN,BARN,1,1
P00458,0,person_00458a,person_00458b,EMS000458,,Virginia,,Parsons,Sr.,,1966-07-03,Female,,Hispanic or Latino,"789 Paige Summit, Danaton, GA 78416",986-776-0304x09346,,"Jenkins, Perry and Smith Hospital",2025-06-08 16:17:46.500028,EHR000458,MRN200208,Rachel,Kimberly,Davis,,,1937-11-01,Female,White,Not Hispanic or Latino,"2105 John Harbors, Brownside, ME 21430",(401)238-8253,ginajones@example.net,2024-11-26 23:20:19.061907,0,0.4305555555555556,0.5619047619047619,0.0,no_match,0.3013698630136986,P625,D120,PARSAN,DAV,0,0
P00330,0,person_00330a,person_00330b,EMS000330,,Timothy,A.,Williams,,,1945-06-23,Male,Two or More Races,,"313 Dawn Views, Port Markmouth, CA 27809",4553708368,,Perry Group Hospital,2024-09-05 02:29:57.431343,EHR000330,MRN200080,Janet,Laurie,Carney,,,1977-04-09,Female,Black or African American,Not Hispanic or Latino,"7746 Julie Curve, Meghanburgh, PW 48844",431-283-2812x3123,claire06@example.net,2024-11-03 19:27:28.369378,0,0.4476190476190476,0.0,0.0,no_match,0.3544303797468354,W452,C650,WALAN,CARNY,0,0
P00214,1,person_00214,person_00214,EMS000214,,Joshuua,,Wiley,,,2018-10-22,Male,Unknown,Unknown,"Unit 5716 Box 1768, DPO AP 03368",,,Morales-Nelson Hospital,2025-10-15 01:41:19.022404,EHR000214,MRN100214,Joshua,David,Wiley,,Joshua Castaneda,2016-10-22,Male,White,Not Hispanic or Latino,"Unit 5716 Box 1768, DPO AP 03368",(894)924-0903,martinkaren@example.com,2025-10-15 03:03:19.022404,0,0.9714285714285714,1.0,0.7,month_day_match_year_differs,1.0,W400,W400,WALY,WALY,1,1
P00466,0,person_00466a,person_00466b,EMS000466,,Ryan,John,Murphy,,,1942-07-01,Male,White,Hispanic or Latino,"09954 Andrea Motorway, West Valerie, WA 96147",+1-966-286-6798x994,,Mitchell and Sons Hospital,2026-06-08 23:30:30.633670,EHR000466,MRN200216,Sarah,Maria,Brennan,,,2012-12-24,Female,White,Unknown,"49711 Tabitha Forge, Lauramouth, CT 44635",(375)866-5051x8860,qbates@example.net,2026-01-11 03:51:00.847112,0,0.4833333333333334,0.4365079365079365,0.0,no_match,0.37209302325581395,M610,B655,MARFY,BRANAN,0,0
P00121,1,person_00121,person_00121,EMS000121,,Jasmine,,Estes,,,1948-09-11,Female,White,Not Hispanic or Latino,"8602 Cunningham Shoals, East Misty, HI 93830",,,Barnes LLC Hospital,2026-01-28 19:54:40.859115,EHR000121,MRN100121,Jasmine,Pamela,Estes,,,1948-09-11,Female,White,Unknown,"7264 Hannah Divide Suite 718, East Kimberlyside, DC 52021",(357)302-7937x14521,fwalters@example.net,2026-01-28 21:04:40.859115,0,1.0,1.0,1.0,exact,0.39603960396039606,E232,E232,EST,EST,1,1
P00499,0,person_00499a,person_00499b,EMS000499,,Diana,C.,Jones,,,2020-04-30,Female,White,Not Hispanic or Latino,"Unit 8140 Box 5132, DPO AA 83886",779-804-4708,,"Roberts, Lopez and Mccoy Hospital",2025-06-13 09:21:14.511209,EHR000499,MRN200249,Renee,Stephanie,Chavez,,,1958-10-09,Female,White,Not Hispanic or Latino,"310 Dan Valleys Suite 645, Martinezberg, NH 43508",+1-979-240-7403x37449,johnrodriguez@example.org,2026-08-08 12:01:52.753598,0,0.46666666666666656,0.4555555555555555,0.0,no_match,0.3950617283950617,J520,C120,JAN,CAV,0,0
P00020,1,person_00020,person_00020,EMS000020,MRN100020,Samantha,,Johnston,,,2005-02-27,Female,Black or African American,Unknown,"8247 Martinez Roads, Lake Eric, OH 02293",(980)871-5451x6808,,"Russell, Walker and Skinner Hospital",2025-11-30 00:35:57.135924,EHR000020,MRN100020,Samantha,,Johnston,,,2003-02-27,Female,Black or African American,Not Hispanic or Latino,"2967 Theodore Lodge Suite 512, Robertfort, LA 87347",(980)871-5451x6808,lopezmichael@example.com,2025-11-30 01:55:57.135924,1,1.0,1.0,0.7,month_day_match_year_differs,0.41758241758241754,J523,J523,JANSTAN,JANSTAN,1,1
P00188,1,person_00188,person_00188,EMS000188,,Sandra,,Morgan,,,1970-06-24,Female,Unknown,,"845 Ashley Bypass Apt. 259, Bairdborough, MO 08851",+1-363-471-5974,,Lopez Inc Hospital,2025-11-13 22:07:11.395344,EHR000188,MRN100188,Sandra,,Morgan,,,1970-06-24,Female,White,Hispanic or Latino,"845 Ashley Bypass Apt. 259, Bairdborough, MO 08851",+1-363-471-5974,leonardgregory@example.net,2025-11-13 22:24:11.395344,0,1.0,1.0,1.0,exact,1.0,M625,M625,MARGAN,MARGAN,1,1
P00071,1,person_00071,person_00071,EMS000071,,Michael,,Davis,,,2018-03-08,Male,White,Not Hispanic or Latino,"PSC 8657, Box 1918, APO AE 84022",(719)990-6234x4565,,Martin Group Hospital,2024-11-17 18:41:33.889649,EHR000071,MRN100071,Michael,,Davis,,,2018-03-08,Male,White,Not Hispanic or Latino,"PSC 8657, Box 1918, APO AE 84022",(719)990-6234x4565,,2024-11-17 19:50:33.889649,0,1.0,1.0,1.0,exact,1.0,D120,D120,DAV,DAV,1,1
P00106,1,person_00106,person_00106,EMS000106,,JJim,,Martinez,,,1979-11-22,Male,White,Not Hispanic or Latino,"3227 Gregory Parks Apt. 885, Evansside, PR 74928",+1-955-427-6365x564,,Ross Ltd Hospital,2026-02-07 17:13:26.314952,EHR000106,MRN100106,Jim,,Martinez,,,1979-11-22,Male,White,Not Hispanic or Latino,"36915 Salazar Green, New Jose, KY 62281",+1-955-427-6365x564,,2026-02-07 17:53:26.314952,0,0.9249999999999999,1.0,1.0,exact,0.3448275862068966,M635,M635,MARTAN,MARTAN,1,1
P00270,0,person_00270a,person_00270b,EMS000270,,Joy,,Smith,,,2002-05-06,Female,Black or African American,Unknown,,+1-871-627-0587x7221,,Calderon-Stewart Hospital,2024-12-14 02:04:04.141196,EHR000270,MRN200020,Melissa,Samantha,Lee,,,1940-12-27,Female,White,Not Hispanic or Latino,"458 Garcia Hills Apt. 925, East Katie, WY 23016",(592)658-7964,tmichael@example.com,2025-04-30 22:53:25.496366,0,0.0,0.0,0.0,no_match,,S530,L000,SNAT,LY,0,0
P00348,0,person_00348a,person_00348b,EMS000348,,Diana,S.,Braun,,,1978-06-16,Female,White,Unknown,"PSC 9540, Box 0178, APO AP 68227",,,Scott-Haynes Hospital,2025-04-16 11:33:17.430177,EHR000348,MRN200098,Tommy,,May,Jr.,,2002-03-15,Male,Unknown,Not Hispanic or Latino,"509 Megan Valley, Port Dianemouth, HI 56521",205-237-0923,bjones@example.net,2024-09-09 22:02:57.419569,0,0.0,0.5111111111111111,0.0,no_match,0.31999999999999995,B650,M000,BRAN,MY,0,0
P00435,0,person_00435a,person_00435b,EMS000435,,Brenda,Heidi,Tucker,,,2007-06-28,Female,Asian,Unknown,"USCGC Silva, FPO AP 92878",+1-548-285-6694x899,,"Mccall, Rodriguez and Walker Hospital",2025-12-27 17:32:11.833075,EHR000435,MRN200185,Mercedes,Gina,Hayes,,,2019-11-16,Female,White,Not Hispanic or Latino,"PSC 3558, Box 4227, APO AP 95450",272-666-2565,,2024-10-29 19:24:15.201646,0,0.5138888888888888,0.4555555555555555,0.0,no_match,0.42105263157894735,T260,H200,TACAR,HAY,0,0
P00102,1,person_00102,person_00102,EMS000102,,Karen,,Hinton,,,,Female,Unknown,Unknown,"77038 Lee Tunnel, New Gavin, AZ 47652",+1-702-360-1279x61143,,Pena and Sons Hospital,2025-11-21 15:59:00.118663,EHR000102,MRN100102,Karen,,Hinton,,Karen Lane,2004-03-17,Female,White,Unknown,"137 Craig Pass, Hartmanside, RI 91865",+1-702-360-1279x61143,ramseysarah@example.com,2025-11-21 16:28:00.118663,0,1.0,1.0,,missing,0.29729729729729726,H535,H535,HANTAN,HANTAN,1,1
